 KPT            1  SPIN            1  KWEIGHT    3.3222591362126247E-003
     1    -19.1912  0.00000
     2    -18.4112  0.00000
     3    -10.4368  0.00000
     4     -7.9637  0.00000
     5     -7.9637  0.00000
     6     -6.9729  0.00000
     7     -6.9729  0.00000
     8     -6.9718  0.00000
     9     -5.7063  0.00000
    10     -3.0255  0.00000
    11     -3.0255  0.00000
    12     -2.8670  0.00000
    13     -2.8670  0.00000
    14      0.7457  0.00000
    15      0.7457  0.00000
    16      0.9783  0.00000
    17      2.1342  0.00000
    18      2.3150  0.00000
    19      2.3150  0.00000
    20      5.6177  0.00000
    21      5.6177  0.00000
    22      7.2545  0.00000
    23      7.2545  0.00000
    24     10.3467  0.00000
    25     11.0946  0.00000
    26     11.0946  0.00000
    27     18.3121  0.00000

 KPT            2  SPIN            1  KWEIGHT    3.3222591362126247E-003
     1    -19.1909  0.00000
     2    -18.4110  0.00000
     3    -10.4365  0.00000
     4     -7.9645  0.00000
     5     -7.9634  0.00000
     6     -6.9980  0.00000
     7     -6.9735  0.00000
     8     -6.9475  0.00000
     9     -5.7066  0.00000
    10     -3.0261  0.00000
    11     -3.0260  0.00000
    12     -2.8669  0.00000
    13     -2.8663  0.00000
    14      0.7453  0.00000
    15      0.7465  0.00000
    16      0.9791  0.00000
    17      2.1350  0.00000
    18      2.3142  0.00000
    19      2.3149  0.00000
    20      5.6166  0.00000
    21      5.6170  0.00000
    22      7.2536  0.00000
    23      7.2550  0.00000
    24     10.3472  0.00000
    25     11.0952  0.00000
    26     11.0969  0.00000
    27     18.3122  0.00000

 KPT            3  SPIN            1  KWEIGHT    3.3222591362126247E-003
     1    -19.1900  0.00000
     2    -18.4103  0.00000
     3    -10.4354  0.00000
     4     -7.9666  0.00000
     5     -7.9624  0.00000
     6     -7.0245  0.00000
     7     -6.9754  0.00000
     8     -6.9236  0.00000
     9     -5.7075  0.00000
    10     -3.0279  0.00000
    11     -3.0274  0.00000
    12     -2.8666  0.00000
    13     -2.8641  0.00000
    14      0.7444  0.00000
    15      0.7491  0.00000
    16      0.9815  0.00000
    17      2.1375  0.00000
    18      2.3120  0.00000
    19      2.3147  0.00000
    20      5.6132  0.00000
    21      5.6150  0.00000
    22      7.2508  0.00000
    23      7.2568  0.00000
    24     10.3486  0.00000
    25     11.0972  0.00000
    26     11.1037  0.00000
    27     18.3125  0.00000

 KPT            4  SPIN            1  KWEIGHT    3.3222591362126247E-003
     1    -19.1885  0.00000
     2    -18.4093  0.00000
     3    -10.4337  0.00000
     4     -7.9702  0.00000
     5     -7.9608  0.00000
     6     -7.0518  0.00000
     7     -6.9785  0.00000
     8     -6.9007  0.00000
     9     -5.7090  0.00000
    10     -3.0310  0.00000
    11     -3.0298  0.00000
    12     -2.8662  0.00000
    13     -2.8606  0.00000
    14      0.7428  0.00000
    15      0.7533  0.00000
    16      0.9856  0.00000
    17      2.1417  0.00000
    18      2.3083  0.00000
    19      2.3144  0.00000
    20      5.6075  0.00000
    21      5.6116  0.00000
    22      7.2463  0.00000
    23      7.2597  0.00000
    24     10.3510  0.00000
    25     11.1003  0.00000
    26     11.1150  0.00000
    27     18.3129  0.00000

 KPT            5  SPIN            1  KWEIGHT    3.3222591362126247E-003
     1    -19.1864  0.00000
     2    -18.4079  0.00000
     3    -10.4313  0.00000
     4     -7.9753  0.00000
     5     -7.9584  0.00000
     6     -7.0799  0.00000
     7     -6.9828  0.00000
     8     -6.8787  0.00000
     9     -5.7111  0.00000
    10     -3.0352  0.00000
    11     -3.0331  0.00000
    12     -2.8655  0.00000
    13     -2.8557  0.00000
    14      0.7406  0.00000
    15      0.7593  0.00000
    16      0.9912  0.00000
    17      2.1475  0.00000
    18      2.3031  0.00000
    19      2.3140  0.00000
    20      5.5996  0.00000
    21      5.6068  0.00000
    22      7.2400  0.00000
    23      7.2638  0.00000
    24     10.3544  0.00000
    25     11.1048  0.00000
    26     11.1308  0.00000
    27     18.3134  0.00000

 KPT            6  SPIN            1  KWEIGHT    3.3222591362126247E-003
     1    -19.1837  0.00000
     2    -18.4061  0.00000
     3    -10.4282  0.00000
     4     -7.9818  0.00000
     5     -7.9554  0.00000
     6     -7.1087  0.00000
     7     -6.9883  0.00000
     8     -6.8577  0.00000
     9     -5.7139  0.00000
    10     -3.0406  0.00000
    11     -3.0374  0.00000
    12     -2.8646  0.00000
    13     -2.8494  0.00000
    14      0.7378  0.00000
    15      0.7669  0.00000
    16      0.9984  0.00000
    17      2.1550  0.00000
    18      2.2964  0.00000
    19      2.3135  0.00000
    20      5.5894  0.00000
    21      5.6007  0.00000
    22      7.2319  0.00000
    23      7.2691  0.00000
    24     10.3587  0.00000
    25     11.1105  0.00000
    26     11.1509  0.00000
    27     18.3141  0.00000

 KPT            7  SPIN            1  KWEIGHT    3.3222591362126247E-003
     1    -19.1804  0.00000
     2    -18.4039  0.00000
     3    -10.4244  0.00000
     4     -7.9896  0.00000
     5     -7.9518  0.00000
     6     -7.1382  0.00000
     7     -6.9950  0.00000
     8     -6.8378  0.00000
     9     -5.7172  0.00000
    10     -3.0472  0.00000
    11     -3.0425  0.00000
    12     -2.8634  0.00000
    13     -2.8417  0.00000
    14      0.7345  0.00000
    15      0.7762  0.00000
    16      1.0071  0.00000
    17      2.1640  0.00000
    18      2.2884  0.00000
    19      2.3129  0.00000
    20      5.5770  0.00000
    21      5.5933  0.00000
    22      7.2221  0.00000
    23      7.2755  0.00000
    24     10.3641  0.00000
    25     11.1174  0.00000
    26     11.1754  0.00000
    27     18.3150  0.00000

 KPT            8  SPIN            1  KWEIGHT    3.3222591362126247E-003
     1    -19.1765  0.00000
     2    -18.4013  0.00000
     3    -10.4199  0.00000
     4     -7.9989  0.00000
     5     -7.9475  0.00000
     6     -7.1684  0.00000
     7     -7.0029  0.00000
     8     -6.8190  0.00000
     9     -5.7212  0.00000
    10     -3.0549  0.00000
    11     -3.0486  0.00000
    12     -2.8620  0.00000
    13     -2.8327  0.00000
    14      0.7305  0.00000
    15      0.7872  0.00000
    16      1.0173  0.00000
    17      2.1745  0.00000
    18      2.2788  0.00000
    19      2.3122  0.00000
    20      5.5624  0.00000
    21      5.5845  0.00000
    22      7.2104  0.00000
    23      7.2830  0.00000
    24     10.3706  0.00000
    25     11.1256  0.00000
    26     11.2041  0.00000
    27     18.3159  0.00000

 KPT            9  SPIN            1  KWEIGHT    3.3222591362126247E-003
     1    -19.1720  0.00000
     2    -18.3983  0.00000
     3    -10.4148  0.00000
     4     -8.0096  0.00000
     5     -7.9426  0.00000
     6     -7.1993  0.00000
     7     -7.0119  0.00000
     8     -6.8013  0.00000
     9     -5.7259  0.00000
    10     -3.0636  0.00000
    11     -3.0555  0.00000
    12     -2.8603  0.00000
    13     -2.8224  0.00000
    14      0.7260  0.00000
    15      0.7997  0.00000
    16      1.0290  0.00000
    17      2.1864  0.00000
    18      2.2679  0.00000
    19      2.3115  0.00000
    20      5.5457  0.00000
    21      5.5744  0.00000
    22      7.1971  0.00000
    23      7.2916  0.00000
    24     10.3782  0.00000
    25     11.1349  0.00000
    26     11.2368  0.00000
    27     18.3170  0.00000

 KPT           10  SPIN            1  KWEIGHT    3.3222591362126247E-003
     1    -19.1669  0.00000
     2    -18.3948  0.00000
     3    -10.4090  0.00000
     4     -8.0216  0.00000
     5     -7.9370  0.00000
     6     -7.2307  0.00000
     7     -7.0221  0.00000
     8     -6.7847  0.00000
     9     -5.7311  0.00000
    10     -3.0734  0.00000
    11     -3.0632  0.00000
    12     -2.8582  0.00000
    13     -2.8109  0.00000
    14      0.7210  0.00000
    15      0.8139  0.00000
    16      1.0422  0.00000
    17      2.1997  0.00000
    18      2.2556  0.00000
    19      2.3107  0.00000
    20      5.5267  0.00000
    21      5.5629  0.00000
    22      7.1821  0.00000
    23      7.3013  0.00000
    24     10.3868  0.00000
    25     11.1455  0.00000
    26     11.2736  0.00000
    27     18.3181  0.00000

 KPT           11  SPIN            1  KWEIGHT    3.3222591362126247E-003
     1    -19.1613  0.00000
     2    -18.3910  0.00000
     3    -10.4026  0.00000
     4     -8.0349  0.00000
     5     -7.9307  0.00000
     6     -7.2628  0.00000
     7     -7.0333  0.00000
     8     -6.7693  0.00000
     9     -5.7370  0.00000
    10     -3.0842  0.00000
    11     -3.0718  0.00000
    12     -2.8558  0.00000
    13     -2.7981  0.00000
    14      0.7155  0.00000
    15      0.8296  0.00000
    16      1.0566  0.00000
    17      2.2144  0.00000
    18      2.2420  0.00000
    19      2.3099  0.00000
    20      5.5057  0.00000
    21      5.5502  0.00000
    22      7.1653  0.00000
    23      7.3120  0.00000
    24     10.3966  0.00000
    25     11.1572  0.00000
    26     11.3142  0.00000
    27     18.3193  0.00000

 KPT           12  SPIN            1  KWEIGHT    3.3222591362126247E-003
     1    -19.1550  0.00000
     2    -18.3868  0.00000
     3    -10.3955  0.00000
     4     -8.0496  0.00000
     5     -7.9238  0.00000
     6     -7.2954  0.00000
     7     -7.0456  0.00000
     8     -6.7551  0.00000
     9     -5.7436  0.00000
    10     -3.0959  0.00000
    11     -3.0812  0.00000
    12     -2.8529  0.00000
    13     -2.7842  0.00000
    14      0.7095  0.00000
    15      0.8469  0.00000
    16      1.0724  0.00000
    17      2.2271  0.00000
    18      2.2302  0.00000
    19      2.3091  0.00000
    20      5.4825  0.00000
    21      5.5362  0.00000
    22      7.1470  0.00000
    23      7.3238  0.00000
    24     10.4076  0.00000
    25     11.1701  0.00000
    26     11.3585  0.00000
    27     18.3205  0.00000

 KPT           13  SPIN            1  KWEIGHT    3.3222591362126247E-003
     1    -19.1482  0.00000
     2    -18.3822  0.00000
     3    -10.3878  0.00000
     4     -8.0655  0.00000
     5     -7.9163  0.00000
     6     -7.3285  0.00000
     7     -7.0589  0.00000
     8     -6.7422  0.00000
     9     -5.7509  0.00000
    10     -3.1085  0.00000
    11     -3.0913  0.00000
    12     -2.8495  0.00000
    13     -2.7692  0.00000
    14      0.7030  0.00000
    15      0.8656  0.00000
    16      1.0894  0.00000
    17      2.2110  0.00000
    18      2.2472  0.00000
    19      2.3084  0.00000
    20      5.4573  0.00000
    21      5.5209  0.00000
    22      7.1270  0.00000
    23      7.3366  0.00000
    24     10.4197  0.00000
    25     11.1841  0.00000
    26     11.4065  0.00000
    27     18.3217  0.00000

 KPT           14  SPIN            1  KWEIGHT    3.3222591362126247E-003
     1    -19.1407  0.00000
     2    -18.3772  0.00000
     3    -10.3794  0.00000
     4     -8.0826  0.00000
     5     -7.9082  0.00000
     6     -7.3622  0.00000
     7     -7.0731  0.00000
     8     -6.7305  0.00000
     9     -5.7588  0.00000
    10     -3.1218  0.00000
    11     -3.1021  0.00000
    12     -2.8456  0.00000
    13     -2.7530  0.00000
    14      0.6961  0.00000
    15      0.8858  0.00000
    16      1.1075  0.00000
    17      2.1937  0.00000
    18      2.2652  0.00000
    19      2.3077  0.00000
    20      5.4301  0.00000
    21      5.5044  0.00000
    22      7.1054  0.00000
    23      7.3504  0.00000
    24     10.4331  0.00000
    25     11.1992  0.00000
    26     11.4578  0.00000
    27     18.3230  0.00000

 KPT           15  SPIN            1  KWEIGHT    3.3222591362126247E-003
     1    -19.1327  0.00000
     2    -18.3718  0.00000
     3    -10.3705  0.00000
     4     -8.1010  0.00000
     5     -7.8994  0.00000
     6     -7.3964  0.00000
     7     -7.0884  0.00000
     8     -6.7201  0.00000
     9     -5.7674  0.00000
    10     -3.1360  0.00000
    11     -3.1136  0.00000
    12     -2.8412  0.00000
    13     -2.7359  0.00000
    14      0.6888  0.00000
    15      0.9074  0.00000
    16      1.1267  0.00000
    17      2.1752  0.00000
    18      2.2841  0.00000
    19      2.3071  0.00000
    20      5.4009  0.00000
    21      5.4866  0.00000
    22      7.0823  0.00000
    23      7.3652  0.00000
    24     10.4476  0.00000
    25     11.2154  0.00000
    26     11.5125  0.00000
    27     18.3241  0.00000

 KPT           16  SPIN            1  KWEIGHT    3.3222591362126247E-003
     1    -19.1242  0.00000
     2    -18.3661  0.00000
     3    -10.3609  0.00000
     4     -8.1205  0.00000
     5     -7.8900  0.00000
     6     -7.4310  0.00000
     7     -7.1045  0.00000
     8     -6.7109  0.00000
     9     -5.7767  0.00000
    10     -3.1508  0.00000
    11     -3.1258  0.00000
    12     -2.8362  0.00000
    13     -2.7177  0.00000
    14      0.6811  0.00000
    15      0.9304  0.00000
    16      1.1469  0.00000
    17      2.1557  0.00000
    18      2.3040  0.00000
    19      2.3067  0.00000
    20      5.3698  0.00000
    21      5.4676  0.00000
    22      7.0576  0.00000
    23      7.3808  0.00000
    24     10.4634  0.00000
    25     11.2325  0.00000
    26     11.5704  0.00000
    27     18.3252  0.00000

 KPT           17  SPIN            1  KWEIGHT    3.3222591362126247E-003
     1    -19.1150  0.00000
     2    -18.3599  0.00000
     3    -10.3508  0.00000
     4     -8.1412  0.00000
     5     -7.8800  0.00000
     6     -7.4661  0.00000
     7     -7.1214  0.00000
     8     -6.7031  0.00000
     9     -5.7867  0.00000
    10     -3.1662  0.00000
    11     -3.1385  0.00000
    12     -2.8305  0.00000
    13     -2.6987  0.00000
    14      0.6730  0.00000
    15      0.9547  0.00000
    16      1.1679  0.00000
    17      2.1353  0.00000
    18      2.3064  0.00000
    19      2.3245  0.00000
    20      5.3367  0.00000
    21      5.4474  0.00000
    22      7.0316  0.00000
    23      7.3974  0.00000
    24     10.4803  0.00000
    25     11.2507  0.00000
    26     11.6313  0.00000
    27     18.3262  0.00000

 KPT           18  SPIN            1  KWEIGHT    3.3222591362126247E-003
     1    -19.1053  0.00000
     2    -18.3534  0.00000
     3    -10.3401  0.00000
     4     -8.1630  0.00000
     5     -7.8694  0.00000
     6     -7.5016  0.00000
     7     -7.1392  0.00000
     8     -6.6966  0.00000
     9     -5.7975  0.00000
    10     -3.1821  0.00000
    11     -3.1518  0.00000
    12     -2.8241  0.00000
    13     -2.6788  0.00000
    14      0.6645  0.00000
    15      0.9803  0.00000
    16      1.1896  0.00000
    17      2.1140  0.00000
    18      2.3063  0.00000
    19      2.3457  0.00000
    20      5.3019  0.00000
    21      5.4260  0.00000
    22      7.0041  0.00000
    23      7.4148  0.00000
    24     10.4985  0.00000
    25     11.2699  0.00000
    26     11.6950  0.00000
    27     18.3271  0.00000

 KPT           19  SPIN            1  KWEIGHT    3.3222591362126247E-003
     1    -19.0950  0.00000
     2    -18.3464  0.00000
     3    -10.3288  0.00000
     4     -8.1858  0.00000
     5     -7.8582  0.00000
     6     -7.5375  0.00000
     7     -7.1578  0.00000
     8     -6.6914  0.00000
     9     -5.8089  0.00000
    10     -3.1985  0.00000
    11     -3.1657  0.00000
    12     -2.8171  0.00000
    13     -2.6581  0.00000
    14      0.6557  0.00000
    15      1.0071  0.00000
    16      1.2119  0.00000
    17      2.0919  0.00000
    18      2.3065  0.00000
    19      2.3674  0.00000
    20      5.2652  0.00000
    21      5.4035  0.00000
    22      6.9752  0.00000
    23      7.4330  0.00000
    24     10.5178  0.00000
    25     11.2899  0.00000
    26     11.7615  0.00000
    27     18.3278  0.00000

 KPT           20  SPIN            1  KWEIGHT    3.3222591362126247E-003
     1    -19.0842  0.00000
     2    -18.3391  0.00000
     3    -10.3170  0.00000
     4     -8.2096  0.00000
     5     -7.8464  0.00000
     6     -7.5739  0.00000
     7     -7.1770  0.00000
     8     -6.6875  0.00000
     9     -5.8211  0.00000
    10     -3.2153  0.00000
    11     -3.1800  0.00000
    12     -2.8092  0.00000
    13     -2.6367  0.00000
    14      0.6466  0.00000
    15      1.0351  0.00000
    16      1.2346  0.00000
    17      2.0693  0.00000
    18      2.3069  0.00000
    19      2.3896  0.00000
    20      5.2269  0.00000
    21      5.3799  0.00000
    22      6.9450  0.00000
    23      7.4519  0.00000
    24     10.5384  0.00000
    25     11.3109  0.00000
    26     11.8305  0.00000
    27     18.3283  0.00000

 KPT           21  SPIN            1  KWEIGHT    3.3222591362126247E-003
     1    -19.0728  0.00000
     2    -18.3315  0.00000
     3    -10.3048  0.00000
     4     -8.2344  0.00000
     5     -7.8341  0.00000
     6     -7.6106  0.00000
     7     -7.1970  0.00000
     8     -6.6850  0.00000
     9     -5.8341  0.00000
    10     -3.2323  0.00000
    11     -3.1947  0.00000
    12     -2.8006  0.00000
    13     -2.6146  0.00000
    14      0.6371  0.00000
    15      1.0643  0.00000
    16      1.2575  0.00000
    17      2.0464  0.00000
    18      2.3077  0.00000
    19      2.4121  0.00000
    20      5.1868  0.00000
    21      5.3551  0.00000
    22      6.9135  0.00000
    23      7.4716  0.00000
    24     10.5602  0.00000
    25     11.3327  0.00000
    26     11.9020  0.00000
    27     18.3285  0.00000

 KPT           22  SPIN            1  KWEIGHT    3.3222591362126247E-003
     1    -19.0609  0.00000
     2    -18.3235  0.00000
     3    -10.2920  0.00000
     4     -8.2602  0.00000
     5     -7.8211  0.00000
     6     -7.6477  0.00000
     7     -7.2176  0.00000
     8     -6.6837  0.00000
     9     -5.8478  0.00000
    10     -3.2496  0.00000
    11     -3.2098  0.00000
    12     -2.7912  0.00000
    13     -2.5919  0.00000
    14      0.6274  0.00000
    15      1.0945  0.00000
    16      1.2803  0.00000
    17      2.0233  0.00000
    18      2.3088  0.00000
    19      2.4347  0.00000
    20      5.1452  0.00000
    21      5.3294  0.00000
    22      6.8808  0.00000
    23      7.4920  0.00000
    24     10.5832  0.00000
    25     11.3553  0.00000
    26     11.9758  0.00000
    27     18.3285  0.00000

 KPT           23  SPIN            1  KWEIGHT    3.3222591362126247E-003
     1    -19.0484  0.00000
     2    -18.3151  0.00000
     3    -10.2788  0.00000
     4     -8.2868  0.00000
     5     -7.8077  0.00000
     6     -7.6851  0.00000
     7     -7.2387  0.00000
     8     -6.6838  0.00000
     9     -5.8622  0.00000
    10     -3.2670  0.00000
    11     -3.2253  0.00000
    12     -2.7809  0.00000
    13     -2.5686  0.00000
    14      0.6174  0.00000
    15      1.1257  0.00000
    16      1.3027  0.00000
    17      2.0003  0.00000
    18      2.3102  0.00000
    19      2.4575  0.00000
    20      5.1019  0.00000
    21      5.3026  0.00000
    22      6.8469  0.00000
    23      7.5130  0.00000
    24     10.6073  0.00000
    25     11.3787  0.00000
    26     12.0517  0.00000
    27     18.3282  0.00000

 KPT           24  SPIN            1  KWEIGHT    3.3222591362126247E-003
     1    -19.0354  0.00000
     2    -18.3063  0.00000
     3    -10.2652  0.00000
     4     -8.3142  0.00000
     5     -7.7936  0.00000
     6     -7.7229  0.00000
     7     -7.2605  0.00000
     8     -6.6851  0.00000
     9     -5.8773  0.00000
    10     -3.2845  0.00000
    11     -3.2411  0.00000
    12     -2.7698  0.00000
    13     -2.5449  0.00000
    14      0.6070  0.00000
    15      1.1580  0.00000
    16      1.3243  0.00000
    17      1.9779  0.00000
    18      2.3122  0.00000
    19      2.4803  0.00000
    20      5.0573  0.00000
    21      5.2747  0.00000
    22      6.8120  0.00000
    23      7.5346  0.00000
    24     10.6327  0.00000
    25     11.4028  0.00000
    26     12.1295  0.00000
    27     18.3275  0.00000

 KPT           25  SPIN            1  KWEIGHT    3.3222591362126247E-003
     1    -19.0218  0.00000
     2    -18.2972  0.00000
     3    -10.2512  0.00000
     4     -8.3424  0.00000
     5     -7.7791  0.00000
     6     -7.7611  0.00000
     7     -7.2827  0.00000
     8     -6.6877  0.00000
     9     -5.8933  0.00000
    10     -3.3020  0.00000
    11     -3.2572  0.00000
    12     -2.7578  0.00000
    13     -2.5208  0.00000
    14      0.5964  0.00000
    15      1.1912  0.00000
    16      1.3447  0.00000
    17      1.9565  0.00000
    18      2.3146  0.00000
    19      2.5029  0.00000
    20      5.0112  0.00000
    21      5.2460  0.00000
    22      6.7759  0.00000
    23      7.5568  0.00000
    24     10.6592  0.00000
    25     11.4276  0.00000
    26     12.2092  0.00000
    27     18.3265  0.00000

 KPT           26  SPIN            1  KWEIGHT    3.3222591362126247E-003
     1    -19.0078  0.00000
     2    -18.2877  0.00000
     3    -10.2368  0.00000
     4     -8.3714  0.00000
     5     -7.7995  0.00000
     6     -7.7640  0.00000
     7     -7.3054  0.00000
     8     -6.6915  0.00000
     9     -5.9099  0.00000
    10     -3.3193  0.00000
    11     -3.2734  0.00000
    12     -2.7450  0.00000
    13     -2.4963  0.00000
    14      0.5855  0.00000
    15      1.2252  0.00000
    16      1.3632  0.00000
    17      1.9366  0.00000
    18      2.3175  0.00000
    19      2.5252  0.00000
    20      4.9637  0.00000
    21      5.2163  0.00000
    22      6.7389  0.00000
    23      7.5795  0.00000
    24     10.6868  0.00000
    25     11.4530  0.00000
    26     12.2906  0.00000
    27     18.3250  0.00000

 KPT           27  SPIN            1  KWEIGHT    3.3222591362126247E-003
     1    -18.9932  0.00000
     2    -18.2779  0.00000
     3    -10.2221  0.00000
     4     -8.4010  0.00000
     5     -7.8383  0.00000
     6     -7.7485  0.00000
     7     -7.3285  0.00000
     8     -6.6965  0.00000
     9     -5.9273  0.00000
    10     -3.3365  0.00000
    11     -3.2899  0.00000
    12     -2.7313  0.00000
    13     -2.4715  0.00000
    14      0.5744  0.00000
    15      1.2600  0.00000
    16      1.3791  0.00000
    17      1.9191  0.00000
    18      2.3209  0.00000
    19      2.5472  0.00000
    20      4.9150  0.00000
    21      5.1857  0.00000
    22      6.7009  0.00000
    23      7.6027  0.00000
    24     10.7156  0.00000
    25     11.4790  0.00000
    26     12.3736  0.00000
    27     18.3231  0.00000

 KPT           28  SPIN            1  KWEIGHT    3.3222591362126247E-003
     1    -18.9781  0.00000
     2    -18.2678  0.00000
     3    -10.2071  0.00000
     4     -8.4312  0.00000
     5     -7.8773  0.00000
     6     -7.7324  0.00000
     7     -7.3520  0.00000
     8     -6.7027  0.00000
     9     -5.9454  0.00000
    10     -3.3534  0.00000
    11     -3.3065  0.00000
    12     -2.7167  0.00000
    13     -2.4464  0.00000
    14      0.5630  0.00000
    15      1.2956  0.00000
    16      1.3915  0.00000
    17      1.9048  0.00000
    18      2.3250  0.00000
    19      2.5688  0.00000
    20      4.8651  0.00000
    21      5.1543  0.00000
    22      6.6621  0.00000
    23      7.6263  0.00000
    24     10.7455  0.00000
    25     11.5056  0.00000
    26     12.4579  0.00000
    27     18.3208  0.00000

 KPT           29  SPIN            1  KWEIGHT    3.3222591362126247E-003
     1    -18.9625  0.00000
     2    -18.2573  0.00000
     3    -10.1918  0.00000
     4     -8.4620  0.00000
     5     -7.9166  0.00000
     6     -7.7159  0.00000
     7     -7.3759  0.00000
     8     -6.7100  0.00000
     9     -5.9642  0.00000
    10     -3.3701  0.00000
    11     -3.3231  0.00000
    12     -2.7012  0.00000
    13     -2.4212  0.00000
    14      0.5513  0.00000
    15      1.3319  0.00000
    16      1.3995  0.00000
    17      1.8945  0.00000
    18      2.3296  0.00000
    19      2.5897  0.00000
    20      4.8141  0.00000
    21      5.1221  0.00000
    22      6.6224  0.00000
    23      7.6503  0.00000
    24     10.7766  0.00000
    25     11.5326  0.00000
    26     12.5436  0.00000
    27     18.3179  0.00000

 KPT           30  SPIN            1  KWEIGHT    3.3222591362126247E-003
     1    -18.9464  0.00000
     2    -18.2465  0.00000
     3    -10.1764  0.00000
     4     -8.4933  0.00000
     5     -7.9563  0.00000
     6     -7.6989  0.00000
     7     -7.4000  0.00000
     8     -6.7184  0.00000
     9     -5.9837  0.00000
    10     -3.3863  0.00000
    11     -3.3399  0.00000
    12     -2.6848  0.00000
    13     -2.3959  0.00000
    14      0.5394  0.00000
    15      1.3688  0.00000
    16      1.4024  0.00000
    17      1.8891  0.00000
    18      2.3350  0.00000
    19      2.6098  0.00000
    20      4.7621  0.00000
    21      5.0892  0.00000
    22      6.5820  0.00000
    23      7.6746  0.00000
    24     10.8087  0.00000
    25     11.5602  0.00000
    26     12.6304  0.00000
    27     18.3145  0.00000

 KPT           31  SPIN            1  KWEIGHT    3.3222591362126247E-003
     1    -18.9298  0.00000
     2    -18.2353  0.00000
     3    -10.1608  0.00000
     4     -8.5250  0.00000
     5     -7.9961  0.00000
     6     -7.6814  0.00000
     7     -7.4245  0.00000
     8     -6.7278  0.00000
     9     -6.0038  0.00000
    10     -3.4021  0.00000
    11     -3.3566  0.00000
    12     -2.6676  0.00000
    13     -2.3705  0.00000
    14      0.5272  0.00000
    15      1.3995  0.00000
    16      1.4063  0.00000
    17      1.8891  0.00000
    18      2.3410  0.00000
    19      2.6292  0.00000
    20      4.7091  0.00000
    21      5.0555  0.00000
    22      6.5409  0.00000
    23      7.6992  0.00000
    24     10.8420  0.00000
    25     11.5881  0.00000
    26     12.7181  0.00000
    27     18.3106  0.00000

 KPT           32  SPIN            1  KWEIGHT    3.3222591362126247E-003
     1    -18.9128  0.00000
     2    -18.2239  0.00000
     3    -10.1451  0.00000
     4     -8.5571  0.00000
     5     -8.0363  0.00000
     6     -7.6636  0.00000
     7     -7.4491  0.00000
     8     -6.7382  0.00000
     9     -6.0246  0.00000
    10     -3.4174  0.00000
    11     -3.3733  0.00000
    12     -2.6496  0.00000
    13     -2.3451  0.00000
    14      0.5147  0.00000
    15      1.3907  0.00000
    16      1.4442  0.00000
    17      1.8947  0.00000
    18      2.3478  0.00000
    19      2.6476  0.00000
    20      4.6553  0.00000
    21      5.0212  0.00000
    22      6.4991  0.00000
    23      7.7240  0.00000
    24     10.8763  0.00000
    25     11.6164  0.00000
    26     12.8068  0.00000
    27     18.3060  0.00000

 KPT           33  SPIN            1  KWEIGHT    3.3222591362126247E-003
     1    -18.8953  0.00000
     2    -18.2121  0.00000
     3    -10.1294  0.00000
     4     -8.5895  0.00000
     5     -8.0767  0.00000
     6     -7.6453  0.00000
     7     -7.4740  0.00000
     8     -6.7496  0.00000
     9     -6.0459  0.00000
    10     -3.4321  0.00000
    11     -3.3900  0.00000
    12     -2.6308  0.00000
    13     -2.3198  0.00000
    14      0.5020  0.00000
    15      1.3762  0.00000
    16      1.4826  0.00000
    17      1.9057  0.00000
    18      2.3553  0.00000
    19      2.6648  0.00000
    20      4.6008  0.00000
    21      4.9863  0.00000
    22      6.4568  0.00000
    23      7.7491  0.00000
    24     10.9117  0.00000
    25     11.6451  0.00000
    26     12.8962  0.00000
    27     18.3009  0.00000

 KPT           34  SPIN            1  KWEIGHT    3.3222591362126247E-003
     1    -18.8773  0.00000
     2    -18.2000  0.00000
     3    -10.1137  0.00000
     4     -8.6221  0.00000
     5     -8.1173  0.00000
     6     -7.6266  0.00000
     7     -7.4990  0.00000
     8     -6.7618  0.00000
     9     -6.0678  0.00000
    10     -3.4462  0.00000
    11     -3.4065  0.00000
    12     -2.6112  0.00000
    13     -2.2945  0.00000
    14      0.4891  0.00000
    15      1.3564  0.00000
    16      1.5214  0.00000
    17      1.9215  0.00000
    18      2.3637  0.00000
    19      2.6809  0.00000
    20      4.5457  0.00000
    21      4.9509  0.00000
    22      6.4140  0.00000
    23      7.7743  0.00000
    24     10.9481  0.00000
    25     11.6740  0.00000
    26     12.9863  0.00000
    27     18.2951  0.00000

 KPT           35  SPIN            1  KWEIGHT    3.3222591362126247E-003
     1    -18.8589  0.00000
     2    -18.1877  0.00000
     3    -10.0982  0.00000
     4     -8.6549  0.00000
     5     -8.1581  0.00000
     6     -7.6076  0.00000
     7     -7.5242  0.00000
     8     -6.7749  0.00000
     9     -6.0903  0.00000
    10     -3.4597  0.00000
    11     -3.4229  0.00000
    12     -2.5909  0.00000
    13     -2.2694  0.00000
    14      0.4759  0.00000
    15      1.3322  0.00000
    16      1.5604  0.00000
    17      1.9414  0.00000
    18      2.3729  0.00000
    19      2.6956  0.00000
    20      4.4900  0.00000
    21      4.9149  0.00000
    22      6.3708  0.00000
    23      7.7996  0.00000
    24     10.9856  0.00000
    25     11.7032  0.00000
    26     13.0769  0.00000
    27     18.2886  0.00000

 KPT           36  SPIN            1  KWEIGHT    3.3222591362126247E-003
     1    -18.8400  0.00000
     2    -18.1750  0.00000
     3    -10.0828  0.00000
     4     -8.6878  0.00000
     5     -8.1992  0.00000
     6     -7.5882  0.00000
     7     -7.5494  0.00000
     8     -6.7887  0.00000
     9     -6.1132  0.00000
    10     -3.4724  0.00000
    11     -3.4391  0.00000
    12     -2.5698  0.00000
    13     -2.2446  0.00000
    14      0.4624  0.00000
    15      1.3043  0.00000
    16      1.5997  0.00000
    17      1.9648  0.00000
    18      2.3829  0.00000
    19      2.7089  0.00000
    20      4.4340  0.00000
    21      4.8786  0.00000
    22      6.3272  0.00000
    23      7.8250  0.00000
    24     11.0240  0.00000
    25     11.7326  0.00000
    26     13.1679  0.00000
    27     18.2814  0.00000

 KPT           37  SPIN            1  KWEIGHT    3.3222591362126247E-003
     1    -18.8207  0.00000
     2    -18.1621  0.00000
     3    -10.0677  0.00000
     4     -8.7207  0.00000
     5     -8.2405  0.00000
     6     -7.5748  0.00000
     7     -7.5685  0.00000
     8     -6.8033  0.00000
     9     -6.1365  0.00000
    10     -3.4844  0.00000
    11     -3.4552  0.00000
    12     -2.5481  0.00000
    13     -2.2199  0.00000
    14      0.4487  0.00000
    15      1.2733  0.00000
    16      1.6390  0.00000
    17      1.9908  0.00000
    18      2.3939  0.00000
    19      2.7205  0.00000
    20      4.3777  0.00000
    21      4.8420  0.00000
    22      6.2833  0.00000
    23      7.8504  0.00000
    24     11.0635  0.00000
    25     11.7621  0.00000
    26     13.2593  0.00000
    27     18.2736  0.00000

 KPT           38  SPIN            1  KWEIGHT    3.3222591362126247E-003
     1    -18.8010  0.00000
     2    -18.1489  0.00000
     3    -10.0529  0.00000
     4     -8.7534  0.00000
     5     -8.2819  0.00000
     6     -7.6001  0.00000
     7     -7.5485  0.00000
     8     -6.8186  0.00000
     9     -6.1602  0.00000
    10     -3.4957  0.00000
    11     -3.4709  0.00000
    12     -2.5257  0.00000
    13     -2.1956  0.00000
    14      0.4347  0.00000
    15      1.2397  0.00000
    16      1.6785  0.00000
    17      2.0191  0.00000
    18      2.4057  0.00000
    19      2.7304  0.00000
    20      4.3212  0.00000
    21      4.8051  0.00000
    22      6.2392  0.00000
    23      7.8757  0.00000
    24     11.1039  0.00000
    25     11.7917  0.00000
    26     13.3508  0.00000
    27     18.2650  0.00000

 KPT           39  SPIN            1  KWEIGHT    3.3222591362126247E-003
     1    -18.7809  0.00000
     2    -18.1354  0.00000
     3    -10.0386  0.00000
     4     -8.7860  0.00000
     5     -8.3236  0.00000
     6     -7.6255  0.00000
     7     -7.5281  0.00000
     8     -6.8344  0.00000
     9     -6.1842  0.00000
    10     -3.5061  0.00000
    11     -3.4864  0.00000
    12     -2.5027  0.00000
    13     -2.1716  0.00000
    14      0.4204  0.00000
    15      1.2040  0.00000
    16      1.7179  0.00000
    17      2.0490  0.00000
    18      2.4185  0.00000
    19      2.7385  0.00000
    20      4.2648  0.00000
    21      4.7680  0.00000
    22      6.1949  0.00000
    23      7.9011  0.00000
    24     11.1453  0.00000
    25     11.8215  0.00000
    26     13.4424  0.00000
    27     18.2557  0.00000

 KPT           40  SPIN            1  KWEIGHT    3.3222591362126247E-003
     1    -18.7604  0.00000
     2    -18.1216  0.00000
     3    -10.0249  0.00000
     4     -8.8183  0.00000
     5     -8.3654  0.00000
     6     -7.6508  0.00000
     7     -7.5075  0.00000
     8     -6.8508  0.00000
     9     -6.2084  0.00000
    10     -3.5157  0.00000
    11     -3.5015  0.00000
    12     -2.4791  0.00000
    13     -2.1479  0.00000
    14      0.4059  0.00000
    15      1.1667  0.00000
    16      1.7571  0.00000
    17      2.0803  0.00000
    18      2.4323  0.00000
    19      2.7445  0.00000
    20      4.2085  0.00000
    21      4.7307  0.00000
    22      6.1505  0.00000
    23      7.9263  0.00000
    24     11.1876  0.00000
    25     11.8512  0.00000
    26     13.5341  0.00000
    27     18.2457  0.00000

 KPT           41  SPIN            1  KWEIGHT    3.3222591362126247E-003
     1    -18.7395  0.00000
     2    -18.1076  0.00000
     3    -10.0118  0.00000
     4     -8.8502  0.00000
     5     -8.4074  0.00000
     6     -7.6762  0.00000
     7     -7.4867  0.00000
     8     -6.8677  0.00000
     9     -6.2328  0.00000
    10     -3.5244  0.00000
    11     -3.5163  0.00000
    12     -2.4551  0.00000
    13     -2.1247  0.00000
    14      0.3911  0.00000
    15      1.1279  0.00000
    16      1.7962  0.00000
    17      2.1126  0.00000
    18      2.4470  0.00000
    19      2.7484  0.00000
    20      4.1525  0.00000
    21      4.6935  0.00000
    22      6.1061  0.00000
    23      7.9513  0.00000
    24     11.2308  0.00000
    25     11.8810  0.00000
    26     13.6257  0.00000
    27     18.2348  0.00000

 KPT           42  SPIN            1  KWEIGHT    3.3222591362126247E-003
     1    -18.7183  0.00000
     2    -18.0934  0.00000
     3     -9.9996  0.00000
     4     -8.8816  0.00000
     5     -8.4495  0.00000
     6     -7.7014  0.00000
     7     -7.4657  0.00000
     8     -6.8851  0.00000
     9     -6.2572  0.00000
    10     -3.5323  0.00000
    11     -3.5307  0.00000
    12     -2.4305  0.00000
    13     -2.1019  0.00000
    14      0.3761  0.00000
    15      1.0880  0.00000
    16      1.8349  0.00000
    17      2.1457  0.00000
    18      2.4627  0.00000
    19      2.7500  0.00000
    20      4.0969  0.00000
    21      4.6564  0.00000
    22      6.0618  0.00000
    23      7.9762  0.00000
    24     11.2749  0.00000
    25     11.9107  0.00000
    26     13.7171  0.00000
    27     18.2233  0.00000

 KPT           43  SPIN            1  KWEIGHT    3.3222591362126247E-003
     1    -18.6967  0.00000
     2    -18.0789  0.00000
     3     -9.9884  0.00000
     4     -8.9123  0.00000
     5     -8.4917  0.00000
     6     -7.7266  0.00000
     7     -7.4444  0.00000
     8     -6.9028  0.00000
     9     -6.2817  0.00000
    10     -3.5448  0.00000
    11     -3.5393  0.00000
    12     -2.4055  0.00000
    13     -2.0796  0.00000
    14      0.3607  0.00000
    15      1.0471  0.00000
    16      1.8732  0.00000
    17      2.1794  0.00000
    18      2.4793  0.00000
    19      2.7491  0.00000
    20      4.0421  0.00000
    21      4.6194  0.00000
    22      6.0176  0.00000
    23      8.0009  0.00000
    24     11.3199  0.00000
    25     11.9404  0.00000
    26     13.8083  0.00000
    27     18.2109  0.00000

 KPT           44  SPIN            1  KWEIGHT    3.3222591362126247E-003
     1    -18.6747  0.00000
     2    -18.0643  0.00000
     3     -9.9783  0.00000
     4     -8.9422  0.00000
     5     -8.5340  0.00000
     6     -7.7516  0.00000
     7     -7.4230  0.00000
     8     -6.9208  0.00000
     9     -6.3061  0.00000
    10     -3.5583  0.00000
    11     -3.5454  0.00000
    12     -2.3802  0.00000
    13     -2.0578  0.00000
    14      0.3451  0.00000
    15      1.0055  0.00000
    16      1.9109  0.00000
    17      2.2135  0.00000
    18      2.4970  0.00000
    19      2.7457  0.00000
    20      3.9880  0.00000
    21      4.5828  0.00000
    22      5.9737  0.00000
    23      8.0253  0.00000
    24     11.3656  0.00000
    25     11.9699  0.00000
    26     13.8991  0.00000
    27     18.1978  0.00000

 KPT           45  SPIN            1  KWEIGHT    3.3222591362126247E-003
     1    -18.6525  0.00000
     2    -18.0494  0.00000
     3     -9.9694  0.00000
     4     -8.9712  0.00000
     5     -8.5765  0.00000
     6     -7.7765  0.00000
     7     -7.4014  0.00000
     8     -6.9392  0.00000
     9     -6.3304  0.00000
    10     -3.5714  0.00000
    11     -3.5506  0.00000
    12     -2.3545  0.00000
    13     -2.0366  0.00000
    14      0.3291  0.00000
    15      0.9631  0.00000
    16      1.9480  0.00000
    17      2.2479  0.00000
    18      2.5157  0.00000
    19      2.7396  0.00000
    20      3.9349  0.00000
    21      4.5465  0.00000
    22      5.9300  0.00000
    23      8.0494  0.00000
    24     11.4122  0.00000
    25     11.9993  0.00000
    26     13.9896  0.00000
    27     18.1839  0.00000

 KPT           46  SPIN            1  KWEIGHT    3.3222591362126247E-003
     1    -18.6299  0.00000
     2    -18.0343  0.00000
     3     -9.9621  0.00000
     4     -8.9991  0.00000
     5     -8.6190  0.00000
     6     -7.8013  0.00000
     7     -7.3798  0.00000
     8     -6.9577  0.00000
     9     -6.3545  0.00000
    10     -3.5840  0.00000
    11     -3.5549  0.00000
    12     -2.3285  0.00000
    13     -2.0158  0.00000
    14      0.3129  0.00000
    15      0.9202  0.00000
    16      1.9842  0.00000
    17      2.2824  0.00000
    18      2.5354  0.00000
    19      2.7307  0.00000
    20      3.8829  0.00000
    21      4.5108  0.00000
    22      5.8867  0.00000
    23      8.0732  0.00000
    24     11.4594  0.00000
    25     12.0286  0.00000
    26     14.0796  0.00000
    27     18.1693  0.00000

 KPT           47  SPIN            1  KWEIGHT    3.3222591362126247E-003
     1    -18.6071  0.00000
     2    -18.0190  0.00000
     3     -9.9564  0.00000
     4     -9.0257  0.00000
     5     -8.6615  0.00000
     6     -7.8259  0.00000
     7     -7.3580  0.00000
     8     -6.9765  0.00000
     9     -6.3782  0.00000
    10     -3.5960  0.00000
    11     -3.5583  0.00000
    12     -2.3022  0.00000
    13     -1.9957  0.00000
    14      0.2963  0.00000
    15      0.8769  0.00000
    16      2.0196  0.00000
    17      2.3169  0.00000
    18      2.5561  0.00000
    19      2.7188  0.00000
    20      3.8322  0.00000
    21      4.4757  0.00000
    22      5.8438  0.00000
    23      8.0966  0.00000
    24     11.5074  0.00000
    25     12.0576  0.00000
    26     14.1690  0.00000
    27     18.1539  0.00000

 KPT           48  SPIN            1  KWEIGHT    3.3222591362126247E-003
     1    -18.5839  0.00000
     2    -18.0036  0.00000
     3     -9.9524  0.00000
     4     -9.0510  0.00000
     5     -8.7041  0.00000
     6     -7.8502  0.00000
     7     -7.3362  0.00000
     8     -6.9954  0.00000
     9     -6.4016  0.00000
    10     -3.6076  0.00000
    11     -3.5607  0.00000
    12     -2.2758  0.00000
    13     -1.9761  0.00000
    14      0.2793  0.00000
    15      0.8332  0.00000
    16      2.0538  0.00000
    17      2.3513  0.00000
    18      2.5777  0.00000
    19      2.7040  0.00000
    20      3.7830  0.00000
    21      4.4415  0.00000
    22      5.8014  0.00000
    23      8.1196  0.00000
    24     11.5561  0.00000
    25     12.0864  0.00000
    26     14.2578  0.00000
    27     18.1377  0.00000

 KPT           49  SPIN            1  KWEIGHT    3.3222591362126247E-003
     1    -18.5605  0.00000
     2    -17.9880  0.00000
     3     -9.9505  0.00000
     4     -9.0747  0.00000
     5     -8.7467  0.00000
     6     -7.8744  0.00000
     7     -7.3143  0.00000
     8     -7.0143  0.00000
     9     -6.4244  0.00000
    10     -3.6185  0.00000
    11     -3.5623  0.00000
    12     -2.2492  0.00000
    13     -1.9572  0.00000
    14      0.2620  0.00000
    15      0.7893  0.00000
    16      2.0868  0.00000
    17      2.3856  0.00000
    18      2.6004  0.00000
    19      2.6862  0.00000
    20      3.7353  0.00000
    21      4.4082  0.00000
    22      5.7596  0.00000
    23      8.1421  0.00000
    24     11.6054  0.00000
    25     12.1149  0.00000
    26     14.3460  0.00000
    27     18.1207  0.00000

 KPT           50  SPIN            1  KWEIGHT    3.3222591362126247E-003
     1    -18.5369  0.00000
     2    -17.9722  0.00000
     3     -9.9507  0.00000
     4     -9.0967  0.00000
     5     -8.7893  0.00000
     6     -7.8983  0.00000
     7     -7.2924  0.00000
     8     -7.0333  0.00000
     9     -6.4467  0.00000
    10     -3.6288  0.00000
    11     -3.5629  0.00000
    12     -2.2225  0.00000
    13     -1.9388  0.00000
    14      0.2444  0.00000
    15      0.7452  0.00000
    16      2.1185  0.00000
    17      2.4196  0.00000
    18      2.6240  0.00000
    19      2.6653  0.00000
    20      3.6892  0.00000
    21      4.3760  0.00000
    22      5.7185  0.00000
    23      8.1642  0.00000
    24     11.6552  0.00000
    25     12.1432  0.00000
    26     14.4334  0.00000
    27     18.1031  0.00000

 KPT           51  SPIN            1  KWEIGHT    3.3222591362126247E-003
     1    -18.5131  0.00000
     2    -17.9563  0.00000
     3     -9.9532  0.00000
     4     -9.1170  0.00000
     5     -8.8319  0.00000
     6     -7.9220  0.00000
     7     -7.2706  0.00000
     8     -7.0523  0.00000
     9     -6.4683  0.00000
    10     -3.6385  0.00000
    11     -3.5627  0.00000
    12     -2.1957  0.00000
    13     -1.9211  0.00000
    14      0.2263  0.00000
    15      0.7009  0.00000
    16      2.1486  0.00000
    17      2.4532  0.00000
    18      2.6413  0.00000
    19      2.6485  0.00000
    20      3.6449  0.00000
    21      4.3451  0.00000
    22      5.6781  0.00000
    23      8.1858  0.00000
    24     11.7056  0.00000
    25     12.1711  0.00000
    26     14.5201  0.00000
    27     18.0847  0.00000

 KPT           52  SPIN            1  KWEIGHT    3.3222591362126247E-003
     1    -18.4890  0.00000
     2    -17.9403  0.00000
     3     -9.9580  0.00000
     4     -9.1354  0.00000
     5     -8.8744  0.00000
     6     -7.9454  0.00000
     7     -7.2488  0.00000
     8     -7.0713  0.00000
     9     -6.4892  0.00000
    10     -3.6476  0.00000
    11     -3.5615  0.00000
    12     -2.1689  0.00000
    13     -1.9041  0.00000
    14      0.2078  0.00000
    15      0.6566  0.00000
    16      2.1769  0.00000
    17      2.4864  0.00000
    18      2.6145  0.00000
    19      2.6740  0.00000
    20      3.6022  0.00000
    21      4.3156  0.00000
    22      5.6385  0.00000
    23      8.2069  0.00000
    24     11.7565  0.00000
    25     12.1987  0.00000
    26     14.6059  0.00000
    27     18.0656  0.00000

 KPT           53  SPIN            1  KWEIGHT    3.3222591362126247E-003
     1    -18.4648  0.00000
     2    -17.9241  0.00000
     3     -9.9653  0.00000
     4     -9.1518  0.00000
     5     -8.9168  0.00000
     6     -7.9685  0.00000
     7     -7.2271  0.00000
     8     -7.0902  0.00000
     9     -6.5092  0.00000
    10     -3.6560  0.00000
    11     -3.5595  0.00000
    12     -2.1421  0.00000
    13     -1.8876  0.00000
    14      0.1888  0.00000
    15      0.6123  0.00000
    16      2.2034  0.00000
    17      2.5192  0.00000
    18      2.5849  0.00000
    19      2.7004  0.00000
    20      3.5612  0.00000
    21      4.2877  0.00000
    22      5.5999  0.00000
    23      8.2274  0.00000
    24     11.8078  0.00000
    25     12.2259  0.00000
    26     14.6908  0.00000
    27     18.0458  0.00000

 KPT           54  SPIN            1  KWEIGHT    3.3222591362126247E-003
     1    -18.4403  0.00000
     2    -17.9079  0.00000
     3     -9.9751  0.00000
     4     -9.1664  0.00000
     5     -8.9591  0.00000
     6     -7.9914  0.00000
     7     -7.2054  0.00000
     8     -7.1090  0.00000
     9     -6.5284  0.00000
    10     -3.6638  0.00000
    11     -3.5565  0.00000
    12     -2.1153  0.00000
    13     -1.8718  0.00000
    14      0.1694  0.00000
    15      0.5681  0.00000
    16      2.2278  0.00000
    17      2.5513  0.00000
    18      2.5526  0.00000
    19      2.7277  0.00000
    20      3.5218  0.00000
    21      4.2617  0.00000
    22      5.5622  0.00000
    23      8.2474  0.00000
    24     11.8595  0.00000
    25     12.2528  0.00000
    26     14.7748  0.00000
    27     18.0253  0.00000

 KPT           55  SPIN            1  KWEIGHT    3.3222591362126247E-003
     1    -18.4158  0.00000
     2    -17.8916  0.00000
     3     -9.9873  0.00000
     4     -9.1791  0.00000
     5     -9.0013  0.00000
     6     -8.0139  0.00000
     7     -7.1839  0.00000
     8     -7.1276  0.00000
     9     -6.5465  0.00000
    10     -3.6708  0.00000
    11     -3.5527  0.00000
    12     -2.0887  0.00000
    13     -1.8567  0.00000
    14      0.1494  0.00000
    15      0.5239  0.00000
    16      2.2499  0.00000
    17      2.5180  0.00000
    18      2.5828  0.00000
    19      2.7558  0.00000
    20      3.4838  0.00000
    21      4.2376  0.00000
    22      5.5256  0.00000
    23      8.2667  0.00000
    24     11.9116  0.00000
    25     12.2792  0.00000
    26     14.8578  0.00000
    27     18.0042  0.00000

 KPT           56  SPIN            1  KWEIGHT    3.3222591362126247E-003
     1    -18.3911  0.00000
     2    -17.8752  0.00000
     3    -10.0018  0.00000
     4     -9.1900  0.00000
     5     -9.0433  0.00000
     6     -8.0361  0.00000
     7     -7.1626  0.00000
     8     -7.1461  0.00000
     9     -6.5636  0.00000
    10     -3.6772  0.00000
    11     -3.5481  0.00000
    12     -2.0621  0.00000
    13     -1.8421  0.00000
    14      0.1289  0.00000
    15      0.4799  0.00000
    16      2.2696  0.00000
    17      2.4812  0.00000
    18      2.6135  0.00000
    19      2.7847  0.00000
    20      3.4473  0.00000
    21      4.2157  0.00000
    22      5.4901  0.00000
    23      8.2855  0.00000
    24     11.9638  0.00000
    25     12.3053  0.00000
    26     14.9398  0.00000
    27     17.9825  0.00000

 KPT           57  SPIN            1  KWEIGHT    3.3222591362126247E-003
     1    -18.3664  0.00000
     2    -17.8588  0.00000
     3    -10.0187  0.00000
     4     -9.1992  0.00000
     5     -9.0851  0.00000
     6     -8.0579  0.00000
     7     -7.1644  0.00000
     8     -7.1415  0.00000
     9     -6.5796  0.00000
    10     -3.6828  0.00000
    11     -3.5426  0.00000
    12     -2.0357  0.00000
    13     -1.8282  0.00000
    14      0.1077  0.00000
    15      0.4360  0.00000
    16      2.2867  0.00000
    17      2.4425  0.00000
    18      2.6435  0.00000
    19      2.8144  0.00000
    20      3.4119  0.00000
    21      4.1960  0.00000
    22      5.4558  0.00000
    23      8.3036  0.00000
    24     12.0163  0.00000
    25     12.3309  0.00000
    26     15.0207  0.00000
    27     17.9602  0.00000

 KPT           58  SPIN            1  KWEIGHT    3.3222591362126247E-003
     1    -18.3415  0.00000
     2    -17.8423  0.00000
     3    -10.0376  0.00000
     4     -9.2070  0.00000
     5     -9.1267  0.00000
     6     -8.0795  0.00000
     7     -7.1824  0.00000
     8     -7.1205  0.00000
     9     -6.5944  0.00000
    10     -3.6877  0.00000
    11     -3.5362  0.00000
    12     -2.0095  0.00000
    13     -1.8150  0.00000
    14      0.0860  0.00000
    15      0.3924  0.00000
    16      2.3012  0.00000
    17      2.4023  0.00000
    18      2.6726  0.00000
    19      2.8448  0.00000
    20      3.3776  0.00000
    21      4.1788  0.00000
    22      5.4228  0.00000
    23      8.3210  0.00000
    24     12.0689  0.00000
    25     12.3560  0.00000
    26     15.1005  0.00000
    27     17.9374  0.00000

 KPT           59  SPIN            1  KWEIGHT    3.3222591362126247E-003
     1    -18.3166  0.00000
     2    -17.8258  0.00000
     3    -10.0585  0.00000
     4     -9.2135  0.00000
     5     -9.1681  0.00000
     6     -8.1006  0.00000
     7     -7.2002  0.00000
     8     -7.0999  0.00000
     9     -6.6080  0.00000
    10     -3.6919  0.00000
    11     -3.5290  0.00000
    12     -1.9835  0.00000
    13     -1.8023  0.00000
    14      0.0635  0.00000
    15      0.3491  0.00000
    16      2.3127  0.00000
    17      2.3608  0.00000
    18      2.7007  0.00000
    19      2.8758  0.00000
    20      3.3441  0.00000
    21      4.1642  0.00000
    22      5.3912  0.00000
    23      8.3378  0.00000
    24     12.1216  0.00000
    25     12.3807  0.00000
    26     15.1791  0.00000
    27     17.9140  0.00000

 KPT           60  SPIN            1  KWEIGHT    3.3222591362126247E-003
     1    -18.2917  0.00000
     2    -17.8093  0.00000
     3    -10.0811  0.00000
     4     -9.2188  0.00000
     5     -9.2091  0.00000
     6     -8.1214  0.00000
     7     -7.2177  0.00000
     8     -7.0795  0.00000
     9     -6.6202  0.00000
    10     -3.6954  0.00000
    11     -3.5210  0.00000
    12     -1.9578  0.00000
    13     -1.7903  0.00000
    14      0.0404  0.00000
    15      0.3061  0.00000
    16      2.3184  0.00000
    17      2.3214  0.00000
    18      2.7279  0.00000
    19      2.9076  0.00000
    20      3.3114  0.00000
    21      4.1522  0.00000
    22      5.3610  0.00000
    23      8.3539  0.00000
    24     12.1744  0.00000
    25     12.4049  0.00000
    26     15.2565  0.00000
    27     17.8902  0.00000

 KPT           61  SPIN            1  KWEIGHT    3.3222591362126247E-003
     1    -18.2668  0.00000
     2    -17.7928  0.00000
     3    -10.1053  0.00000
     4     -9.2499  0.00000
     5     -9.2232  0.00000
     6     -8.1418  0.00000
     7     -7.2349  0.00000
     8     -7.0593  0.00000
     9     -6.6312  0.00000
    10     -3.6981  0.00000
    11     -3.5122  0.00000
    12     -1.9324  0.00000
    13     -1.7788  0.00000
    14      0.0164  0.00000
    15      0.2634  0.00000
    16      2.2754  0.00000
    17      2.3270  0.00000
    18      2.7540  0.00000
    19      2.9399  0.00000
    20      3.2791  0.00000
    21      4.1429  0.00000
    22      5.3323  0.00000
    23      8.3692  0.00000
    24     12.2270  0.00000
    25     12.4286  0.00000
    26     15.3327  0.00000
    27     17.8659  0.00000

 KPT           62  SPIN            1  KWEIGHT    3.3222591362126247E-003
     1    -18.2419  0.00000
     2    -17.7764  0.00000
     3    -10.1308  0.00000
     4     -9.2902  0.00000
     5     -9.2269  0.00000
     6     -8.1617  0.00000
     7     -7.2519  0.00000
     8     -7.0395  0.00000
     9     -6.6408  0.00000
    10     -3.7001  0.00000
    11     -3.5026  0.00000
    12     -1.9072  0.00000
    13     -1.7679  0.00000
    14     -0.0083  0.00000
    15      0.2211  0.00000
    16      2.2321  0.00000
    17      2.3297  0.00000
    18      2.7790  0.00000
    19      2.9727  0.00000
    20      3.2473  0.00000
    21      4.1364  0.00000
    22      5.3051  0.00000
    23      8.3839  0.00000
    24     12.2795  0.00000
    25     12.4517  0.00000
    26     15.4076  0.00000
    27     17.8412  0.00000

 KPT           63  SPIN            1  KWEIGHT    3.3222591362126247E-003
     1    -18.2170  0.00000
     2    -17.7600  0.00000
     3    -10.1575  0.00000
     4     -9.3302  0.00000
     5     -9.2300  0.00000
     6     -8.1813  0.00000
     7     -7.2684  0.00000
     8     -7.0201  0.00000
     9     -6.6491  0.00000
    10     -3.7013  0.00000
    11     -3.4922  0.00000
    12     -1.8824  0.00000
    13     -1.7576  0.00000
    14     -0.0340  0.00000
    15      0.1792  0.00000
    16      2.1887  0.00000
    17      2.3293  0.00000
    18      2.8029  0.00000
    19      3.0060  0.00000
    20      3.2158  0.00000
    21      4.1327  0.00000
    22      5.2795  0.00000
    23      8.3979  0.00000
    24     12.3319  0.00000
    25     12.4744  0.00000
    26     15.4811  0.00000
    27     17.8161  0.00000

 KPT           64  SPIN            1  KWEIGHT    3.3222591362126247E-003
     1    -18.1922  0.00000
     2    -17.7437  0.00000
     3    -10.1852  0.00000
     4     -9.3698  0.00000
     5     -9.2327  0.00000
     6     -8.2005  0.00000
     7     -7.2847  0.00000
     8     -7.0010  0.00000
     9     -6.6559  0.00000
    10     -3.7019  0.00000
    11     -3.4810  0.00000
    12     -1.8579  0.00000
    13     -1.7479  0.00000
    14     -0.0605  0.00000
    15      0.1378  0.00000
    16      2.1456  0.00000
    17      2.3260  0.00000
    18      2.8255  0.00000
    19      3.0398  0.00000
    20      3.1844  0.00000
    21      4.1316  0.00000
    22      5.2556  0.00000
    23      8.4111  0.00000
    24     12.3840  0.00000
    25     12.4965  0.00000
    26     15.5534  0.00000
    27     17.7908  0.00000

 KPT           65  SPIN            1  KWEIGHT    3.3222591362126247E-003
     1    -18.1676  0.00000
     2    -17.7274  0.00000
     3    -10.2136  0.00000
     4     -9.4089  0.00000
     5     -9.2352  0.00000
     6     -8.2193  0.00000
     7     -7.3006  0.00000
     8     -6.9823  0.00000
     9     -6.6614  0.00000
    10     -3.7017  0.00000
    11     -3.4691  0.00000
    12     -1.8338  0.00000
    13     -1.7387  0.00000
    14     -0.0880  0.00000
    15      0.0968  0.00000
    16      2.1031  0.00000
    17      2.3198  0.00000
    18      2.8469  0.00000
    19      3.0739  0.00000
    20      3.1530  0.00000
    21      4.1332  0.00000
    22      5.2333  0.00000
    23      8.4237  0.00000
    24     12.4357  0.00000
    25     12.5181  0.00000
    26     15.6242  0.00000
    27     17.7651  0.00000

 KPT           66  SPIN            1  KWEIGHT    3.3222591362126247E-003
     1    -18.1430  0.00000
     2    -17.7113  0.00000
     3    -10.2427  0.00000
     4     -9.4476  0.00000
     5     -9.2375  0.00000
     6     -8.2376  0.00000
     7     -7.3161  0.00000
     8     -6.9640  0.00000
     9     -6.6655  0.00000
    10     -3.7008  0.00000
    11     -3.4564  0.00000
    12     -1.8100  0.00000
    13     -1.7300  0.00000
    14     -0.1165  0.00000
    15      0.0563  0.00000
    16      2.0612  0.00000
    17      2.3109  0.00000
    18      2.8670  0.00000
    19      3.1083  0.00000
    20      3.1216  0.00000
    21      4.1373  0.00000
    22      5.2128  0.00000
    23      8.4355  0.00000
    24     12.4870  0.00000
    25     12.5392  0.00000
    26     15.6936  0.00000
    27     17.7393  0.00000

 KPT           67  SPIN            1  KWEIGHT    3.3222591362126247E-003
     1    -18.1187  0.00000
     2    -17.6953  0.00000
     3    -10.2723  0.00000
     4     -9.4857  0.00000
     5     -9.2399  0.00000
     6     -8.2555  0.00000
     7     -7.3312  0.00000
     8     -6.9462  0.00000
     9     -6.6682  0.00000
    10     -3.6992  0.00000
    11     -3.4429  0.00000
    12     -1.7867  0.00000
    13     -1.7218  0.00000
    14     -0.1460  0.00000
    15      0.0164  0.00000
    16      2.0204  0.00000
    17      2.2994  0.00000
    18      2.8857  0.00000
    19      3.0902  0.00000
    20      3.1429  0.00000
    21      4.1437  0.00000
    22      5.1940  0.00000
    23      8.4465  0.00000
    24     12.5379  0.00000
    25     12.5597  0.00000
    26     15.7616  0.00000
    27     17.7132  0.00000

 KPT           68  SPIN            1  KWEIGHT    3.3222591362126247E-003
     1    -18.0945  0.00000
     2    -17.6794  0.00000
     3    -10.3022  0.00000
     4     -9.5232  0.00000
     5     -9.2423  0.00000
     6     -8.2729  0.00000
     7     -7.3459  0.00000
     8     -6.9288  0.00000
     9     -6.6696  0.00000
    10     -3.6970  0.00000
    11     -3.4287  0.00000
    12     -1.7637  0.00000
    13     -1.7141  0.00000
    14     -0.1766  0.00000
    15     -0.0230  0.00000
    16      1.9808  0.00000
    17      2.2854  0.00000
    18      2.9032  0.00000
    19      3.0586  0.00000
    20      3.1777  0.00000
    21      4.1524  0.00000
    22      5.1769  0.00000
    23      8.4569  0.00000
    24     12.5796  0.00000
    25     12.5882  0.00000
    26     15.8281  0.00000
    27     17.6871  0.00000

 KPT           69  SPIN            1  KWEIGHT    3.3222591362126247E-003
     1    -18.0705  0.00000
     2    -17.6637  0.00000
     3    -10.3323  0.00000
     4     -9.5601  0.00000
     5     -9.2448  0.00000
     6     -8.2899  0.00000
     7     -7.3602  0.00000
     8     -6.9118  0.00000
     9     -6.6696  0.00000
    10     -3.6941  0.00000
    11     -3.4138  0.00000
    12     -1.7412  0.00000
    13     -1.7068  0.00000
    14     -0.2083  0.00000
    15     -0.0618  0.00000
    16      1.9425  0.00000
    17      2.2692  0.00000
    18      2.9193  0.00000
    19      3.0268  0.00000
    20      3.2126  0.00000
    21      4.1631  0.00000
    22      5.1616  0.00000
    23      8.4665  0.00000
    24     12.5990  0.00000
    25     12.6379  0.00000
    26     15.8930  0.00000
    27     17.6609  0.00000

 KPT           70  SPIN            1  KWEIGHT    3.3222591362126247E-003
     1    -18.0468  0.00000
     2    -17.6482  0.00000
     3    -10.3625  0.00000
     4     -9.5964  0.00000
     5     -9.2475  0.00000
     6     -8.3064  0.00000
     7     -7.3741  0.00000
     8     -6.8954  0.00000
     9     -6.6685  0.00000
    10     -3.6906  0.00000
    11     -3.3982  0.00000
    12     -1.7191  0.00000
    13     -1.7000  0.00000
    14     -0.2411  0.00000
    15     -0.1000  0.00000
    16      1.9057  0.00000
    17      2.2511  0.00000
    18      2.9341  0.00000
    19      2.9949  0.00000
    20      3.2475  0.00000
    21      4.1755  0.00000
    22      5.1480  0.00000
    23      8.4755  0.00000
    24     12.6178  0.00000
    25     12.6869  0.00000
    26     15.9564  0.00000
    27     17.6346  0.00000

 KPT           71  SPIN            1  KWEIGHT    3.3222591362126247E-003
     1    -18.0234  0.00000
     2    -17.6329  0.00000
     3    -10.3927  0.00000
     4     -9.6320  0.00000
     5     -9.2504  0.00000
     6     -8.3224  0.00000
     7     -7.3876  0.00000
     8     -6.8794  0.00000
     9     -6.6661  0.00000
    10     -3.6865  0.00000
    11     -3.3819  0.00000
    12     -1.6974  0.00000
    13     -1.6937  0.00000
    14     -0.2749  0.00000
    15     -0.1376  0.00000
    16      1.8707  0.00000
    17      2.2311  0.00000
    18      2.9475  0.00000
    19      2.9628  0.00000
    20      3.2824  0.00000
    21      4.1896  0.00000
    22      5.1361  0.00000
    23      8.4838  0.00000
    24     12.6360  0.00000
    25     12.7351  0.00000
    26     16.0182  0.00000
    27     17.6084  0.00000

 KPT           72  SPIN            1  KWEIGHT    3.3222591362126247E-003
     1    -18.0003  0.00000
     2    -17.6178  0.00000
     3    -10.4228  0.00000
     4     -9.6669  0.00000
     5     -9.2536  0.00000
     6     -8.3380  0.00000
     7     -7.4007  0.00000
     8     -6.8639  0.00000
     9     -6.6626  0.00000
    10     -3.6818  0.00000
    11     -3.3650  0.00000
    12     -1.6877  0.00000
    13     -1.6762  0.00000
    14     -0.3099  0.00000
    15     -0.1745  0.00000
    16      1.8374  0.00000
    17      2.2096  0.00000
    18      2.9305  0.00000
    19      2.9596  0.00000
    20      3.3172  0.00000
    21      4.2052  0.00000
    22      5.1259  0.00000
    23      8.4913  0.00000
    24     12.6537  0.00000
    25     12.7825  0.00000
    26     16.0784  0.00000
    27     17.5824  0.00000

 KPT           73  SPIN            1  KWEIGHT    3.3222591362126247E-003
     1    -17.9776  0.00000
     2    -17.6030  0.00000
     3    -10.4527  0.00000
     4     -9.7011  0.00000
     5     -9.2571  0.00000
     6     -8.3531  0.00000
     7     -7.4133  0.00000
     8     -6.8490  0.00000
     9     -6.6580  0.00000
    10     -3.6766  0.00000
    11     -3.3473  0.00000
    12     -1.6822  0.00000
    13     -1.6554  0.00000
    14     -0.3459  0.00000
    15     -0.2108  0.00000
    16      1.8060  0.00000
    17      2.1867  0.00000
    18      2.8980  0.00000
    19      2.9704  0.00000
    20      3.3518  0.00000
    21      4.2219  0.00000
    22      5.1173  0.00000
    23      8.4983  0.00000
    24     12.6707  0.00000
    25     12.8291  0.00000
    26     16.1369  0.00000
    27     17.5564  0.00000

 KPT           74  SPIN            1  KWEIGHT    3.3222591362126247E-003
     1    -17.9553  0.00000
     2    -17.5884  0.00000
     3    -10.4823  0.00000
     4     -9.7344  0.00000
     5     -9.2608  0.00000
     6     -8.3677  0.00000
     7     -7.4255  0.00000
     8     -6.8346  0.00000
     9     -6.6524  0.00000
    10     -3.6709  0.00000
    11     -3.3291  0.00000
    12     -1.6770  0.00000
    13     -1.6350  0.00000
    14     -0.3829  0.00000
    15     -0.2463  0.00000
    16      1.7767  0.00000
    17      2.1627  0.00000
    18      2.8654  0.00000
    19      2.9799  0.00000
    20      3.3861  0.00000
    21      4.2396  0.00000
    22      5.1103  0.00000
    23      8.5045  0.00000
    24     12.6872  0.00000
    25     12.8746  0.00000
    26     16.1938  0.00000
    27     17.5307  0.00000

 KPT           75  SPIN            1  KWEIGHT    3.3222591362126247E-003
     1    -17.9333  0.00000
     2    -17.5741  0.00000
     3    -10.5115  0.00000
     4     -9.7670  0.00000
     5     -9.2648  0.00000
     6     -8.3818  0.00000
     7     -7.4373  0.00000
     8     -6.8207  0.00000
     9     -6.6460  0.00000
    10     -3.6648  0.00000
    11     -3.3102  0.00000
    12     -1.6721  0.00000
    13     -1.6151  0.00000
    14     -0.4209  0.00000
    15     -0.2812  0.00000
    16      1.7494  0.00000
    17      2.1378  0.00000
    18      2.8326  0.00000
    19      2.9883  0.00000
    20      3.4201  0.00000
    21      4.2581  0.00000
    22      5.1048  0.00000
    23      8.5102  0.00000
    24     12.7031  0.00000
    25     12.9191  0.00000
    26     16.2489  0.00000
    27     17.5053  0.00000

 KPT           76  SPIN            1  KWEIGHT    3.3222591362126247E-003
     1    -17.9118  0.00000
     2    -17.5602  0.00000
     3    -10.5403  0.00000
     4     -9.7986  0.00000
     5     -9.2690  0.00000
     6     -8.3955  0.00000
     7     -7.4486  0.00000
     8     -6.8073  0.00000
     9     -6.6386  0.00000
    10     -3.6582  0.00000
    11     -3.2908  0.00000
    12     -1.6677  0.00000
    13     -1.5956  0.00000
    14     -0.4598  0.00000
    15     -0.3154  0.00000
    16      1.7242  0.00000
    17      2.1122  0.00000
    18      2.7998  0.00000
    19      2.9955  0.00000
    20      3.4536  0.00000
    21      4.2772  0.00000
    22      5.1007  0.00000
    23      8.5152  0.00000
    24     12.7184  0.00000
    25     12.9625  0.00000
    26     16.3023  0.00000
    27     17.4801  0.00000

 KPT           77  SPIN            1  KWEIGHT    3.3222591362126247E-003
     1    -17.8908  0.00000
     2    -17.5466  0.00000
     3    -10.5685  0.00000
     4     -9.8294  0.00000
     5     -9.2734  0.00000
     6     -8.4086  0.00000
     7     -7.4594  0.00000
     8     -6.7945  0.00000
     9     -6.6306  0.00000
    10     -3.6513  0.00000
    11     -3.2708  0.00000
    12     -1.6635  0.00000
    13     -1.5765  0.00000
    14     -0.4995  0.00000
    15     -0.3487  0.00000
    16      1.7011  0.00000
    17      2.0861  0.00000
    18      2.7669  0.00000
    19      3.0016  0.00000
    20      3.4867  0.00000
    21      4.2967  0.00000
    22      5.0979  0.00000
    23      8.5197  0.00000
    24     12.7331  0.00000
    25     13.0048  0.00000
    26     16.3538  0.00000
    27     17.4554  0.00000

 KPT           78  SPIN            1  KWEIGHT    3.3222591362126247E-003
     1    -17.8704  0.00000
     2    -17.5333  0.00000
     3    -10.5962  0.00000
     4     -9.8593  0.00000
     5     -9.2780  0.00000
     6     -8.4212  0.00000
     7     -7.4698  0.00000
     8     -6.7823  0.00000
     9     -6.6219  0.00000
    10     -3.6440  0.00000
    11     -3.2503  0.00000
    12     -1.6596  0.00000
    13     -1.5579  0.00000
    14     -0.5399  0.00000
    15     -0.3814  0.00000
    16      1.6802  0.00000
    17      2.0597  0.00000
    18      2.7341  0.00000
    19      3.0067  0.00000
    20      3.5192  0.00000
    21      4.3166  0.00000
    22      5.0964  0.00000
    23      8.5236  0.00000
    24     12.7472  0.00000
    25     13.0458  0.00000
    26     16.4036  0.00000
    27     17.4311  0.00000

 KPT           79  SPIN            1  KWEIGHT    3.3222591362126247E-003
     1    -17.8504  0.00000
     2    -17.5204  0.00000
     3    -10.6231  0.00000
     4     -9.8881  0.00000
     5     -9.2828  0.00000
     6     -8.4333  0.00000
     7     -7.4798  0.00000
     8     -6.7706  0.00000
     9     -6.6127  0.00000
    10     -3.6365  0.00000
    11     -3.2293  0.00000
    12     -1.6561  0.00000
    13     -1.5397  0.00000
    14     -0.5809  0.00000
    15     -0.4132  0.00000
    16      1.6613  0.00000
    17      2.0331  0.00000
    18      2.7013  0.00000
    19      3.0108  0.00000
    20      3.5510  0.00000
    21      4.3365  0.00000
    22      5.0960  0.00000
    23      8.5270  0.00000
    24     12.7608  0.00000
    25     13.0856  0.00000
    26     16.4515  0.00000
    27     17.4074  0.00000

 KPT           80  SPIN            1  KWEIGHT    3.3222591362126247E-003
     1    -17.8311  0.00000
     2    -17.5079  0.00000
     3    -10.6494  0.00000
     4     -9.9160  0.00000
     5     -9.2877  0.00000
     6     -8.4449  0.00000
     7     -7.4893  0.00000
     8     -6.7594  0.00000
     9     -6.6030  0.00000
    10     -3.6288  0.00000
    11     -3.2078  0.00000
    12     -1.6528  0.00000
    13     -1.5219  0.00000
    14     -0.6223  0.00000
    15     -0.4442  0.00000
    16      1.6446  0.00000
    17      2.0066  0.00000
    18      2.6687  0.00000
    19      3.0140  0.00000
    20      3.5821  0.00000
    21      4.3565  0.00000
    22      5.0966  0.00000
    23      8.5300  0.00000
    24     12.7737  0.00000
    25     13.1240  0.00000
    26     16.4975  0.00000
    27     17.3842  0.00000

 KPT           81  SPIN            1  KWEIGHT    3.3222591362126247E-003
     1    -17.8124  0.00000
     2    -17.4958  0.00000
     3    -10.6748  0.00000
     4     -9.9429  0.00000
     5     -9.2928  0.00000
     6     -8.4560  0.00000
     7     -7.4984  0.00000
     8     -6.7488  0.00000
     9     -6.5930  0.00000
    10     -3.6209  0.00000
    11     -3.1861  0.00000
    12     -1.6497  0.00000
    13     -1.5046  0.00000
    14     -0.6641  0.00000
    15     -0.4744  0.00000
    16      1.6300  0.00000
    17      1.9802  0.00000
    18      2.6363  0.00000
    19      3.0165  0.00000
    20      3.6125  0.00000
    21      4.3763  0.00000
    22      5.0982  0.00000
    23      8.5324  0.00000
    24     12.7860  0.00000
    25     13.1610  0.00000
    26     16.5417  0.00000
    27     17.3616  0.00000

 KPT           82  SPIN            1  KWEIGHT    3.3222591362126247E-003
     1    -17.7943  0.00000
     2    -17.4842  0.00000
     3    -10.6994  0.00000
     4     -9.9686  0.00000
     5     -9.2978  0.00000
     6     -8.4666  0.00000
     7     -7.5070  0.00000
     8     -6.7388  0.00000
     9     -6.5827  0.00000
    10     -3.6129  0.00000
    11     -3.1640  0.00000
    12     -1.6469  0.00000
    13     -1.4876  0.00000
    14     -0.7061  0.00000
    15     -0.5038  0.00000
    16      1.6174  0.00000
    17      1.9542  0.00000
    18      2.6042  0.00000
    19      3.0182  0.00000
    20      3.6419  0.00000
    21      4.3958  0.00000
    22      5.1006  0.00000
    23      8.5344  0.00000
    24     12.7977  0.00000
    25     13.1965  0.00000
    26     16.5839  0.00000
    27     17.3397  0.00000

 KPT           83  SPIN            1  KWEIGHT    3.3222591362126247E-003
     1    -17.7770  0.00000
     2    -17.4730  0.00000
     3    -10.7231  0.00000
     4     -9.9933  0.00000
     5     -9.3029  0.00000
     6     -8.4766  0.00000
     7     -7.5152  0.00000
     8     -6.7293  0.00000
     9     -6.5723  0.00000
    10     -3.6049  0.00000
    11     -3.1416  0.00000
    12     -1.6444  0.00000
    13     -1.4711  0.00000
    14     -0.7481  0.00000
    15     -0.5322  0.00000
    16      1.6067  0.00000
    17      1.9286  0.00000
    18      2.5724  0.00000
    19      3.0193  0.00000
    20      3.6704  0.00000
    21      4.4149  0.00000
    22      5.1036  0.00000
    23      8.5361  0.00000
    24     12.8089  0.00000
    25     13.2306  0.00000
    26     16.6241  0.00000
    27     17.3185  0.00000

 KPT           84  SPIN            1  KWEIGHT    3.3222591362126247E-003
     1    -17.7603  0.00000
     2    -17.4623  0.00000
     3    -10.7458  0.00000
     4    -10.0168  0.00000
     5     -9.3079  0.00000
     6     -8.4861  0.00000
     7     -7.5229  0.00000
     8     -6.7204  0.00000
     9     -6.5618  0.00000
    10     -3.5968  0.00000
    11     -3.1191  0.00000
    12     -1.6420  0.00000
    13     -1.4551  0.00000
    14     -0.7899  0.00000
    15     -0.5598  0.00000
    16      1.5978  0.00000
    17      1.9037  0.00000
    18      2.5412  0.00000
    19      3.0198  0.00000
    20      3.6978  0.00000
    21      4.4335  0.00000
    22      5.1073  0.00000
    23      8.5373  0.00000
    24     12.8194  0.00000
    25     13.2631  0.00000
    26     16.6623  0.00000
    27     17.2981  0.00000

 KPT           85  SPIN            1  KWEIGHT    3.3222591362126247E-003
     1    -17.7445  0.00000
     2    -17.4521  0.00000
     3    -10.7675  0.00000
     4    -10.0392  0.00000
     5     -9.3129  0.00000
     6     -8.4951  0.00000
     7     -7.5302  0.00000
     8     -6.7120  0.00000
     9     -6.5513  0.00000
    10     -3.5888  0.00000
    11     -3.0966  0.00000
    12     -1.6399  0.00000
    13     -1.4394  0.00000
    14     -0.8313  0.00000
    15     -0.5864  0.00000
    16      1.5908  0.00000
    17      1.8796  0.00000
    18      2.5104  0.00000
    19      3.0199  0.00000
    20      3.7241  0.00000
    21      4.4515  0.00000
    22      5.1114  0.00000
    23      8.5383  0.00000
    24     12.8293  0.00000
    25     13.2940  0.00000
    26     16.6985  0.00000
    27     17.2786  0.00000

 KPT           86  SPIN            1  KWEIGHT    3.3222591362126247E-003
     1    -17.7294  0.00000
     2    -17.4424  0.00000
     3    -10.7882  0.00000
     4    -10.0603  0.00000
     5     -9.3178  0.00000
     6     -8.5036  0.00000
     7     -7.5370  0.00000
     8     -6.7041  0.00000
     9     -6.5410  0.00000
    10     -3.5810  0.00000
    11     -3.0741  0.00000
    12     -1.6379  0.00000
    13     -1.4242  0.00000
    14     -0.8721  0.00000
    15     -0.6120  0.00000
    16      1.5854  0.00000
    17      1.8562  0.00000
    18      2.4804  0.00000
    19      3.0195  0.00000
    20      3.7493  0.00000
    21      4.4689  0.00000
    22      5.1158  0.00000
    23      8.5390  0.00000
    24     12.8386  0.00000
    25     13.3233  0.00000
    26     16.7327  0.00000
    27     17.2600  0.00000

 KPT           87  SPIN            1  KWEIGHT    3.3222591362126247E-003
     1    -17.7151  0.00000
     2    -17.4332  0.00000
     3    -10.8077  0.00000
     4    -10.0803  0.00000
     5     -9.3226  0.00000
     6     -8.5115  0.00000
     7     -7.5434  0.00000
     8     -6.6968  0.00000
     9     -6.5309  0.00000
    10     -3.5733  0.00000
    11     -3.0517  0.00000
    12     -1.6362  0.00000
    13     -1.4095  0.00000
    14     -0.9121  0.00000
    15     -0.6366  0.00000
    16      1.5815  0.00000
    17      1.8339  0.00000
    18      2.4511  0.00000
    19      3.0188  0.00000
    20      3.7732  0.00000
    21      4.4854  0.00000
    22      5.1205  0.00000
    23      8.5394  0.00000
    24     12.8474  0.00000
    25     13.3508  0.00000
    26     16.7648  0.00000
    27     17.2423  0.00000

 KPT           88  SPIN            1  KWEIGHT    3.3222591362126247E-003
     1    -17.7016  0.00000
     2    -17.4246  0.00000
     3    -10.8261  0.00000
     4    -10.0990  0.00000
     5     -9.3272  0.00000
     6     -8.5189  0.00000
     7     -7.5494  0.00000
     8     -6.6900  0.00000
     9     -6.5211  0.00000
    10     -3.5659  0.00000
    11     -3.0297  0.00000
    12     -1.6345  0.00000
    13     -1.3953  0.00000
    14     -0.9511  0.00000
    15     -0.6602  0.00000
    16      1.5791  0.00000
    17      1.8126  0.00000
    18      2.4227  0.00000
    19      3.0179  0.00000
    20      3.7957  0.00000
    21      4.5012  0.00000
    22      5.1254  0.00000
    23      8.5396  0.00000
    24     12.8555  0.00000
    25     13.3767  0.00000
    26     16.7948  0.00000
    27     17.2256  0.00000

 KPT           89  SPIN            1  KWEIGHT    3.3222591362126247E-003
     1    -17.6891  0.00000
     2    -17.4166  0.00000
     3    -10.8433  0.00000
     4    -10.1164  0.00000
     5     -9.3316  0.00000
     6     -8.5257  0.00000
     7     -7.5548  0.00000
     8     -6.6838  0.00000
     9     -6.5117  0.00000
    10     -3.5588  0.00000
    11     -3.0081  0.00000
    12     -1.6331  0.00000
    13     -1.3816  0.00000
    14     -0.9888  0.00000
    15     -0.6826  0.00000
    16      1.5780  0.00000
    17      1.7926  0.00000
    18      2.3953  0.00000
    19      3.0168  0.00000
    20      3.8169  0.00000
    21      4.5160  0.00000
    22      5.1303  0.00000
    23      8.5396  0.00000
    24     12.8630  0.00000
    25     13.4007  0.00000
    26     16.8227  0.00000
    27     17.2100  0.00000

 KPT           90  SPIN            1  KWEIGHT    3.3222591362126247E-003
     1    -17.6774  0.00000
     2    -17.4091  0.00000
     3    -10.8593  0.00000
     4    -10.1325  0.00000
     5     -9.3357  0.00000
     6     -8.5320  0.00000
     7     -7.5599  0.00000
     8     -6.6780  0.00000
     9     -6.5027  0.00000
    10     -3.5520  0.00000
    11     -2.9871  0.00000
    12     -1.6318  0.00000
    13     -1.3684  0.00000
    14     -1.0250  0.00000
    15     -0.7039  0.00000
    16      1.5780  0.00000
    17      1.7737  0.00000
    18      2.3691  0.00000
    19      3.0155  0.00000
    20      3.8367  0.00000
    21      4.5298  0.00000
    22      5.1352  0.00000
    23      8.5394  0.00000
    24     12.8699  0.00000
    25     13.4230  0.00000
    26     16.8484  0.00000
    27     17.1954  0.00000

 KPT           91  SPIN            1  KWEIGHT    3.3222591362126247E-003
     1    -17.6667  0.00000
     2    -17.4022  0.00000
     3    -10.8741  0.00000
     4    -10.1473  0.00000
     5     -9.3396  0.00000
     6     -8.5378  0.00000
     7     -7.5645  0.00000
     8     -6.6728  0.00000
     9     -6.4943  0.00000
    10     -3.5456  0.00000
    11     -2.9669  0.00000
    12     -1.6307  0.00000
    13     -1.3559  0.00000
    14     -1.0593  0.00000
    15     -0.7239  0.00000
    16      1.5790  0.00000
    17      1.7563  0.00000
    18      2.3443  0.00000
    19      3.0141  0.00000
    20      3.8549  0.00000
    21      4.5427  0.00000
    22      5.1399  0.00000
    23      8.5392  0.00000
    24     12.8763  0.00000
    25     13.4435  0.00000
    26     16.8719  0.00000
    27     17.1820  0.00000

 KPT           92  SPIN            1  KWEIGHT    3.3222591362126247E-003
     1    -17.6569  0.00000
     2    -17.3960  0.00000
     3    -10.8875  0.00000
     4    -10.1607  0.00000
     5     -9.3432  0.00000
     6     -8.5430  0.00000
     7     -7.5686  0.00000
     8     -6.6681  0.00000
     9     -6.4864  0.00000
    10     -3.5396  0.00000
    11     -2.9477  0.00000
    12     -1.6296  0.00000
    13     -1.3441  0.00000
    14     -1.0916  0.00000
    15     -0.7425  0.00000
    16      1.5807  0.00000
    17      1.7402  0.00000
    18      2.3209  0.00000
    19      3.0128  0.00000
    20      3.8716  0.00000
    21      4.5544  0.00000
    22      5.1444  0.00000
    23      8.5389  0.00000
    24     12.8820  0.00000
    25     13.4620  0.00000
    26     16.8933  0.00000
    27     17.1697  0.00000

 KPT           93  SPIN            1  KWEIGHT    3.3222591362126247E-003
     1    -17.6480  0.00000
     2    -17.3904  0.00000
     3    -10.8996  0.00000
     4    -10.1728  0.00000
     5     -9.3465  0.00000
     6     -8.5477  0.00000
     7     -7.5724  0.00000
     8     -6.6639  0.00000
     9     -6.4793  0.00000
    10     -3.5342  0.00000
    11     -2.9297  0.00000
    12     -1.6287  0.00000
    13     -1.3331  0.00000
    14     -1.1215  0.00000
    15     -0.7597  0.00000
    16      1.5831  0.00000
    17      1.7257  0.00000
    18      2.2992  0.00000
    19      3.0114  0.00000
    20      3.8867  0.00000
    21      4.5650  0.00000
    22      5.1487  0.00000
    23      8.5385  0.00000
    24     12.8871  0.00000
    25     13.4787  0.00000
    26     16.9125  0.00000
    27     17.1586  0.00000

 KPT           94  SPIN            1  KWEIGHT    3.3222591362126247E-003
     1    -17.6402  0.00000
     2    -17.3854  0.00000
     3    -10.9103  0.00000
     4    -10.1835  0.00000
     5     -9.3495  0.00000
     6     -8.5518  0.00000
     7     -7.5756  0.00000
     8     -6.6602  0.00000
     9     -6.4728  0.00000
    10     -3.5293  0.00000
    11     -2.9131  0.00000
    12     -1.6280  0.00000
    13     -1.3229  0.00000
    14     -1.1487  0.00000
    15     -0.7753  0.00000
    16      1.5859  0.00000
    17      1.7127  0.00000
    18      2.2794  0.00000
    19      3.0101  0.00000
    20      3.9001  0.00000
    21      4.5745  0.00000
    22      5.1526  0.00000
    23      8.5381  0.00000
    24     12.8916  0.00000
    25     13.4935  0.00000
    26     16.9294  0.00000
    27     17.1487  0.00000

 KPT           95  SPIN            1  KWEIGHT    3.3222591362126247E-003
     1    -17.6334  0.00000
     2    -17.3810  0.00000
     3    -10.9197  0.00000
     4    -10.1928  0.00000
     5     -9.3521  0.00000
     6     -8.5554  0.00000
     7     -7.5785  0.00000
     8     -6.6571  0.00000
     9     -6.4671  0.00000
    10     -3.5249  0.00000
    11     -2.8981  0.00000
    12     -1.6273  0.00000
    13     -1.3137  0.00000
    14     -1.1730  0.00000
    15     -0.7893  0.00000
    16      1.5889  0.00000
    17      1.7014  0.00000
    18      2.2617  0.00000
    19      3.0089  0.00000
    20      3.9118  0.00000
    21      4.5828  0.00000
    22      5.1561  0.00000
    23      8.5377  0.00000
    24     12.8955  0.00000
    25     13.5064  0.00000
    26     16.9442  0.00000
    27     17.1401  0.00000

 KPT           96  SPIN            1  KWEIGHT    3.3222591362126247E-003
     1    -17.6276  0.00000
     2    -17.3773  0.00000
     3    -10.9276  0.00000
     4    -10.2007  0.00000
     5     -9.3543  0.00000
     6     -8.5584  0.00000
     7     -7.5809  0.00000
     8     -6.6544  0.00000
     9     -6.4622  0.00000
    10     -3.5212  0.00000
    11     -2.8850  0.00000
    12     -1.6267  0.00000
    13     -1.3057  0.00000
    14     -1.1941  0.00000
    15     -0.8014  0.00000
    16      1.5919  0.00000
    17      1.6917  0.00000
    18      2.2463  0.00000
    19      3.0079  0.00000
    20      3.9218  0.00000
    21      4.5898  0.00000
    22      5.1592  0.00000
    23      8.5373  0.00000
    24     12.8988  0.00000
    25     13.5173  0.00000
    26     16.9567  0.00000
    27     17.1328  0.00000

 KPT           97  SPIN            1  KWEIGHT    3.3222591362126247E-003
     1    -17.6228  0.00000
     2    -17.3743  0.00000
     3    -10.9342  0.00000
     4    -10.2072  0.00000
     5     -9.3561  0.00000
     6     -8.5609  0.00000
     7     -7.5829  0.00000
     8     -6.6522  0.00000
     9     -6.4581  0.00000
    10     -3.5181  0.00000
    11     -2.8739  0.00000
    12     -1.6263  0.00000
    13     -1.2988  0.00000
    14     -1.2118  0.00000
    15     -0.8116  0.00000
    16      1.5947  0.00000
    17      1.6837  0.00000
    18      2.2333  0.00000
    19      3.0069  0.00000
    20      3.9300  0.00000
    21      4.5956  0.00000
    22      5.1617  0.00000
    23      8.5369  0.00000
    24     12.9016  0.00000
    25     13.5263  0.00000
    26     16.9669  0.00000
    27     17.1268  0.00000

 KPT           98  SPIN            1  KWEIGHT    3.3222591362126247E-003
     1    -17.6191  0.00000
     2    -17.3719  0.00000
     3    -10.9393  0.00000
     4    -10.2122  0.00000
     5     -9.3576  0.00000
     6     -8.5628  0.00000
     7     -7.5844  0.00000
     8     -6.6505  0.00000
     9     -6.4549  0.00000
    10     -3.5157  0.00000
    11     -2.8651  0.00000
    12     -1.6260  0.00000
    13     -1.2933  0.00000
    14     -1.2258  0.00000
    15     -0.8197  0.00000
    16      1.5971  0.00000
    17      1.6774  0.00000
    18      2.2230  0.00000
    19      3.0062  0.00000
    20      3.9364  0.00000
    21      4.6002  0.00000
    22      5.1638  0.00000
    23      8.5367  0.00000
    24     12.9037  0.00000
    25     13.5332  0.00000
    26     16.9749  0.00000
    27     17.1221  0.00000

 KPT           99  SPIN            1  KWEIGHT    3.3222591362126247E-003
     1    -17.6164  0.00000
     2    -17.3702  0.00000
     3    -10.9429  0.00000
     4    -10.2158  0.00000
     5     -9.3586  0.00000
     6     -8.5642  0.00000
     7     -7.5855  0.00000
     8     -6.6493  0.00000
     9     -6.4526  0.00000
    10     -3.5139  0.00000
    11     -2.8587  0.00000
    12     -1.6257  0.00000
    13     -1.2893  0.00000
    14     -1.2360  0.00000
    15     -0.8256  0.00000
    16      1.5989  0.00000
    17      1.6729  0.00000
    18      2.2155  0.00000
    19      3.0057  0.00000
    20      3.9410  0.00000
    21      4.6034  0.00000
    22      5.1652  0.00000
    23      8.5364  0.00000
    24     12.9052  0.00000
    25     13.5382  0.00000
    26     16.9805  0.00000
    27     17.1187  0.00000

 KPT          100  SPIN            1  KWEIGHT    3.3222591362126247E-003
     1    -17.6148  0.00000
     2    -17.3692  0.00000
     3    -10.9451  0.00000
     4    -10.2180  0.00000
     5     -9.3593  0.00000
     6     -8.5650  0.00000
     7     -7.5861  0.00000
     8     -6.6485  0.00000
     9     -6.4513  0.00000
    10     -3.5129  0.00000
    11     -2.8548  0.00000
    12     -1.6256  0.00000
    13     -1.2869  0.00000
    14     -1.2421  0.00000
    15     -0.8291  0.00000
    16      1.6001  0.00000
    17      1.6702  0.00000
    18      2.2109  0.00000
    19      3.0054  0.00000
    20      3.9438  0.00000
    21      4.6054  0.00000
    22      5.1661  0.00000
    23      8.5363  0.00000
    24     12.9061  0.00000
    25     13.5412  0.00000
    26     16.9840  0.00000
    27     17.1167  0.00000

 KPT          101  SPIN            1  KWEIGHT    3.3222591362126247E-003
     1    -17.6143  0.00000
     2    -17.3689  0.00000
     3    -10.9458  0.00000
     4    -10.2187  0.00000
     5     -9.3595  0.00000
     6     -8.5653  0.00000
     7     -7.5863  0.00000
     8     -6.6483  0.00000
     9     -6.4508  0.00000
    10     -3.5125  0.00000
    11     -2.8535  0.00000
    12     -1.6255  0.00000
    13     -1.2861  0.00000
    14     -1.2442  0.00000
    15     -0.8303  0.00000
    16      1.6005  0.00000
    17      1.6693  0.00000
    18      2.2094  0.00000
    19      3.0053  0.00000
    20      3.9447  0.00000
    21      4.6060  0.00000
    22      5.1664  0.00000
    23      8.5363  0.00000
    24     12.9064  0.00000
    25     13.5422  0.00000
    26     16.9851  0.00000
    27     17.1161  0.00000

 KPT          102  SPIN            1  KWEIGHT    3.3222591362126247E-003
     1    -17.6142  0.00000
     2    -17.3688  0.00000
     3    -10.9457  0.00000
     4    -10.2188  0.00000
     5     -9.3594  0.00000
     6     -8.5654  0.00000
     7     -7.5863  0.00000
     8     -6.6509  0.00000
     9     -6.4487  0.00000
    10     -3.5124  0.00000
    11     -2.8534  0.00000
    12     -1.6269  0.00000
    13     -1.2856  0.00000
    14     -1.2441  0.00000
    15     -0.8289  0.00000
    16      1.6004  0.00000
    17      1.6691  0.00000
    18      2.2098  0.00000
    19      3.0052  0.00000
    20      3.9444  0.00000
    21      4.6059  0.00000
    22      5.1660  0.00000
    23      8.5364  0.00000
    24     12.9004  0.00000
    25     13.5485  0.00000
    26     16.9853  0.00000
    27     17.1160  0.00000

 KPT          103  SPIN            1  KWEIGHT    3.3222591362126247E-003
     1    -17.6141  0.00000
     2    -17.3687  0.00000
     3    -10.9453  0.00000
     4    -10.2189  0.00000
     5     -9.3593  0.00000
     6     -8.5658  0.00000
     7     -7.5864  0.00000
     8     -6.6583  0.00000
     9     -6.4426  0.00000
    10     -3.5122  0.00000
    11     -2.8531  0.00000
    12     -1.6309  0.00000
    13     -1.2842  0.00000
    14     -1.2438  0.00000
    15     -0.8245  0.00000
    16      1.6002  0.00000
    17      1.6684  0.00000
    18      2.2110  0.00000
    19      3.0049  0.00000
    20      3.9437  0.00000
    21      4.6055  0.00000
    22      5.1648  0.00000
    23      8.5367  0.00000
    24     12.8830  0.00000
    25     13.5665  0.00000
    26     16.9861  0.00000
    27     17.1157  0.00000

 KPT          104  SPIN            1  KWEIGHT    3.3222591362126247E-003
     1    -17.6139  0.00000
     2    -17.3685  0.00000
     3    -10.9447  0.00000
     4    -10.2191  0.00000
     5     -9.3591  0.00000
     6     -8.5664  0.00000
     7     -7.5864  0.00000
     8     -6.6697  0.00000
     9     -6.4333  0.00000
    10     -3.5118  0.00000
    11     -2.8527  0.00000
    12     -1.6375  0.00000
    13     -1.2819  0.00000
    14     -1.2434  0.00000
    15     -0.8174  0.00000
    16      1.5997  0.00000
    17      1.6673  0.00000
    18      2.2130  0.00000
    19      3.0044  0.00000
    20      3.9425  0.00000
    21      4.6049  0.00000
    22      5.1629  0.00000
    23      8.5371  0.00000
    24     12.8561  0.00000
    25     13.5947  0.00000
    26     16.9873  0.00000
    27     17.1152  0.00000

 KPT          105  SPIN            1  KWEIGHT    3.3222591362126247E-003
     1    -17.6135  0.00000
     2    -17.3683  0.00000
     3    -10.9437  0.00000
     4    -10.2194  0.00000
     5     -9.3588  0.00000
     6     -8.5673  0.00000
     7     -7.5864  0.00000
     8     -6.6844  0.00000
     9     -6.4216  0.00000
    10     -3.5112  0.00000
    11     -2.8521  0.00000
    12     -1.6466  0.00000
    13     -1.2787  0.00000
    14     -1.2429  0.00000
    15     -0.8076  0.00000
    16      1.5988  0.00000
    17      1.6660  0.00000
    18      2.2157  0.00000
    19      3.0038  0.00000
    20      3.9408  0.00000
    21      4.6040  0.00000
    22      5.1601  0.00000
    23      8.5378  0.00000
    24     12.8215  0.00000
    25     13.6309  0.00000
    26     16.9890  0.00000
    27     17.1145  0.00000

 KPT          106  SPIN            1  KWEIGHT    3.3222591362126247E-003
     1    -17.6131  0.00000
     2    -17.3679  0.00000
     3    -10.9426  0.00000
     4    -10.2198  0.00000
     5     -9.3584  0.00000
     6     -8.5684  0.00000
     7     -7.5864  0.00000
     8     -6.7016  0.00000
     9     -6.4084  0.00000
    10     -3.5105  0.00000
    11     -2.8513  0.00000
    12     -1.6578  0.00000
    13     -1.2746  0.00000
    14     -1.2422  0.00000
    15     -0.7953  0.00000
    16      1.5974  0.00000
    17      1.6647  0.00000
    18      2.2191  0.00000
    19      3.0029  0.00000
    20      3.9386  0.00000
    21      4.6028  0.00000
    22      5.1566  0.00000
    23      8.5387  0.00000
    24     12.7812  0.00000
    25     13.6733  0.00000
    26     16.9912  0.00000
    27     17.1136  0.00000

 KPT          107  SPIN            1  KWEIGHT    3.3222591362126247E-003
     1    -17.6126  0.00000
     2    -17.3675  0.00000
     3    -10.9411  0.00000
     4    -10.2202  0.00000
     5     -9.3579  0.00000
     6     -8.5697  0.00000
     7     -7.5865  0.00000
     8     -6.7206  0.00000
     9     -6.3941  0.00000
    10     -3.5096  0.00000
    11     -2.8504  0.00000
    12     -1.6712  0.00000
    13     -1.2697  0.00000
    14     -1.2413  0.00000
    15     -0.7807  0.00000
    16      1.5952  0.00000
    17      1.6636  0.00000
    18      2.2233  0.00000
    19      3.0019  0.00000
    20      3.9359  0.00000
    21      4.6014  0.00000
    22      5.1522  0.00000
    23      8.5397  0.00000
    24     12.7368  0.00000
    25     13.7203  0.00000
    26     16.9939  0.00000
    27     17.1125  0.00000

 KPT          108  SPIN            1  KWEIGHT    3.3222591362126247E-003
     1    -17.6120  0.00000
     2    -17.3670  0.00000
     3    -10.9394  0.00000
     4    -10.2208  0.00000
     5     -9.3574  0.00000
     6     -8.5713  0.00000
     7     -7.5865  0.00000
     8     -6.7411  0.00000
     9     -6.3791  0.00000
    10     -3.5086  0.00000
    11     -2.8493  0.00000
    12     -1.6863  0.00000
    13     -1.2639  0.00000
    14     -1.2402  0.00000
    15     -0.7639  0.00000
    16      1.5919  0.00000
    17      1.6631  0.00000
    18      2.2281  0.00000
    19      3.0007  0.00000
    20      3.9327  0.00000
    21      4.5997  0.00000
    22      5.1471  0.00000
    23      8.5410  0.00000
    24     12.6894  0.00000
    25     13.7707  0.00000
    26     16.9970  0.00000
    27     17.1112  0.00000

 KPT          109  SPIN            1  KWEIGHT    3.3222591362126247E-003
     1    -17.6113  0.00000
     2    -17.3664  0.00000
     3    -10.9375  0.00000
     4    -10.2214  0.00000
     5     -9.3567  0.00000
     6     -8.5731  0.00000
     7     -7.5866  0.00000
     8     -6.7629  0.00000
     9     -6.3639  0.00000
    10     -3.5075  0.00000
    11     -2.8481  0.00000
    12     -1.7030  0.00000
    13     -1.2573  0.00000
    14     -1.2390  0.00000
    15     -0.7453  0.00000
    16      1.5874  0.00000
    17      1.6634  0.00000
    18      2.2335  0.00000
    19      2.9993  0.00000
    20      3.9290  0.00000
    21      4.5978  0.00000
    22      5.1413  0.00000
    23      8.5424  0.00000
    24     12.6399  0.00000
    25     13.8237  0.00000
    26     17.0007  0.00000
    27     17.1097  0.00000

 KPT          110  SPIN            1  KWEIGHT    3.3222591362126247E-003
     1    -17.6105  0.00000
     2    -17.3657  0.00000
     3    -10.9353  0.00000
     4    -10.2221  0.00000
     5     -9.3560  0.00000
     6     -8.5751  0.00000
     7     -7.5867  0.00000
     8     -6.7856  0.00000
     9     -6.3484  0.00000
    10     -3.5062  0.00000
    11     -2.8466  0.00000
    12     -1.7212  0.00000
    13     -1.2500  0.00000
    14     -1.2377  0.00000
    15     -0.7250  0.00000
    16      1.5816  0.00000
    17      1.6646  0.00000
    18      2.2395  0.00000
    19      2.9977  0.00000
    20      3.9249  0.00000
    21      4.5956  0.00000
    22      5.1346  0.00000
    23      8.5440  0.00000
    24     12.5889  0.00000
    25     13.8786  0.00000
    26     17.0049  0.00000
    27     17.1081  0.00000

 KPT          111  SPIN            1  KWEIGHT    3.3222591362126247E-003
     1    -17.6096  0.00000
     2    -17.3650  0.00000
     3    -10.9328  0.00000
     4    -10.2229  0.00000
     5     -9.3552  0.00000
     6     -8.5774  0.00000
     7     -7.5868  0.00000
     8     -6.8091  0.00000
     9     -6.3330  0.00000
    10     -3.5047  0.00000
    11     -2.8450  0.00000
    12     -1.7405  0.00000
    13     -1.2418  0.00000
    14     -1.2361  0.00000
    15     -0.7031  0.00000
    16      1.5745  0.00000
    17      1.6667  0.00000
    18      2.2460  0.00000
    19      2.9959  0.00000
    20      3.9203  0.00000
    21      4.5932  0.00000
    22      5.1273  0.00000
    23      8.5457  0.00000
    24     12.5368  0.00000
    25     13.9350  0.00000
    26     17.0095  0.00000
    27     17.1062  0.00000

 KPT          112  SPIN            1  KWEIGHT    3.3222591362126247E-003
     1    -17.6086  0.00000
     2    -17.3642  0.00000
     3    -10.9300  0.00000
     4    -10.2238  0.00000
     5     -9.3543  0.00000
     6     -8.5798  0.00000
     7     -7.5870  0.00000
     8     -6.8334  0.00000
     9     -6.3176  0.00000
    10     -3.5032  0.00000
    11     -2.8433  0.00000
    12     -1.7609  0.00000
    13     -1.2345  0.00000
    14     -1.2328  0.00000
    15     -0.6798  0.00000
    16      1.5661  0.00000
    17      1.6698  0.00000
    18      2.2530  0.00000
    19      2.9939  0.00000
    20      3.9152  0.00000
    21      4.5905  0.00000
    22      5.1191  0.00000
    23      8.5477  0.00000
    24     12.4840  0.00000
    25     13.9924  0.00000
    26     17.0146  0.00000
    27     17.1042  0.00000

 KPT          113  SPIN            1  KWEIGHT    3.3222591362126247E-003
     1    -17.6076  0.00000
     2    -17.3633  0.00000
     3    -10.9271  0.00000
     4    -10.2248  0.00000
     5     -9.3534  0.00000
     6     -8.5825  0.00000
     7     -7.5871  0.00000
     8     -6.8584  0.00000
     9     -6.3023  0.00000
    10     -3.5015  0.00000
    11     -2.8414  0.00000
    12     -1.7821  0.00000
    13     -1.2326  0.00000
    14     -1.2231  0.00000
    15     -0.6554  0.00000
    16      1.5565  0.00000
    17      1.6738  0.00000
    18      2.2604  0.00000
    19      2.9917  0.00000
    20      3.9097  0.00000
    21      4.5876  0.00000
    22      5.1103  0.00000
    23      8.5498  0.00000
    24     12.4308  0.00000
    25     14.0507  0.00000
    26     17.0203  0.00000
    27     17.1019  0.00000

 KPT          114  SPIN            1  KWEIGHT    3.3222591362126247E-003
     1    -17.6064  0.00000
     2    -17.3623  0.00000
     3    -10.9238  0.00000
     4    -10.2259  0.00000
     5     -9.3523  0.00000
     6     -8.5853  0.00000
     7     -7.5873  0.00000
     8     -6.8839  0.00000
     9     -6.2872  0.00000
    10     -3.4997  0.00000
    11     -2.8393  0.00000
    12     -1.8041  0.00000
    13     -1.2306  0.00000
    14     -1.2126  0.00000
    15     -0.6299  0.00000
    16      1.5458  0.00000
    17      1.6786  0.00000
    18      2.2683  0.00000
    19      2.9893  0.00000
    20      3.9037  0.00000
    21      4.5844  0.00000
    22      5.1007  0.00000
    23      8.5521  0.00000
    24     12.3774  0.00000
    25     14.1096  0.00000
    26     17.0264  0.00000
    27     17.0995  0.00000

 KPT          115  SPIN            1  KWEIGHT    3.3222591362126247E-003
     1    -17.6051  0.00000
     2    -17.3613  0.00000
     3    -10.9203  0.00000
     4    -10.2270  0.00000
     5     -9.3512  0.00000
     6     -8.5884  0.00000
     7     -7.5876  0.00000
     8     -6.9100  0.00000
     9     -6.2724  0.00000
    10     -3.4979  0.00000
    11     -2.8371  0.00000
    12     -1.8266  0.00000
    13     -1.2284  0.00000
    14     -1.2013  0.00000
    15     -0.6035  0.00000
    16      1.5342  0.00000
    17      1.6841  0.00000
    18      2.2765  0.00000
    19      2.9867  0.00000
    20      3.8973  0.00000
    21      4.5809  0.00000
    22      5.0903  0.00000
    23      8.5545  0.00000
    24     12.3238  0.00000
    25     14.1690  0.00000
    26     17.0330  0.00000
    27     17.0968  0.00000

 KPT          116  SPIN            1  KWEIGHT    3.3222591362126247E-003
     1    -17.6038  0.00000
     2    -17.3602  0.00000
     3    -10.9165  0.00000
     4    -10.2283  0.00000
     5     -9.3500  0.00000
     6     -8.5916  0.00000
     7     -7.5878  0.00000
     8     -6.9366  0.00000
     9     -6.2578  0.00000
    10     -3.4959  0.00000
    11     -2.8347  0.00000
    12     -1.8497  0.00000
    13     -1.2261  0.00000
    14     -1.1892  0.00000
    15     -0.5762  0.00000
    16      1.5216  0.00000
    17      1.6903  0.00000
    18      2.2850  0.00000
    19      2.9839  0.00000
    20      3.8904  0.00000
    21      4.5772  0.00000
    22      5.0793  0.00000
    23      8.5571  0.00000
    24     12.2703  0.00000
    25     14.2286  0.00000
    26     17.0402  0.00000
    27     17.0940  0.00000

 KPT          117  SPIN            1  KWEIGHT    3.3222591362126247E-003
     1    -17.6024  0.00000
     2    -17.3590  0.00000
     3    -10.9125  0.00000
     4    -10.2296  0.00000
     5     -9.3487  0.00000
     6     -8.5950  0.00000
     7     -7.5882  0.00000
     8     -6.9637  0.00000
     9     -6.2434  0.00000
    10     -3.4939  0.00000
    11     -2.8321  0.00000
    12     -1.8732  0.00000
    13     -1.2236  0.00000
    14     -1.1764  0.00000
    15     -0.5482  0.00000
    16      1.5083  0.00000
    17      1.6972  0.00000
    18      2.2938  0.00000
    19      2.9808  0.00000
    20      3.8831  0.00000
    21      4.5733  0.00000
    22      5.0676  0.00000
    23      8.5598  0.00000
    24     12.2169  0.00000
    25     14.2884  0.00000
    26     17.0478  0.00000
    27     17.0910  0.00000

 KPT          118  SPIN            1  KWEIGHT    3.3222591362126247E-003
     1    -17.6009  0.00000
     2    -17.3578  0.00000
     3    -10.9082  0.00000
     4    -10.2310  0.00000
     5     -9.3474  0.00000
     6     -8.5985  0.00000
     7     -7.5885  0.00000
     8     -6.9912  0.00000
     9     -6.2294  0.00000
    10     -3.4918  0.00000
    11     -2.8294  0.00000
    12     -1.8971  0.00000
    13     -1.2210  0.00000
    14     -1.1628  0.00000
    15     -0.5195  0.00000
    16      1.4943  0.00000
    17      1.7047  0.00000
    18      2.3029  0.00000
    19      2.9776  0.00000
    20      3.8753  0.00000
    21      4.5691  0.00000
    22      5.0552  0.00000
    23      8.5626  0.00000
    24     12.1637  0.00000
    25     14.3483  0.00000
    26     17.0559  0.00000
    27     17.0878  0.00000

 KPT          119  SPIN            1  KWEIGHT    3.3222591362126247E-003
     1    -17.5993  0.00000
     2    -17.3565  0.00000
     3    -10.9037  0.00000
     4    -10.2326  0.00000
     5     -9.3460  0.00000
     6     -8.6022  0.00000
     7     -7.5890  0.00000
     8     -7.0192  0.00000
     9     -6.2156  0.00000
    10     -3.4896  0.00000
    11     -2.8266  0.00000
    12     -1.9212  0.00000
    13     -1.2181  0.00000
    14     -1.1485  0.00000
    15     -0.4902  0.00000
    16      1.4796  0.00000
    17      1.7128  0.00000
    18      2.3123  0.00000
    19      2.9741  0.00000
    20      3.8671  0.00000
    21      4.5646  0.00000
    22      5.0421  0.00000
    23      8.5656  0.00000
    24     12.1107  0.00000
    25     14.4082  0.00000
    26     17.0646  0.00000
    27     17.0845  0.00000

 KPT          120  SPIN            1  KWEIGHT    3.3222591362126247E-003
     1    -17.5976  0.00000
     2    -17.3551  0.00000
     3    -10.8989  0.00000
     4    -10.2342  0.00000
     5     -9.3445  0.00000
     6     -8.6060  0.00000
     7     -7.5894  0.00000
     8     -7.0475  0.00000
     9     -6.2021  0.00000
    10     -3.4874  0.00000
    11     -2.8236  0.00000
    12     -1.9454  0.00000
    13     -1.2152  0.00000
    14     -1.1335  0.00000
    15     -0.4605  0.00000
    16      1.4642  0.00000
    17      1.7214  0.00000
    18      2.3218  0.00000
    19      2.9704  0.00000
    20      3.8585  0.00000
    21      4.5599  0.00000
    22      5.0284  0.00000
    23      8.5687  0.00000
    24     12.0581  0.00000
    25     14.4681  0.00000
    26     17.0737  0.00000
    27     17.0809  0.00000

 KPT          121  SPIN            1  KWEIGHT    3.3222591362126247E-003
     1    -17.5958  0.00000
     2    -17.3536  0.00000
     3    -10.8939  0.00000
     4    -10.2359  0.00000
     5     -9.3430  0.00000
     6     -8.6099  0.00000
     7     -7.5900  0.00000
     8     -7.0763  0.00000
     9     -6.1888  0.00000
    10     -3.4852  0.00000
    11     -2.8204  0.00000
    12     -1.9698  0.00000
    13     -1.2120  0.00000
    14     -1.1177  0.00000
    15     -0.4302  0.00000
    16      1.4483  0.00000
    17      1.7306  0.00000
    18      2.3315  0.00000
    19      2.9665  0.00000
    20      3.8495  0.00000
    21      4.5549  0.00000
    22      5.0140  0.00000
    23      8.5720  0.00000
    24     12.0058  0.00000
    25     14.5277  0.00000
    26     17.0772  0.00000
    27     17.0834  0.00000

 KPT          122  SPIN            1  KWEIGHT    3.3222591362126247E-003
     1    -17.5940  0.00000
     2    -17.3521  0.00000
     3    -10.8886  0.00000
     4    -10.2377  0.00000
     5     -9.3413  0.00000
     6     -8.6140  0.00000
     7     -7.5906  0.00000
     8     -7.1054  0.00000
     9     -6.1758  0.00000
    10     -3.4830  0.00000
    11     -2.8171  0.00000
    12     -1.9943  0.00000
    13     -1.2087  0.00000
    14     -1.1012  0.00000
    15     -0.3996  0.00000
    16      1.4318  0.00000
    17      1.7403  0.00000
    18      2.3415  0.00000
    19      2.9623  0.00000
    20      3.8401  0.00000
    21      4.5497  0.00000
    22      4.9990  0.00000
    23      8.5753  0.00000
    24     11.9540  0.00000
    25     14.5872  0.00000
    26     17.0733  0.00000
    27     17.0936  0.00000

 KPT          123  SPIN            1  KWEIGHT    3.3222591362126247E-003
     1    -17.5921  0.00000
     2    -17.3505  0.00000
     3    -10.8831  0.00000
     4    -10.2397  0.00000
     5     -9.3397  0.00000
     6     -8.6182  0.00000
     7     -7.5913  0.00000
     8     -7.1348  0.00000
     9     -6.1632  0.00000
    10     -3.4808  0.00000
    11     -2.8136  0.00000
    12     -2.0189  0.00000
    13     -1.2052  0.00000
    14     -1.0840  0.00000
    15     -0.3685  0.00000
    16      1.4148  0.00000
    17      1.7505  0.00000
    18      2.3515  0.00000
    19      2.9579  0.00000
    20      3.8303  0.00000
    21      4.5442  0.00000
    22      4.9833  0.00000
    23      8.5788  0.00000
    24     11.9025  0.00000
    25     14.6463  0.00000
    26     17.0692  0.00000
    27     17.1043  0.00000

 KPT          124  SPIN            1  KWEIGHT    3.3222591362126247E-003
     1    -17.5900  0.00000
     2    -17.3488  0.00000
     3    -10.8773  0.00000
     4    -10.2417  0.00000
     5     -9.3379  0.00000
     6     -8.6224  0.00000
     7     -7.5921  0.00000
     8     -7.1646  0.00000
     9     -6.1507  0.00000
    10     -3.4786  0.00000
    11     -2.8099  0.00000
    12     -2.0434  0.00000
    13     -1.2016  0.00000
    14     -1.0660  0.00000
    15     -0.3372  0.00000
    16      1.3973  0.00000
    17      1.7612  0.00000
    18      2.3617  0.00000
    19      2.9532  0.00000
    20      3.8201  0.00000
    21      4.5385  0.00000
    22      4.9671  0.00000
    23      8.5824  0.00000
    24     11.8516  0.00000
    25     14.7051  0.00000
    26     17.0649  0.00000
    27     17.1155  0.00000

 KPT          125  SPIN            1  KWEIGHT    3.3222591362126247E-003
     1    -17.5880  0.00000
     2    -17.3471  0.00000
     3    -10.8712  0.00000
     4    -10.2438  0.00000
     5     -9.3361  0.00000
     6     -8.6267  0.00000
     7     -7.5929  0.00000
     8     -7.1947  0.00000
     9     -6.1386  0.00000
    10     -3.4764  0.00000
    11     -2.8061  0.00000
    12     -2.0679  0.00000
    13     -1.1978  0.00000
    14     -1.0474  0.00000
    15     -0.3055  0.00000
    16      1.3793  0.00000
    17      1.7723  0.00000
    18      2.3720  0.00000
    19      2.9483  0.00000
    20      3.8095  0.00000
    21      4.5325  0.00000
    22      4.9503  0.00000
    23      8.5860  0.00000
    24     11.8011  0.00000
    25     14.7635  0.00000
    26     17.0605  0.00000
    27     17.1272  0.00000

 KPT          126  SPIN            1  KWEIGHT    3.3222591362126247E-003
     1    -17.5858  0.00000
     2    -17.3453  0.00000
     3    -10.8650  0.00000
     4    -10.2461  0.00000
     5     -9.3343  0.00000
     6     -8.6311  0.00000
     7     -7.5938  0.00000
     8     -7.2251  0.00000
     9     -6.1267  0.00000
    10     -3.4743  0.00000
    11     -2.8022  0.00000
    12     -2.0923  0.00000
    13     -1.1938  0.00000
    14     -1.0281  0.00000
    15     -0.2736  0.00000
    16      1.3608  0.00000
    17      1.7840  0.00000
    18      2.3825  0.00000
    19      2.9431  0.00000
    20      3.7986  0.00000
    21      4.5263  0.00000
    22      4.9329  0.00000
    23      8.5898  0.00000
    24     11.7511  0.00000
    25     14.8215  0.00000
    26     17.0559  0.00000
    27     17.1395  0.00000

 KPT          127  SPIN            1  KWEIGHT    3.3222591362126247E-003
     1    -17.5835  0.00000
     2    -17.3435  0.00000
     3    -10.8584  0.00000
     4    -10.2484  0.00000
     5     -9.3324  0.00000
     6     -8.6356  0.00000
     7     -7.5948  0.00000
     8     -7.2557  0.00000
     9     -6.1150  0.00000
    10     -3.4723  0.00000
    11     -2.7980  0.00000
    12     -2.1167  0.00000
    13     -1.1897  0.00000
    14     -1.0081  0.00000
    15     -0.2415  0.00000
    16      1.3419  0.00000
    17      1.7961  0.00000
    18      2.3930  0.00000
    19      2.9377  0.00000
    20      3.7873  0.00000
    21      4.5199  0.00000
    22      4.9150  0.00000
    23      8.5936  0.00000
    24     11.7017  0.00000
    25     14.8790  0.00000
    26     17.0511  0.00000
    27     17.1523  0.00000

 KPT          128  SPIN            1  KWEIGHT    3.3222591362126247E-003
     1    -17.5812  0.00000
     2    -17.3416  0.00000
     3    -10.8517  0.00000
     4    -10.2508  0.00000
     5     -9.3304  0.00000
     6     -8.6400  0.00000
     7     -7.5960  0.00000
     8     -7.2867  0.00000
     9     -6.1036  0.00000
    10     -3.4703  0.00000
    11     -2.7937  0.00000
    12     -2.1409  0.00000
    13     -1.1854  0.00000
    14     -0.9874  0.00000
    15     -0.2091  0.00000
    16      1.3226  0.00000
    17      1.8086  0.00000
    18      2.4036  0.00000
    19      2.9319  0.00000
    20      3.7756  0.00000
    21      4.5131  0.00000
    22      4.8965  0.00000
    23      8.5975  0.00000
    24     11.6528  0.00000
    25     14.9359  0.00000
    26     17.0461  0.00000
    27     17.1656  0.00000

 KPT          129  SPIN            1  KWEIGHT    3.3222591362126247E-003
     1    -17.5788  0.00000
     2    -17.3396  0.00000
     3    -10.8446  0.00000
     4    -10.2534  0.00000
     5     -9.3284  0.00000
     6     -8.6446  0.00000
     7     -7.5972  0.00000
     8     -7.3179  0.00000
     9     -6.0924  0.00000
    10     -3.4684  0.00000
    11     -2.7893  0.00000
    12     -2.1649  0.00000
    13     -1.1809  0.00000
    14     -0.9661  0.00000
    15     -0.1766  0.00000
    16      1.3029  0.00000
    17      1.8216  0.00000
    18      2.4143  0.00000
    19      2.9259  0.00000
    20      3.7636  0.00000
    21      4.5062  0.00000
    22      4.8775  0.00000
    23      8.6015  0.00000
    24     11.6045  0.00000
    25     14.9922  0.00000
    26     17.0410  0.00000
    27     17.1795  0.00000

 KPT          130  SPIN            1  KWEIGHT    3.3222591362126247E-003
     1    -17.5764  0.00000
     2    -17.3376  0.00000
     3    -10.8374  0.00000
     4    -10.2561  0.00000
     5     -9.3264  0.00000
     6     -8.6491  0.00000
     7     -7.5985  0.00000
     8     -7.3493  0.00000
     9     -6.0815  0.00000
    10     -3.4667  0.00000
    11     -2.7846  0.00000
    12     -2.1888  0.00000
    13     -1.1763  0.00000
    14     -0.9441  0.00000
    15     -0.1439  0.00000
    16      1.2828  0.00000
    17      1.8350  0.00000
    18      2.4250  0.00000
    19      2.9197  0.00000
    20      3.7513  0.00000
    21      4.4990  0.00000
    22      4.8580  0.00000
    23      8.6055  0.00000
    24     11.5568  0.00000
    25     15.0478  0.00000
    26     17.0358  0.00000
    27     17.1939  0.00000

 KPT          131  SPIN            1  KWEIGHT    3.3222591362126247E-003
     1    -17.5738  0.00000
     2    -17.3355  0.00000
     3    -10.8299  0.00000
     4    -10.2588  0.00000
     5     -9.3243  0.00000
     6     -8.6537  0.00000
     7     -7.5999  0.00000
     8     -7.3810  0.00000
     9     -6.0707  0.00000
    10     -3.4651  0.00000
    11     -2.7798  0.00000
    12     -2.2125  0.00000
    13     -1.1715  0.00000
    14     -0.9216  0.00000
    15     -0.1110  0.00000
    16      1.2623  0.00000
    17      1.8488  0.00000
    18      2.4359  0.00000
    19      2.9131  0.00000
    20      3.7387  0.00000
    21      4.4915  0.00000
    22      4.8380  0.00000
    23      8.6096  0.00000
    24     11.5096  0.00000
    25     15.1028  0.00000
    26     17.0304  0.00000
    27     17.2089  0.00000

 KPT          132  SPIN            1  KWEIGHT    3.3222591362126247E-003
     1    -17.5712  0.00000
     2    -17.3334  0.00000
     3    -10.8222  0.00000
     4    -10.2617  0.00000
     5     -9.3221  0.00000
     6     -8.6582  0.00000
     7     -7.6014  0.00000
     8     -7.4128  0.00000
     9     -6.0602  0.00000
    10     -3.4636  0.00000
    11     -2.7748  0.00000
    12     -2.2360  0.00000
    13     -1.1665  0.00000
    14     -0.8984  0.00000
    15     -0.0780  0.00000
    16      1.2415  0.00000
    17      1.8630  0.00000
    18      2.4467  0.00000
    19      2.9062  0.00000
    20      3.7257  0.00000
    21      4.4838  0.00000
    22      4.8176  0.00000
    23      8.6137  0.00000
    24     11.4631  0.00000
    25     15.1571  0.00000
    26     17.0248  0.00000
    27     17.2244  0.00000

 KPT          133  SPIN            1  KWEIGHT    3.3222591362126247E-003
     1    -17.5686  0.00000
     2    -17.3312  0.00000
     3    -10.8142  0.00000
     4    -10.2647  0.00000
     5     -9.3200  0.00000
     6     -8.6627  0.00000
     7     -7.6031  0.00000
     8     -7.4449  0.00000
     9     -6.0498  0.00000
    10     -3.4624  0.00000
    11     -2.7697  0.00000
    12     -2.2593  0.00000
    13     -1.1613  0.00000
    14     -0.8745  0.00000
    15     -0.0449  0.00000
    16      1.2202  0.00000
    17      1.8776  0.00000
    18      2.4576  0.00000
    19      2.8991  0.00000
    20      3.7125  0.00000
    21      4.4759  0.00000
    22      4.7967  0.00000
    23      8.6179  0.00000
    24     11.4172  0.00000
    25     15.2106  0.00000
    26     17.0191  0.00000
    27     17.2404  0.00000

 KPT          134  SPIN            1  KWEIGHT    3.3222591362126247E-003
     1    -17.5658  0.00000
     2    -17.3289  0.00000
     3    -10.8060  0.00000
     4    -10.2678  0.00000
     5     -9.3178  0.00000
     6     -8.6672  0.00000
     7     -7.6048  0.00000
     8     -7.4772  0.00000
     9     -6.0396  0.00000
    10     -3.4613  0.00000
    11     -2.7643  0.00000
    12     -2.2824  0.00000
    13     -1.1560  0.00000
    14     -0.8502  0.00000
    15     -0.0116  0.00000
    16      1.1987  0.00000
    17      1.8926  0.00000
    18      2.4686  0.00000
    19      2.8916  0.00000
    20      3.6990  0.00000
    21      4.4677  0.00000
    22      4.7754  0.00000
    23      8.6221  0.00000
    24     11.3719  0.00000
    25     15.2633  0.00000
    26     17.0132  0.00000
    27     17.2570  0.00000

 KPT          135  SPIN            1  KWEIGHT    3.3222591362126247E-003
     1    -17.5630  0.00000
     2    -17.3266  0.00000
     3    -10.7975  0.00000
     4    -10.2710  0.00000
     5     -9.3156  0.00000
     6     -8.6717  0.00000
     7     -7.6067  0.00000
     8     -7.5096  0.00000
     9     -6.0296  0.00000
    10     -3.4604  0.00000
    11     -2.7588  0.00000
    12     -2.3052  0.00000
    13     -1.1506  0.00000
    14     -0.8252  0.00000
    15      0.0217  0.00000
    16      1.1768  0.00000
    17      1.9079  0.00000
    18      2.4796  0.00000
    19      2.8838  0.00000
    20      3.6852  0.00000
    21      4.4593  0.00000
    22      4.7537  0.00000
    23      8.6263  0.00000
    24     11.3272  0.00000
    25     15.3151  0.00000
    26     17.0072  0.00000
    27     17.2741  0.00000

 KPT          136  SPIN            1  KWEIGHT    3.3222591362126247E-003
     1    -17.5602  0.00000
     2    -17.3243  0.00000
     3    -10.7889  0.00000
     4    -10.2743  0.00000
     5     -9.3133  0.00000
     6     -8.6761  0.00000
     7     -7.6087  0.00000
     8     -7.5421  0.00000
     9     -6.0197  0.00000
    10     -3.4597  0.00000
    11     -2.7530  0.00000
    12     -2.3277  0.00000
    13     -1.1449  0.00000
    14     -0.7996  0.00000
    15      0.0551  0.00000
    16      1.1546  0.00000
    17      1.9237  0.00000
    18      2.4906  0.00000
    19      2.8757  0.00000
    20      3.6711  0.00000
    21      4.4506  0.00000
    22      4.7316  0.00000
    23      8.6306  0.00000
    24     11.2832  0.00000
    25     15.3660  0.00000
    26     17.0011  0.00000
    27     17.2917  0.00000

 KPT          137  SPIN            1  KWEIGHT    3.3222591362126247E-003
     1    -17.5573  0.00000
     2    -17.3219  0.00000
     3    -10.7800  0.00000
     4    -10.2777  0.00000
     5     -9.3110  0.00000
     6     -8.6805  0.00000
     7     -7.6108  0.00000
     8     -7.5749  0.00000
     9     -6.0100  0.00000
    10     -3.4592  0.00000
    11     -2.7471  0.00000
    12     -2.3500  0.00000
    13     -1.1391  0.00000
    14     -0.7736  0.00000
    15      0.0886  0.00000
    16      1.1320  0.00000
    17      1.9397  0.00000
    18      2.5017  0.00000
    19      2.8672  0.00000
    20      3.6567  0.00000
    21      4.4417  0.00000
    22      4.7092  0.00000
    23      8.6349  0.00000
    24     11.2398  0.00000
    25     15.4161  0.00000
    26     16.9948  0.00000
    27     17.3099  0.00000

 KPT          138  SPIN            1  KWEIGHT    3.3222591362126247E-003
     1    -17.5543  0.00000
     2    -17.3195  0.00000
     3    -10.7708  0.00000
     4    -10.2813  0.00000
     5     -9.3087  0.00000
     6     -8.6848  0.00000
     7     -7.6130  0.00000
     8     -7.6077  0.00000
     9     -6.0004  0.00000
    10     -3.4590  0.00000
    11     -2.7410  0.00000
    12     -2.3719  0.00000
    13     -1.1331  0.00000
    14     -0.7470  0.00000
    15      0.1222  0.00000
    16      1.1092  0.00000
    17      1.9561  0.00000
    18      2.5128  0.00000
    19      2.8584  0.00000
    20      3.6421  0.00000
    21      4.4325  0.00000
    22      4.6864  0.00000
    23      8.6392  0.00000
    24     11.1971  0.00000
    25     15.4652  0.00000
    26     16.9885  0.00000
    27     17.3287  0.00000

 KPT          139  SPIN            1  KWEIGHT    3.3222591362126247E-003
     1    -17.5513  0.00000
     2    -17.3170  0.00000
     3    -10.7615  0.00000
     4    -10.2849  0.00000
     5     -9.3064  0.00000
     6     -8.6890  0.00000
     7     -7.6406  0.00000
     8     -7.6154  0.00000
     9     -5.9909  0.00000
    10     -3.4591  0.00000
    11     -2.7346  0.00000
    12     -2.3936  0.00000
    13     -1.1270  0.00000
    14     -0.7199  0.00000
    15      0.1558  0.00000
    16      1.0860  0.00000
    17      1.9728  0.00000
    18      2.5240  0.00000
    19      2.8493  0.00000
    20      3.6273  0.00000
    21      4.4231  0.00000
    22      4.6633  0.00000
    23      8.6435  0.00000
    24     11.1551  0.00000
    25     15.5133  0.00000
    26     16.9819  0.00000
    27     17.3479  0.00000

 KPT          140  SPIN            1  KWEIGHT    3.3222591362126247E-003
     1    -17.5482  0.00000
     2    -17.3145  0.00000
     3    -10.7519  0.00000
     4    -10.2887  0.00000
     5     -9.3041  0.00000
     6     -8.6931  0.00000
     7     -7.6737  0.00000
     8     -7.6179  0.00000
     9     -5.9815  0.00000
    10     -3.4594  0.00000
    11     -2.7281  0.00000
    12     -2.4150  0.00000
    13     -1.1206  0.00000
    14     -0.6922  0.00000
    15      0.1895  0.00000
    16      1.0626  0.00000
    17      1.9898  0.00000
    18      2.5351  0.00000
    19      2.8399  0.00000
    20      3.6122  0.00000
    21      4.4135  0.00000
    22      4.6399  0.00000
    23      8.6478  0.00000
    24     11.1137  0.00000
    25     15.5604  0.00000
    26     16.9753  0.00000
    27     17.3677  0.00000

 KPT          141  SPIN            1  KWEIGHT    3.3222591362126247E-003
     1    -17.5451  0.00000
     2    -17.3119  0.00000
     3    -10.7421  0.00000
     4    -10.2926  0.00000
     5     -9.3018  0.00000
     6     -8.6971  0.00000
     7     -7.7068  0.00000
     8     -7.6205  0.00000
     9     -5.9723  0.00000
    10     -3.4600  0.00000
    11     -2.7214  0.00000
    12     -2.4360  0.00000
    13     -1.1141  0.00000
    14     -0.6642  0.00000
    15      0.2232  0.00000
    16      1.0388  0.00000
    17      2.0071  0.00000
    18      2.5463  0.00000
    19      2.8301  0.00000
    20      3.5969  0.00000
    21      4.4036  0.00000
    22      4.6162  0.00000
    23      8.6521  0.00000
    24     11.0730  0.00000
    25     15.6065  0.00000
    26     16.9685  0.00000
    27     17.3880  0.00000

 KPT          142  SPIN            1  KWEIGHT    3.3222591362126247E-003
     1    -17.5419  0.00000
     2    -17.3093  0.00000
     3    -10.7321  0.00000
     4    -10.2965  0.00000
     5     -9.2995  0.00000
     6     -8.7011  0.00000
     7     -7.7400  0.00000
     8     -7.6232  0.00000
     9     -5.9631  0.00000
    10     -3.4609  0.00000
    11     -2.7144  0.00000
    12     -2.4567  0.00000
    13     -1.1075  0.00000
    14     -0.6356  0.00000
    15      0.2570  0.00000
    16      1.0148  0.00000
    17      2.0246  0.00000
    18      2.5576  0.00000
    19      2.8199  0.00000
    20      3.5814  0.00000
    21      4.3935  0.00000
    22      4.5922  0.00000
    23      8.6564  0.00000
    24     11.0329  0.00000
    25     15.6516  0.00000
    26     16.9617  0.00000
    27     17.4087  0.00000

 KPT          143  SPIN            1  KWEIGHT    3.3222591362126247E-003
     1    -17.5387  0.00000
     2    -17.3067  0.00000
     3    -10.7218  0.00000
     4    -10.3006  0.00000
     5     -9.2972  0.00000
     6     -8.7049  0.00000
     7     -7.7732  0.00000
     8     -7.6261  0.00000
     9     -5.9540  0.00000
    10     -3.4621  0.00000
    11     -2.7072  0.00000
    12     -2.4771  0.00000
    13     -1.1007  0.00000
    14     -0.6066  0.00000
    15      0.2908  0.00000
    16      0.9905  0.00000
    17      2.0425  0.00000
    18      2.5688  0.00000
    19      2.8094  0.00000
    20      3.5656  0.00000
    21      4.3832  0.00000
    22      4.5680  0.00000
    23      8.6606  0.00000
    24     10.9936  0.00000
    25     15.6955  0.00000
    26     16.9547  0.00000
    27     17.4300  0.00000

 KPT          144  SPIN            1  KWEIGHT    3.3222591362126247E-003
     1    -17.5354  0.00000
     2    -17.3040  0.00000
     3    -10.7114  0.00000
     4    -10.3048  0.00000
     5     -9.2950  0.00000
     6     -8.7086  0.00000
     7     -7.8065  0.00000
     8     -7.6291  0.00000
     9     -5.9450  0.00000
    10     -3.4637  0.00000
    11     -2.6999  0.00000
    12     -2.4972  0.00000
    13     -1.0937  0.00000
    14     -0.5772  0.00000
    15      0.3246  0.00000
    16      0.9660  0.00000
    17      2.0605  0.00000
    18      2.5801  0.00000
    19      2.7985  0.00000
    20      3.5497  0.00000
    21      4.3726  0.00000
    22      4.5436  0.00000
    23      8.6649  0.00000
    24     10.9549  0.00000
    25     15.7384  0.00000
    26     16.9477  0.00000
    27     17.4518  0.00000

 KPT          145  SPIN            1  KWEIGHT    3.3222591362126247E-003
     1    -17.5321  0.00000
     2    -17.3013  0.00000
     3    -10.7007  0.00000
     4    -10.3090  0.00000
     5     -9.2927  0.00000
     6     -8.7122  0.00000
     7     -7.8398  0.00000
     8     -7.6322  0.00000
     9     -5.9361  0.00000
    10     -3.4655  0.00000
    11     -2.6923  0.00000
    12     -2.5169  0.00000
    13     -1.0865  0.00000
    14     -0.5474  0.00000
    15      0.3585  0.00000
    16      0.9412  0.00000
    17      2.0787  0.00000
    18      2.5915  0.00000
    19      2.7873  0.00000
    20      3.5335  0.00000
    21      4.3618  0.00000
    22      4.5190  0.00000
    23      8.6692  0.00000
    24     10.9169  0.00000
    25     15.7802  0.00000
    26     16.9405  0.00000
    27     17.4739  0.00000

 KPT          146  SPIN            1  KWEIGHT    3.3222591362126247E-003
     1    -17.5288  0.00000
     2    -17.2986  0.00000
     3    -10.6898  0.00000
     4    -10.3134  0.00000
     5     -9.2905  0.00000
     6     -8.7156  0.00000
     7     -7.8731  0.00000
     8     -7.6355  0.00000
     9     -5.9272  0.00000
    10     -3.4677  0.00000
    11     -2.6845  0.00000
    12     -2.5363  0.00000
    13     -1.0792  0.00000
    14     -0.5172  0.00000
    15      0.3924  0.00000
    16      0.9162  0.00000
    17      2.0972  0.00000
    18      2.6029  0.00000
    19      2.7757  0.00000
    20      3.5172  0.00000
    21      4.3507  0.00000
    22      4.4943  0.00000
    23      8.6734  0.00000
    24     10.8796  0.00000
    25     15.8209  0.00000
    26     16.9333  0.00000
    27     17.4966  0.00000

 KPT          147  SPIN            1  KWEIGHT    3.3222591362126247E-003
     1    -17.5254  0.00000
     2    -17.2958  0.00000
     3    -10.6787  0.00000
     4    -10.3179  0.00000
     5     -9.2883  0.00000
     6     -8.7190  0.00000
     7     -7.9064  0.00000
     8     -7.6389  0.00000
     9     -5.9183  0.00000
    10     -3.4702  0.00000
    11     -2.6764  0.00000
    12     -2.5553  0.00000
    13     -1.0717  0.00000
    14     -0.4867  0.00000
    15      0.4263  0.00000
    16      0.8909  0.00000
    17      2.1158  0.00000
    18      2.6143  0.00000
    19      2.7638  0.00000
    20      3.5006  0.00000
    21      4.3395  0.00000
    22      4.4694  0.00000
    23      8.6776  0.00000
    24     10.8430  0.00000
    25     15.8605  0.00000
    26     16.9260  0.00000
    27     17.5196  0.00000

 KPT          148  SPIN            1  KWEIGHT    3.3222591362126247E-003
     1    -17.5220  0.00000
     2    -17.2931  0.00000
     3    -10.6674  0.00000
     4    -10.3225  0.00000
     5     -9.2861  0.00000
     6     -8.7221  0.00000
     7     -7.9396  0.00000
     8     -7.6424  0.00000
     9     -5.9095  0.00000
    10     -3.4730  0.00000
    11     -2.6682  0.00000
    12     -2.5739  0.00000
    13     -1.0640  0.00000
    14     -0.4558  0.00000
    15      0.4603  0.00000
    16      0.8654  0.00000
    17      2.1346  0.00000
    18      2.6258  0.00000
    19      2.7515  0.00000
    20      3.4839  0.00000
    21      4.3280  0.00000
    22      4.4444  0.00000
    23      8.6817  0.00000
    24     10.8071  0.00000
    25     15.8990  0.00000
    26     16.9186  0.00000
    27     17.5430  0.00000

 KPT          149  SPIN            1  KWEIGHT    3.3222591362126247E-003
     1    -17.5185  0.00000
     2    -17.2903  0.00000
     3    -10.6559  0.00000
     4    -10.3271  0.00000
     5     -9.2840  0.00000
     6     -8.7251  0.00000
     7     -7.9728  0.00000
     8     -7.6460  0.00000
     9     -5.9007  0.00000
    10     -3.4762  0.00000
    11     -2.6598  0.00000
    12     -2.5922  0.00000
    13     -1.0562  0.00000
    14     -0.4246  0.00000
    15      0.4943  0.00000
    16      0.8396  0.00000
    17      2.1535  0.00000
    18      2.6373  0.00000
    19      2.7388  0.00000
    20      3.4669  0.00000
    21      4.3162  0.00000
    22      4.4192  0.00000
    23      8.6859  0.00000
    24     10.7719  0.00000
    25     15.9363  0.00000
    26     16.9111  0.00000
    27     17.5668  0.00000

 KPT          150  SPIN            1  KWEIGHT    3.3222591362126247E-003
     1    -17.5150  0.00000
     2    -17.2874  0.00000
     3    -10.6442  0.00000
     4    -10.3318  0.00000
     5     -9.2819  0.00000
     6     -8.7280  0.00000
     7     -8.0060  0.00000
     8     -7.6498  0.00000
     9     -5.8919  0.00000
    10     -3.4797  0.00000
    11     -2.6512  0.00000
    12     -2.6101  0.00000
    13     -1.0482  0.00000
    14     -0.3931  0.00000
    15      0.5283  0.00000
    16      0.8137  0.00000
    17      2.1725  0.00000
    18      2.6489  0.00000
    19      2.7258  0.00000
    20      3.4498  0.00000
    21      4.3042  0.00000
    22      4.3940  0.00000
    23      8.6899  0.00000
    24     10.7374  0.00000
    25     15.9725  0.00000
    26     16.9036  0.00000
    27     17.5909  0.00000

 KPT          151  SPIN            1  KWEIGHT    3.3222591362126247E-003
     1    -17.5116  0.00000
     2    -17.2846  0.00000
     3    -10.6323  0.00000
     4    -10.3367  0.00000
     5     -9.2799  0.00000
     6     -8.7307  0.00000
     7     -8.0390  0.00000
     8     -7.6537  0.00000
     9     -5.8832  0.00000
    10     -3.4836  0.00000
    11     -2.6423  0.00000
    12     -2.6276  0.00000
    13     -1.0400  0.00000
    14     -0.3613  0.00000
    15      0.5623  0.00000
    16      0.7876  0.00000
    17      2.1916  0.00000
    18      2.6606  0.00000
    19      2.7124  0.00000
    20      3.4324  0.00000
    21      4.2921  0.00000
    22      4.3688  0.00000
    23      8.6940  0.00000
    24     10.7036  0.00000
    25     16.0076  0.00000
    26     16.8960  0.00000
    27     17.6153  0.00000

 KPT          152  SPIN            1  KWEIGHT    3.3222591362126247E-003
     1    -17.5080  0.00000
     2    -17.2818  0.00000
     3    -10.6202  0.00000
     4    -10.3416  0.00000
     5     -9.2780  0.00000
     6     -8.7333  0.00000
     7     -8.0720  0.00000
     8     -7.6577  0.00000
     9     -5.8745  0.00000
    10     -3.4878  0.00000
    11     -2.6448  0.00000
    12     -2.6333  0.00000
    13     -1.0317  0.00000
    14     -0.3293  0.00000
    15      0.5964  0.00000
    16      0.7612  0.00000
    17      2.2108  0.00000
    18      2.6723  0.00000
    19      2.6986  0.00000
    20      3.4149  0.00000
    21      4.2796  0.00000
    22      4.3435  0.00000
    23      8.6980  0.00000
    24     10.6705  0.00000
    25     16.0416  0.00000
    26     16.8883  0.00000
    27     17.6400  0.00000

 KPT          153  SPIN            1  KWEIGHT    3.3222591362126247E-003
     1    -17.5045  0.00000
     2    -17.2789  0.00000
     3    -10.6079  0.00000
     4    -10.3465  0.00000
     5     -9.2762  0.00000
     6     -8.7357  0.00000
     7     -8.1048  0.00000
     8     -7.6618  0.00000
     9     -5.8657  0.00000
    10     -3.4923  0.00000
    11     -2.6616  0.00000
    12     -2.6241  0.00000
    13     -1.0233  0.00000
    14     -0.2970  0.00000
    15      0.6305  0.00000
    16      0.7347  0.00000
    17      2.2299  0.00000
    18      2.6842  0.00000
    19      2.6846  0.00000
    20      3.3972  0.00000
    21      4.2670  0.00000
    22      4.3183  0.00000
    23      8.7019  0.00000
    24     10.6381  0.00000
    25     16.0746  0.00000
    26     16.8807  0.00000
    27     17.6649  0.00000

 KPT          154  SPIN            1  KWEIGHT    3.3222591362126247E-003
     1    -17.5010  0.00000
     2    -17.2760  0.00000
     3    -10.5954  0.00000
     4    -10.3516  0.00000
     5     -9.2744  0.00000
     6     -8.7379  0.00000
     7     -8.1375  0.00000
     8     -7.6660  0.00000
     9     -5.8570  0.00000
    10     -3.4972  0.00000
    11     -2.6780  0.00000
    12     -2.6147  0.00000
    13     -1.0146  0.00000
    14     -0.2646  0.00000
    15      0.6646  0.00000
    16      0.7080  0.00000
    17      2.2491  0.00000
    18      2.6701  0.00000
    19      2.6961  0.00000
    20      3.3793  0.00000
    21      4.2541  0.00000
    22      4.2930  0.00000
    23      8.7058  0.00000
    24     10.6065  0.00000
    25     16.1064  0.00000
    26     16.8729  0.00000
    27     17.6900  0.00000

 KPT          155  SPIN            1  KWEIGHT    3.3222591362126247E-003
     1    -17.4974  0.00000
     2    -17.2731  0.00000
     3    -10.5827  0.00000
     4    -10.3567  0.00000
     5     -9.2728  0.00000
     6     -8.7399  0.00000
     7     -8.1700  0.00000
     8     -7.6704  0.00000
     9     -5.8483  0.00000
    10     -3.5023  0.00000
    11     -2.6940  0.00000
    12     -2.6051  0.00000
    13     -1.0058  0.00000
    14     -0.2319  0.00000
    15      0.6812  0.00000
    16      0.6987  0.00000
    17      2.2683  0.00000
    18      2.6554  0.00000
    19      2.7081  0.00000
    20      3.3611  0.00000
    21      4.2410  0.00000
    22      4.2678  0.00000
    23      8.7097  0.00000
    24     10.5755  0.00000
    25     16.1372  0.00000
    26     16.8652  0.00000
    27     17.7153  0.00000

 KPT          156  SPIN            1  KWEIGHT    3.3222591362126247E-003
     1    -17.4938  0.00000
     2    -17.2703  0.00000
     3    -10.5698  0.00000
     4    -10.3618  0.00000
     5     -9.2713  0.00000
     6     -8.7418  0.00000
     7     -8.2023  0.00000
     8     -7.6748  0.00000
     9     -5.8395  0.00000
    10     -3.5078  0.00000
    11     -2.7096  0.00000
    12     -2.5953  0.00000
    13     -0.9969  0.00000
    14     -0.1992  0.00000
    15      0.6542  0.00000
    16      0.7329  0.00000
    17      2.2874  0.00000
    18      2.6403  0.00000
    19      2.7203  0.00000
    20      3.3428  0.00000
    21      4.2277  0.00000
    22      4.2427  0.00000
    23      8.7135  0.00000
    24     10.5452  0.00000
    25     16.1669  0.00000
    26     16.8574  0.00000
    27     17.7407  0.00000

 KPT          157  SPIN            1  KWEIGHT    3.3222591362126247E-003
     1    -17.4902  0.00000
     2    -17.2674  0.00000
     3    -10.5568  0.00000
     4    -10.3670  0.00000
     5     -9.2699  0.00000
     6     -8.7435  0.00000
     7     -8.2345  0.00000
     8     -7.6794  0.00000
     9     -5.8307  0.00000
    10     -3.5136  0.00000
    11     -2.7248  0.00000
    12     -2.5854  0.00000
    13     -0.9878  0.00000
    14     -0.1663  0.00000
    15      0.6270  0.00000
    16      0.7671  0.00000
    17      2.3064  0.00000
    18      2.6249  0.00000
    19      2.7326  0.00000
    20      3.3243  0.00000
    21      4.2142  0.00000
    22      4.2177  0.00000
    23      8.7172  0.00000
    24     10.5157  0.00000
    25     16.1956  0.00000
    26     16.8497  0.00000
    27     17.7661  0.00000

 KPT          158  SPIN            1  KWEIGHT    3.3222591362126247E-003
     1    -17.4867  0.00000
     2    -17.2645  0.00000
     3    -10.5436  0.00000
     4    -10.3723  0.00000
     5     -9.2686  0.00000
     6     -8.7451  0.00000
     7     -8.2663  0.00000
     8     -7.6840  0.00000
     9     -5.8220  0.00000
    10     -3.5197  0.00000
    11     -2.7397  0.00000
    12     -2.5753  0.00000
    13     -0.9786  0.00000
    14     -0.1333  0.00000
    15      0.5998  0.00000
    16      0.8014  0.00000
    17      2.3253  0.00000
    18      2.6093  0.00000
    19      2.7450  0.00000
    20      3.3055  0.00000
    21      4.1928  0.00000
    22      4.2005  0.00000
    23      8.7209  0.00000
    24     10.4868  0.00000
    25     16.2233  0.00000
    26     16.8419  0.00000
    27     17.7916  0.00000

 KPT          159  SPIN            1  KWEIGHT    3.3222591362126247E-003
     1    -17.4831  0.00000
     2    -17.2616  0.00000
     3    -10.5302  0.00000
     4    -10.3776  0.00000
     5     -9.2675  0.00000
     6     -8.7465  0.00000
     7     -8.2980  0.00000
     8     -7.6887  0.00000
     9     -5.8132  0.00000
    10     -3.5261  0.00000
    11     -2.7541  0.00000
    12     -2.5651  0.00000
    13     -0.9692  0.00000
    14     -0.1002  0.00000
    15      0.5724  0.00000
    16      0.8357  0.00000
    17      2.3440  0.00000
    18      2.5933  0.00000
    19      2.7576  0.00000
    20      3.2865  0.00000
    21      4.1680  0.00000
    22      4.1866  0.00000
    23      8.7245  0.00000
    24     10.4587  0.00000
    25     16.2499  0.00000
    26     16.8341  0.00000
    27     17.8172  0.00000

 KPT          160  SPIN            1  KWEIGHT    3.3222591362126247E-003
     1    -17.4795  0.00000
     2    -17.2587  0.00000
     3    -10.5166  0.00000
     4    -10.3829  0.00000
     5     -9.2666  0.00000
     6     -8.7477  0.00000
     7     -8.3293  0.00000
     8     -7.6936  0.00000
     9     -5.8044  0.00000
    10     -3.5328  0.00000
    11     -2.7682  0.00000
    12     -2.5547  0.00000
    13     -0.9596  0.00000
    14     -0.0671  0.00000
    15      0.5448  0.00000
    16      0.8700  0.00000
    17      2.3625  0.00000
    18      2.5770  0.00000
    19      2.7704  0.00000
    20      3.2673  0.00000
    21      4.1435  0.00000
    22      4.1724  0.00000
    23      8.7280  0.00000
    24     10.4313  0.00000
    25     16.2757  0.00000
    26     16.8263  0.00000
    27     17.8426  0.00000

 KPT          161  SPIN            1  KWEIGHT    3.3222591362126247E-003
     1    -17.4759  0.00000
     2    -17.2559  0.00000
     3    -10.5029  0.00000
     4    -10.3883  0.00000
     5     -9.2659  0.00000
     6     -8.7487  0.00000
     7     -8.3603  0.00000
     8     -7.6985  0.00000
     9     -5.7955  0.00000
    10     -3.5397  0.00000
    11     -2.7818  0.00000
    12     -2.5443  0.00000
    13     -0.9499  0.00000
    14     -0.0340  0.00000
    15      0.5172  0.00000
    16      0.9044  0.00000
    17      2.3809  0.00000
    18      2.5605  0.00000
    19      2.7834  0.00000
    20      3.2478  0.00000
    21      4.1191  0.00000
    22      4.1581  0.00000
    23      8.7315  0.00000
    24     10.4046  0.00000
    25     16.3004  0.00000
    26     16.8186  0.00000
    27     17.8680  0.00000

 KPT          162  SPIN            1  KWEIGHT    3.3222591362126247E-003
     1    -17.4724  0.00000
     2    -17.2530  0.00000
     3    -10.4890  0.00000
     4    -10.3937  0.00000
     5     -9.2654  0.00000
     6     -8.7496  0.00000
     7     -8.3910  0.00000
     8     -7.7035  0.00000
     9     -5.7867  0.00000
    10     -3.5469  0.00000
    11     -2.7951  0.00000
    12     -2.5337  0.00000
    13     -0.9401  0.00000
    14     -0.0009  0.00000
    15      0.4896  0.00000
    16      0.9388  0.00000
    17      2.3989  0.00000
    18      2.5438  0.00000
    19      2.7966  0.00000
    20      3.2281  0.00000
    21      4.0949  0.00000
    22      4.1435  0.00000
    23      8.7349  0.00000
    24     10.3786  0.00000
    25     16.3243  0.00000
    26     16.8108  0.00000
    27     17.8932  0.00000

 KPT          163  SPIN            1  KWEIGHT    3.3222591362126247E-003
     1    -17.4688  0.00000
     2    -17.2502  0.00000
     3    -10.4749  0.00000
     4    -10.3991  0.00000
     5     -9.2652  0.00000
     6     -8.7503  0.00000
     7     -8.4213  0.00000
     8     -7.7085  0.00000
     9     -5.7778  0.00000
    10     -3.5543  0.00000
    11     -2.8080  0.00000
    12     -2.5230  0.00000
    13     -0.9301  0.00000
    14      0.0321  0.00000
    15      0.4618  0.00000
    16      0.9732  0.00000
    17      2.4167  0.00000
    18      2.5268  0.00000
    19      2.8100  0.00000
    20      3.2082  0.00000
    21      4.0710  0.00000
    22      4.1288  0.00000
    23      8.7383  0.00000
    24     10.3534  0.00000
    25     16.3472  0.00000
    26     16.8032  0.00000
    27     17.9183  0.00000

 KPT          164  SPIN            1  KWEIGHT    3.3222591362126247E-003
     1    -17.4653  0.00000
     2    -17.2473  0.00000
     3    -10.4607  0.00000
     4    -10.4045  0.00000
     5     -9.2652  0.00000
     6     -8.7509  0.00000
     7     -8.4511  0.00000
     8     -7.7136  0.00000
     9     -5.7690  0.00000
    10     -3.5619  0.00000
    11     -2.8205  0.00000
    12     -2.5122  0.00000
    13     -0.9200  0.00000
    14      0.0650  0.00000
    15      0.4340  0.00000
    16      1.0077  0.00000
    17      2.4342  0.00000
    18      2.5096  0.00000
    19      2.8237  0.00000
    20      3.1880  0.00000
    21      4.0473  0.00000
    22      4.1138  0.00000
    23      8.7416  0.00000
    24     10.3288  0.00000
    25     16.3693  0.00000
    26     16.7955  0.00000
    27     17.9432  0.00000

 KPT          165  SPIN            1  KWEIGHT    3.3222591362126247E-003
     1    -17.4618  0.00000
     2    -17.2445  0.00000
     3    -10.4464  0.00000
     4    -10.4099  0.00000
     5     -9.2655  0.00000
     6     -8.7513  0.00000
     7     -8.4805  0.00000
     8     -7.7188  0.00000
     9     -5.7601  0.00000
    10     -3.5698  0.00000
    11     -2.8325  0.00000
    12     -2.5013  0.00000
    13     -0.9098  0.00000
    14      0.0978  0.00000
    15      0.4061  0.00000
    16      1.0423  0.00000
    17      2.4513  0.00000
    18      2.4922  0.00000
    19      2.8376  0.00000
    20      3.1675  0.00000
    21      4.0240  0.00000
    22      4.0987  0.00000
    23      8.7448  0.00000
    24     10.3049  0.00000
    25     16.3905  0.00000
    26     16.7879  0.00000
    27     17.9679  0.00000

 KPT          166  SPIN            1  KWEIGHT    3.3222591362126247E-003
     1    -17.4583  0.00000
     2    -17.2417  0.00000
     3    -10.4319  0.00000
     4    -10.4153  0.00000
     5     -9.2662  0.00000
     6     -8.7516  0.00000
     7     -8.5094  0.00000
     8     -7.7240  0.00000
     9     -5.7512  0.00000
    10     -3.5778  0.00000
    11     -2.8443  0.00000
    12     -2.4903  0.00000
    13     -0.8994  0.00000
    14      0.1305  0.00000
    15      0.3782  0.00000
    16      1.0769  0.00000
    17      2.4680  0.00000
    18      2.4747  0.00000
    19      2.8518  0.00000
    20      3.1467  0.00000
    21      4.0009  0.00000
    22      4.0834  0.00000
    23      8.7479  0.00000
    24     10.2818  0.00000
    25     16.4109  0.00000
    26     16.7804  0.00000
    27     17.9922  0.00000

 KPT          167  SPIN            1  KWEIGHT    3.3222591362126247E-003
     1    -17.4549  0.00000
     2    -17.2390  0.00000
     3    -10.4207  0.00000
     4    -10.4173  0.00000
     5     -9.2672  0.00000
     6     -8.7517  0.00000
     7     -8.5377  0.00000
     8     -7.7293  0.00000
     9     -5.7423  0.00000
    10     -3.5860  0.00000
    11     -2.8556  0.00000
    12     -2.4793  0.00000
    13     -0.8889  0.00000
    14      0.1630  0.00000
    15      0.3503  0.00000
    16      1.1116  0.00000
    17      2.4570  0.00000
    18      2.4843  0.00000
    19      2.8663  0.00000
    20      3.1257  0.00000
    21      3.9781  0.00000
    22      4.0679  0.00000
    23      8.7510  0.00000
    24     10.2594  0.00000
    25     16.4304  0.00000
    26     16.7729  0.00000
    27     18.0163  0.00000

 KPT          168  SPIN            1  KWEIGHT    3.3222591362126247E-003
     1    -17.4514  0.00000
     2    -17.2363  0.00000
     3    -10.4261  0.00000
     4    -10.4025  0.00000
     5     -9.2686  0.00000
     6     -8.7516  0.00000
     7     -8.5655  0.00000
     8     -7.7346  0.00000
     9     -5.7334  0.00000
    10     -3.5943  0.00000
    11     -2.8665  0.00000
    12     -2.4683  0.00000
    13     -0.8782  0.00000
    14      0.1952  0.00000
    15      0.3224  0.00000
    16      1.1463  0.00000
    17      2.4393  0.00000
    18      2.5002  0.00000
    19      2.8810  0.00000
    20      3.1044  0.00000
    21      3.9557  0.00000
    22      4.0522  0.00000
    23      8.7540  0.00000
    24     10.2377  0.00000
    25     16.4492  0.00000
    26     16.7655  0.00000
    27     18.0400  0.00000

 KPT          169  SPIN            1  KWEIGHT    3.3222591362126247E-003
     1    -17.4480  0.00000
     2    -17.2336  0.00000
     3    -10.4315  0.00000
     4    -10.3876  0.00000
     5     -9.2704  0.00000
     6     -8.7514  0.00000
     7     -8.5926  0.00000
     8     -7.7399  0.00000
     9     -5.7245  0.00000
    10     -3.6028  0.00000
    11     -2.8770  0.00000
    12     -2.4572  0.00000
    13     -0.8675  0.00000
    14      0.2272  0.00000
    15      0.2945  0.00000
    16      1.1811  0.00000
    17      2.4214  0.00000
    18      2.5156  0.00000
    19      2.8960  0.00000
    20      3.0828  0.00000
    21      3.9337  0.00000
    22      4.0364  0.00000
    23      8.7569  0.00000
    24     10.2167  0.00000
    25     16.4672  0.00000
    26     16.7582  0.00000
    27     18.0633  0.00000

 KPT          170  SPIN            1  KWEIGHT    3.3222591362126247E-003
     1    -17.4447  0.00000
     2    -17.2309  0.00000
     3    -10.4368  0.00000
     4    -10.3726  0.00000
     5     -9.2727  0.00000
     6     -8.7511  0.00000
     7     -8.6190  0.00000
     8     -7.7452  0.00000
     9     -5.7157  0.00000
    10     -3.6114  0.00000
    11     -2.8872  0.00000
    12     -2.4462  0.00000
    13     -0.8566  0.00000
    14      0.2589  0.00000
    15      0.2666  0.00000
    16      1.2159  0.00000
    17      2.4035  0.00000
    18      2.5305  0.00000
    19      2.9113  0.00000
    20      3.0610  0.00000
    21      3.9120  0.00000
    22      4.0204  0.00000
    23      8.7597  0.00000
    24     10.1964  0.00000
    25     16.4845  0.00000
    26     16.7509  0.00000
    27     18.0862  0.00000

 KPT          171  SPIN            1  KWEIGHT    3.3222591362126247E-003
     1    -17.4414  0.00000
     2    -17.2283  0.00000
     3    -10.4420  0.00000
     4    -10.3575  0.00000
     5     -9.2756  0.00000
     6     -8.7507  0.00000
     7     -8.6446  0.00000
     8     -7.7505  0.00000
     9     -5.7068  0.00000
    10     -3.6201  0.00000
    11     -2.8970  0.00000
    12     -2.4351  0.00000
    13     -0.8456  0.00000
    14      0.2388  0.00000
    15      0.2903  0.00000
    16      1.2508  0.00000
    17      2.3855  0.00000
    18      2.5449  0.00000
    19      2.9270  0.00000
    20      3.0388  0.00000
    21      3.8907  0.00000
    22      4.0042  0.00000
    23      8.7625  0.00000
    24     10.1768  0.00000
    25     16.5010  0.00000
    26     16.7438  0.00000
    27     18.1086  0.00000

 KPT          172  SPIN            1  KWEIGHT    3.3222591362126247E-003
     1    -17.4381  0.00000
     2    -17.2257  0.00000
     3    -10.4472  0.00000
     4    -10.3423  0.00000
     5     -9.2790  0.00000
     6     -8.7501  0.00000
     7     -8.6694  0.00000
     8     -7.7559  0.00000
     9     -5.6981  0.00000
    10     -3.6288  0.00000
    11     -2.9064  0.00000
    12     -2.4240  0.00000
    13     -0.8344  0.00000
    14      0.2110  0.00000
    15      0.3213  0.00000
    16      1.2857  0.00000
    17      2.3676  0.00000
    18      2.5588  0.00000
    19      2.9429  0.00000
    20      3.0164  0.00000
    21      3.8699  0.00000
    22      3.9879  0.00000
    23      8.7652  0.00000
    24     10.1579  0.00000
    25     16.5169  0.00000
    26     16.7368  0.00000
    27     18.1306  0.00000

 KPT          173  SPIN            1  KWEIGHT    3.3222591362126247E-003
     1    -17.4349  0.00000
     2    -17.2232  0.00000
     3    -10.4524  0.00000
     4    -10.3270  0.00000
     5     -9.2830  0.00000
     6     -8.7495  0.00000
     7     -8.6934  0.00000
     8     -7.7612  0.00000
     9     -5.6893  0.00000
    10     -3.6376  0.00000
    11     -2.9154  0.00000
    12     -2.4130  0.00000
    13     -0.8232  0.00000
    14      0.1833  0.00000
    15      0.3519  0.00000
    16      1.3206  0.00000
    17      2.3496  0.00000
    18      2.5722  0.00000
    19      2.9590  0.00000
    20      2.9937  0.00000
    21      3.8495  0.00000
    22      3.9715  0.00000
    23      8.7678  0.00000
    24     10.1397  0.00000
    25     16.5320  0.00000
    26     16.7299  0.00000
    27     18.1520  0.00000

 KPT          174  SPIN            1  KWEIGHT    3.3222591362126247E-003
     1    -17.4318  0.00000
     2    -17.2207  0.00000
     3    -10.4574  0.00000
     4    -10.3116  0.00000
     5     -9.2877  0.00000
     6     -8.7487  0.00000
     7     -8.7163  0.00000
     8     -7.7665  0.00000
     9     -5.6806  0.00000
    10     -3.6465  0.00000
    11     -2.9240  0.00000
    12     -2.4020  0.00000
    13     -0.8118  0.00000
    14      0.1558  0.00000
    15      0.3820  0.00000
    16      1.3556  0.00000
    17      2.3318  0.00000
    18      2.5850  0.00000
    19      2.9707  0.00000
    20      2.9755  0.00000
    21      3.8295  0.00000
    22      3.9549  0.00000
    23      8.7703  0.00000
    24     10.1223  0.00000
    25     16.5465  0.00000
    26     16.7232  0.00000
    27     18.1729  0.00000

 KPT          175  SPIN            1  KWEIGHT    3.3222591362126247E-003
     1    -17.4287  0.00000
     2    -17.2183  0.00000
     3    -10.4624  0.00000
     4    -10.2962  0.00000
     5     -9.2930  0.00000
     6     -8.7478  0.00000
     7     -8.7383  0.00000
     8     -7.7717  0.00000
     9     -5.6720  0.00000
    10     -3.6553  0.00000
    11     -2.9323  0.00000
    12     -2.3911  0.00000
    13     -0.8003  0.00000
    14      0.1283  0.00000
    15      0.4117  0.00000
    16      1.3905  0.00000
    17      2.3141  0.00000
    18      2.5973  0.00000
    19      2.9474  0.00000
    20      2.9921  0.00000
    21      3.8099  0.00000
    22      3.9383  0.00000
    23      8.7727  0.00000
    24     10.1055  0.00000
    25     16.5603  0.00000
    26     16.7166  0.00000
    27     18.1933  0.00000

 KPT          176  SPIN            1  KWEIGHT    3.3222591362126247E-003
     1    -17.4257  0.00000
     2    -17.2159  0.00000
     3    -10.4673  0.00000
     4    -10.2806  0.00000
     5     -9.2992  0.00000
     6     -8.7592  0.00000
     7     -8.7468  0.00000
     8     -7.7769  0.00000
     9     -5.6635  0.00000
    10     -3.6641  0.00000
    11     -2.9402  0.00000
    12     -2.3803  0.00000
    13     -0.7887  0.00000
    14      0.1010  0.00000
    15      0.4408  0.00000
    16      1.4255  0.00000
    17      2.2965  0.00000
    18      2.6091  0.00000
    19      2.9239  0.00000
    20      3.0091  0.00000
    21      3.7908  0.00000
    22      3.9215  0.00000
    23      8.7751  0.00000
    24     10.0894  0.00000
    25     16.5735  0.00000
    26     16.7101  0.00000
    27     18.2131  0.00000

 KPT          177  SPIN            1  KWEIGHT    3.3222591362126247E-003
     1    -17.4227  0.00000
     2    -17.2135  0.00000
     3    -10.4721  0.00000
     4    -10.2651  0.00000
     5     -9.3061  0.00000
     6     -8.7790  0.00000
     7     -8.7458  0.00000
     8     -7.7821  0.00000
     9     -5.6550  0.00000
    10     -3.6729  0.00000
    11     -2.9477  0.00000
    12     -2.3696  0.00000
    13     -0.7770  0.00000
    14      0.0739  0.00000
    15      0.4693  0.00000
    16      1.4604  0.00000
    17      2.2792  0.00000
    18      2.6204  0.00000
    19      2.9001  0.00000
    20      3.0262  0.00000
    21      3.7722  0.00000
    22      3.9046  0.00000
    23      8.7774  0.00000
    24     10.0740  0.00000
    25     16.5861  0.00000
    26     16.7038  0.00000
    27     18.2322  0.00000

 KPT          178  SPIN            1  KWEIGHT    3.3222591362126247E-003
     1    -17.4198  0.00000
     2    -17.2113  0.00000
     3    -10.4769  0.00000
     4    -10.2495  0.00000
     5     -9.3138  0.00000
     6     -8.7977  0.00000
     7     -8.7447  0.00000
     8     -7.7872  0.00000
     9     -5.6467  0.00000
    10     -3.6816  0.00000
    11     -2.9549  0.00000
    12     -2.3591  0.00000
    13     -0.7651  0.00000
    14      0.0469  0.00000
    15      0.4972  0.00000
    16      1.4953  0.00000
    17      2.2621  0.00000
    18      2.6311  0.00000
    19      2.8760  0.00000
    20      3.0435  0.00000
    21      3.7541  0.00000
    22      3.8876  0.00000
    23      8.7795  0.00000
    24     10.0593  0.00000
    25     16.5980  0.00000
    26     16.6976  0.00000
    27     18.2507  0.00000

 KPT          179  SPIN            1  KWEIGHT    3.3222591362126247E-003
     1    -17.4170  0.00000
     2    -17.2091  0.00000
     3    -10.4815  0.00000
     4    -10.2339  0.00000
     5     -9.3223  0.00000
     6     -8.8151  0.00000
     7     -8.7435  0.00000
     8     -7.7922  0.00000
     9     -5.6385  0.00000
    10     -3.6902  0.00000
    11     -2.9618  0.00000
    12     -2.3486  0.00000
    13     -0.7532  0.00000
    14      0.0201  0.00000
    15      0.5245  0.00000
    16      1.5301  0.00000
    17      2.2453  0.00000
    18      2.6413  0.00000
    19      2.8517  0.00000
    20      3.0609  0.00000
    21      3.7365  0.00000
    22      3.8705  0.00000
    23      8.7816  0.00000
    24     10.0453  0.00000
    25     16.6094  0.00000
    26     16.6916  0.00000
    27     18.2686  0.00000

 KPT          180  SPIN            1  KWEIGHT    3.3222591362126247E-003
     1    -17.4143  0.00000
     2    -17.2069  0.00000
     3    -10.4859  0.00000
     4    -10.2183  0.00000
     5     -9.3316  0.00000
     6     -8.8313  0.00000
     7     -8.7423  0.00000
     8     -7.7971  0.00000
     9     -5.6305  0.00000
    10     -3.6986  0.00000
    11     -2.9682  0.00000
    12     -2.3384  0.00000
    13     -0.7412  0.00000
    14     -0.0064  0.00000
    15      0.5510  0.00000
    16      1.5647  0.00000
    17      2.2290  0.00000
    18      2.6509  0.00000
    19      2.8272  0.00000
    20      3.0785  0.00000
    21      3.7194  0.00000
    22      3.8534  0.00000
    23      8.7837  0.00000
    24     10.0320  0.00000
    25     16.6202  0.00000
    26     16.6858  0.00000
    27     18.2858  0.00000

 KPT          181  SPIN            1  KWEIGHT    3.3222591362126247E-003
     1    -17.4117  0.00000
     2    -17.2049  0.00000
     3    -10.4903  0.00000
     4    -10.2027  0.00000
     5     -9.3418  0.00000
     6     -8.8462  0.00000
     7     -8.7410  0.00000
     8     -7.8019  0.00000
     9     -5.6226  0.00000
    10     -3.7070  0.00000
    11     -2.9744  0.00000
    12     -2.3283  0.00000
    13     -0.7290  0.00000
    14     -0.0326  0.00000
    15      0.5768  0.00000
    16      1.5992  0.00000
    17      2.2130  0.00000
    18      2.6601  0.00000
    19      2.8025  0.00000
    20      3.0961  0.00000
    21      3.7029  0.00000
    22      3.8363  0.00000
    23      8.7856  0.00000
    24     10.0194  0.00000
    25     16.6304  0.00000
    26     16.6802  0.00000
    27     18.3023  0.00000

 KPT          182  SPIN            1  KWEIGHT    3.3222591362126247E-003
     1    -17.4091  0.00000
     2    -17.2029  0.00000
     3    -10.4945  0.00000
     4    -10.1871  0.00000
     5     -9.3527  0.00000
     6     -8.8600  0.00000
     7     -8.7397  0.00000
     8     -7.8066  0.00000
     9     -5.6149  0.00000
    10     -3.7151  0.00000
    11     -2.9801  0.00000
    12     -2.3185  0.00000
    13     -0.7168  0.00000
    14     -0.0586  0.00000
    15      0.6018  0.00000
    16      1.6335  0.00000
    17      2.1976  0.00000
    18      2.6688  0.00000
    19      2.7775  0.00000
    20      3.1138  0.00000
    21      3.6868  0.00000
    22      3.8191  0.00000
    23      8.7874  0.00000
    24     10.0074  0.00000
    25     16.6400  0.00000
    26     16.6748  0.00000
    27     18.3181  0.00000

 KPT          183  SPIN            1  KWEIGHT    3.3222591362126247E-003
     1    -17.4066  0.00000
     2    -17.2010  0.00000
     3    -10.4986  0.00000
     4    -10.1717  0.00000
     5     -9.3644  0.00000
     6     -8.8725  0.00000
     7     -8.7383  0.00000
     8     -7.8112  0.00000
     9     -5.6075  0.00000
    10     -3.7231  0.00000
    11     -2.9856  0.00000
    12     -2.3089  0.00000
    13     -0.7044  0.00000
    14     -0.0843  0.00000
    15      0.6259  0.00000
    16      1.6674  0.00000
    17      2.1829  0.00000
    18      2.6770  0.00000
    19      2.7524  0.00000
    20      3.1315  0.00000
    21      3.6714  0.00000
    22      3.8020  0.00000
    23      8.7892  0.00000
    24      9.9961  0.00000
    25     16.6491  0.00000
    26     16.6696  0.00000
    27     18.3332  0.00000

 KPT          184  SPIN            1  KWEIGHT    3.3222591362126247E-003
     1    -17.4043  0.00000
     2    -17.1991  0.00000
     3    -10.5025  0.00000
     4    -10.1563  0.00000
     5     -9.3767  0.00000
     6     -8.8838  0.00000
     7     -8.7370  0.00000
     8     -7.8156  0.00000
     9     -5.6002  0.00000
    10     -3.7308  0.00000
    11     -2.9907  0.00000
    12     -2.2996  0.00000
    13     -0.6920  0.00000
    14     -0.1097  0.00000
    15      0.6491  0.00000
    16      1.7010  0.00000
    17      2.1688  0.00000
    18      2.6847  0.00000
    19      2.7271  0.00000
    20      3.1492  0.00000
    21      3.6564  0.00000
    22      3.7849  0.00000
    23      8.7909  0.00000
    24      9.9855  0.00000
    25     16.6577  0.00000
    26     16.6646  0.00000
    27     18.3476  0.00000

 KPT          185  SPIN            1  KWEIGHT    3.3222591362126247E-003
     1    -17.4020  0.00000
     2    -17.1974  0.00000
     3    -10.5062  0.00000
     4    -10.1411  0.00000
     5     -9.3895  0.00000
     6     -8.8940  0.00000
     7     -8.7356  0.00000
     8     -7.8199  0.00000
     9     -5.5932  0.00000
    10     -3.7383  0.00000
    11     -2.9954  0.00000
    12     -2.2905  0.00000
    13     -0.6794  0.00000
    14     -0.1346  0.00000
    15      0.6713  0.00000
    16      1.7341  0.00000
    17      2.1557  0.00000
    18      2.6919  0.00000
    19      2.7016  0.00000
    20      3.1669  0.00000
    21      3.6421  0.00000
    22      3.7678  0.00000
    23      8.7925  0.00000
    24      9.9755  0.00000
    25     16.6598  0.00000
    26     16.6657  0.00000
    27     18.3612  0.00000

 KPT          186  SPIN            1  KWEIGHT    3.3222591362126247E-003
     1    -17.3999  0.00000
     2    -17.1957  0.00000
     3    -10.5098  0.00000
     4    -10.1261  0.00000
     5     -9.4029  0.00000
     6     -8.9031  0.00000
     7     -8.7343  0.00000
     8     -7.8240  0.00000
     9     -5.5864  0.00000
    10     -3.7455  0.00000
    11     -2.9999  0.00000
    12     -2.2818  0.00000
    13     -0.6668  0.00000
    14     -0.1592  0.00000
    15      0.6926  0.00000
    16      1.7664  0.00000
    17      2.1437  0.00000
    18      2.6760  0.00000
    19      2.6987  0.00000
    20      3.1844  0.00000
    21      3.6284  0.00000
    22      3.7508  0.00000
    23      8.7939  0.00000
    24      9.9662  0.00000
    25     16.6553  0.00000
    26     16.6732  0.00000
    27     18.3740  0.00000

 KPT          187  SPIN            1  KWEIGHT    3.3222591362126247E-003
     1    -17.3978  0.00000
     2    -17.1941  0.00000
     3    -10.5132  0.00000
     4    -10.1113  0.00000
     5     -9.4165  0.00000
     6     -8.9111  0.00000
     7     -8.7329  0.00000
     8     -7.8280  0.00000
     9     -5.5800  0.00000
    10     -3.7524  0.00000
    11     -3.0040  0.00000
    12     -2.2734  0.00000
    13     -0.6540  0.00000
    14     -0.1834  0.00000
    15      0.7127  0.00000
    16      1.7979  0.00000
    17      2.1329  0.00000
    18      2.6503  0.00000
    19      2.7050  0.00000
    20      3.2017  0.00000
    21      3.6153  0.00000
    22      3.7339  0.00000
    23      8.7954  0.00000
    24      9.9575  0.00000
    25     16.6510  0.00000
    26     16.6801  0.00000
    27     18.3861  0.00000

 KPT          188  SPIN            1  KWEIGHT    3.3222591362126247E-003
     1    -17.3959  0.00000
     2    -17.1926  0.00000
     3    -10.5164  0.00000
     4    -10.0968  0.00000
     5     -9.4304  0.00000
     6     -8.9182  0.00000
     7     -8.7316  0.00000
     8     -7.8317  0.00000
     9     -5.5738  0.00000
    10     -3.7589  0.00000
    11     -3.0078  0.00000
    12     -2.2654  0.00000
    13     -0.6412  0.00000
    14     -0.2071  0.00000
    15      0.7317  0.00000
    16      1.8282  0.00000
    17      2.1238  0.00000
    18      2.6245  0.00000
    19      2.7109  0.00000
    20      3.2189  0.00000
    21      3.6028  0.00000
    22      3.7172  0.00000
    23      8.7967  0.00000
    24      9.9495  0.00000
    25     16.6470  0.00000
    26     16.6866  0.00000
    27     18.3974  0.00000

 KPT          189  SPIN            1  KWEIGHT    3.3222591362126247E-003
     1    -17.3941  0.00000
     2    -17.1912  0.00000
     3    -10.5194  0.00000
     4    -10.0827  0.00000
     5     -9.4444  0.00000
     6     -8.9245  0.00000
     7     -8.7304  0.00000
     8     -7.8352  0.00000
     9     -5.5680  0.00000
    10     -3.7651  0.00000
    11     -3.0113  0.00000
    12     -2.2578  0.00000
    13     -0.6282  0.00000
    14     -0.2303  0.00000
    15      0.7496  0.00000
    16      1.8568  0.00000
    17      2.1167  0.00000
    18      2.5986  0.00000
    19      2.7164  0.00000
    20      3.2357  0.00000
    21      3.5910  0.00000
    22      3.7008  0.00000
    23      8.7979  0.00000
    24      9.9422  0.00000
    25     16.6432  0.00000
    26     16.6925  0.00000
    27     18.4079  0.00000

 KPT          190  SPIN            1  KWEIGHT    3.3222591362126247E-003
     1    -17.3924  0.00000
     2    -17.1899  0.00000
     3    -10.5223  0.00000
     4    -10.0690  0.00000
     5     -9.4583  0.00000
     6     -8.9299  0.00000
     7     -8.7292  0.00000
     8     -7.8386  0.00000
     9     -5.5625  0.00000
    10     -3.7710  0.00000
    11     -3.0145  0.00000
    12     -2.2507  0.00000
    13     -0.6152  0.00000
    14     -0.2530  0.00000
    15      0.7662  0.00000
    16      1.8833  0.00000
    17      2.1123  0.00000
    18      2.5727  0.00000
    19      2.7214  0.00000
    20      3.2523  0.00000
    21      3.5799  0.00000
    22      3.6846  0.00000
    23      8.7990  0.00000
    24      9.9354  0.00000
    25     16.6397  0.00000
    26     16.6980  0.00000
    27     18.4175  0.00000

 KPT          191  SPIN            1  KWEIGHT    3.3222591362126247E-003
     1    -17.3908  0.00000
     2    -17.1887  0.00000
     3    -10.5249  0.00000
     4    -10.0558  0.00000
     5     -9.4719  0.00000
     6     -8.9346  0.00000
     7     -8.7280  0.00000
     8     -7.8417  0.00000
     9     -5.5574  0.00000
    10     -3.7764  0.00000
    11     -3.0173  0.00000
    12     -2.2439  0.00000
    13     -0.6021  0.00000
    14     -0.2751  0.00000
    15      0.7816  0.00000
    16      1.9067  0.00000
    17      2.1113  0.00000
    18      2.5468  0.00000
    19      2.7260  0.00000
    20      3.2684  0.00000
    21      3.5696  0.00000
    22      3.6688  0.00000
    23      8.8000  0.00000
    24      9.9293  0.00000
    25     16.6364  0.00000
    26     16.7029  0.00000
    27     18.4264  0.00000

 KPT          192  SPIN            1  KWEIGHT    3.3222591362126247E-003
     1    -17.3894  0.00000
     2    -17.1876  0.00000
     3    -10.5273  0.00000
     4    -10.0433  0.00000
     5     -9.4851  0.00000
     6     -8.9386  0.00000
     7     -8.7269  0.00000
     8     -7.8445  0.00000
     9     -5.5527  0.00000
    10     -3.7813  0.00000
    11     -3.0199  0.00000
    12     -2.2377  0.00000
    13     -0.5888  0.00000
    14     -0.2967  0.00000
    15      0.7956  0.00000
    16      1.9262  0.00000
    17      2.1146  0.00000
    18      2.5209  0.00000
    19      2.7302  0.00000
    20      3.2840  0.00000
    21      3.5600  0.00000
    22      3.6534  0.00000
    23      8.8010  0.00000
    24      9.9238  0.00000
    25     16.6334  0.00000
    26     16.7074  0.00000
    27     18.4345  0.00000

 KPT          193  SPIN            1  KWEIGHT    3.3222591362126247E-003
     1    -17.3880  0.00000
     2    -17.1866  0.00000
     3    -10.5294  0.00000
     4    -10.0315  0.00000
     5     -9.4978  0.00000
     6     -8.9419  0.00000
     7     -8.7259  0.00000
     8     -7.8471  0.00000
     9     -5.5484  0.00000
    10     -3.7859  0.00000
    11     -3.0222  0.00000
    12     -2.2321  0.00000
    13     -0.5755  0.00000
    14     -0.3176  0.00000
    15      0.8082  0.00000
    16      1.9413  0.00000
    17      2.1227  0.00000
    18      2.4951  0.00000
    19      2.7340  0.00000
    20      3.2989  0.00000
    21      3.5512  0.00000
    22      3.6387  0.00000
    23      8.8018  0.00000
    24      9.9189  0.00000
    25     16.6308  0.00000
    26     16.7114  0.00000
    27     18.4417  0.00000

 KPT          194  SPIN            1  KWEIGHT    3.3222591362126247E-003
     1    -17.3869  0.00000
     2    -17.1857  0.00000
     3    -10.5314  0.00000
     4    -10.0205  0.00000
     5     -9.5096  0.00000
     6     -8.9447  0.00000
     7     -8.7250  0.00000
     8     -7.8494  0.00000
     9     -5.5446  0.00000
    10     -3.7899  0.00000
    11     -3.0242  0.00000
    12     -2.2269  0.00000
    13     -0.5622  0.00000
    14     -0.3378  0.00000
    15      0.8195  0.00000
    16      1.9518  0.00000
    17      2.1358  0.00000
    18      2.4693  0.00000
    19      2.7373  0.00000
    20      3.3131  0.00000
    21      3.5432  0.00000
    22      3.6246  0.00000
    23      8.8025  0.00000
    24      9.9147  0.00000
    25     16.6284  0.00000
    26     16.7149  0.00000
    27     18.4481  0.00000

 KPT          195  SPIN            1  KWEIGHT    3.3222591362126247E-003
     1    -17.3859  0.00000
     2    -17.1849  0.00000
     3    -10.5331  0.00000
     4    -10.0106  0.00000
     5     -9.5205  0.00000
     6     -8.9471  0.00000
     7     -8.7242  0.00000
     8     -7.8514  0.00000
     9     -5.5412  0.00000
    10     -3.7935  0.00000
    11     -3.0259  0.00000
    12     -2.2224  0.00000
    13     -0.5487  0.00000
    14     -0.3572  0.00000
    15      0.8292  0.00000
    16      1.9584  0.00000
    17      2.1530  0.00000
    18      2.4437  0.00000
    19      2.7402  0.00000
    20      3.3262  0.00000
    21      3.5361  0.00000
    22      3.6115  0.00000
    23      8.8032  0.00000
    24      9.9110  0.00000
    25     16.6263  0.00000
    26     16.7179  0.00000
    27     18.4537  0.00000

 KPT          196  SPIN            1  KWEIGHT    3.3222591362126247E-003
     1    -17.3850  0.00000
     2    -17.1842  0.00000
     3    -10.5346  0.00000
     4    -10.0018  0.00000
     5     -9.5301  0.00000
     6     -8.9489  0.00000
     7     -8.7235  0.00000
     8     -7.8532  0.00000
     9     -5.5383  0.00000
    10     -3.7965  0.00000
    11     -3.0274  0.00000
    12     -2.2185  0.00000
    13     -0.5353  0.00000
    14     -0.3759  0.00000
    15      0.8375  0.00000
    16      1.9621  0.00000
    17      2.1733  0.00000
    18      2.4183  0.00000
    19      2.7427  0.00000
    20      3.3382  0.00000
    21      3.5300  0.00000
    22      3.5996  0.00000
    23      8.8037  0.00000
    24      9.9079  0.00000
    25     16.6245  0.00000
    26     16.7205  0.00000
    27     18.4584  0.00000

 KPT          197  SPIN            1  KWEIGHT    3.3222591362126247E-003
     1    -17.3843  0.00000
     2    -17.1837  0.00000
     3    -10.5358  0.00000
     4     -9.9944  0.00000
     5     -9.5384  0.00000
     6     -8.9504  0.00000
     7     -8.7229  0.00000
     8     -7.8547  0.00000
     9     -5.5359  0.00000
    10     -3.7991  0.00000
    11     -3.0285  0.00000
    12     -2.2152  0.00000
    13     -0.5219  0.00000
    14     -0.3936  0.00000
    15      0.8443  0.00000
    16      1.9640  0.00000
    17      2.1956  0.00000
    18      2.3932  0.00000
    19      2.7448  0.00000
    20      3.3486  0.00000
    21      3.5249  0.00000
    22      3.5892  0.00000
    23      8.8042  0.00000
    24      9.9054  0.00000
    25     16.6230  0.00000
    26     16.7226  0.00000
    27     18.4622  0.00000

 KPT          198  SPIN            1  KWEIGHT    3.3222591362126247E-003
     1    -17.3837  0.00000
     2    -17.1833  0.00000
     3    -10.5367  0.00000
     4     -9.9884  0.00000
     5     -9.5450  0.00000
     6     -8.9514  0.00000
     7     -8.7224  0.00000
     8     -7.8558  0.00000
     9     -5.5340  0.00000
    10     -3.8010  0.00000
    11     -3.0294  0.00000
    12     -2.2126  0.00000
    13     -0.5088  0.00000
    14     -0.4102  0.00000
    15      0.8496  0.00000
    16      1.9648  0.00000
    17      2.2188  0.00000
    18      2.3685  0.00000
    19      2.7464  0.00000
    20      3.3572  0.00000
    21      3.5208  0.00000
    22      3.5805  0.00000
    23      8.8045  0.00000
    24      9.9035  0.00000
    25     16.6219  0.00000
    26     16.7242  0.00000
    27     18.4653  0.00000

 KPT          199  SPIN            1  KWEIGHT    3.3222591362126247E-003
     1    -17.3833  0.00000
     2    -17.1829  0.00000
     3    -10.5374  0.00000
     4     -9.9841  0.00000
     5     -9.5499  0.00000
     6     -8.9521  0.00000
     7     -8.7220  0.00000
     8     -7.8566  0.00000
     9     -5.5326  0.00000
    10     -3.8025  0.00000
    11     -3.0300  0.00000
    12     -2.2107  0.00000
    13     -0.4962  0.00000
    14     -0.4252  0.00000
    15      0.8533  0.00000
    16      1.9650  0.00000
    17      2.2419  0.00000
    18      2.3447  0.00000
    19      2.7476  0.00000
    20      3.3637  0.00000
    21      3.5178  0.00000
    22      3.5740  0.00000
    23      8.8048  0.00000
    24      9.9021  0.00000
    25     16.6210  0.00000
    26     16.7254  0.00000
    27     18.4674  0.00000

 KPT          200  SPIN            1  KWEIGHT    3.3222591362126247E-003
     1    -17.3830  0.00000
     2    -17.1828  0.00000
     3    -10.5378  0.00000
     4     -9.9814  0.00000
     5     -9.5529  0.00000
     6     -8.9526  0.00000
     7     -8.7218  0.00000
     8     -7.8571  0.00000
     9     -5.5318  0.00000
    10     -3.8033  0.00000
    11     -3.0304  0.00000
    12     -2.2096  0.00000
    13     -0.4856  0.00000
    14     -0.4374  0.00000
    15      0.8556  0.00000
    16      1.9651  0.00000
    17      2.2634  0.00000
    18      2.3231  0.00000
    19      2.7483  0.00000
    20      3.3676  0.00000
    21      3.5159  0.00000
    22      3.5700  0.00000
    23      8.8049  0.00000
    24      9.9013  0.00000
    25     16.6205  0.00000
    26     16.7260  0.00000
    27     18.4687  0.00000

 KPT          201  SPIN            1  KWEIGHT    3.3222591362126247E-003
     1    -17.3829  0.00000
     2    -17.1827  0.00000
     3    -10.5380  0.00000
     4     -9.9805  0.00000
     5     -9.5539  0.00000
     6     -8.9527  0.00000
     7     -8.7218  0.00000
     8     -7.8573  0.00000
     9     -5.5315  0.00000
    10     -3.8036  0.00000
    11     -3.0305  0.00000
    12     -2.2092  0.00000
    13     -0.4808  0.00000
    14     -0.4427  0.00000
    15      0.8563  0.00000
    16      1.9651  0.00000
    17      2.2753  0.00000
    18      2.3111  0.00000
    19      2.7485  0.00000
    20      3.3689  0.00000
    21      3.5153  0.00000
    22      3.5687  0.00000
    23      8.8050  0.00000
    24      9.9010  0.00000
    25     16.6204  0.00000
    26     16.7263  0.00000
    27     18.4691  0.00000

 KPT          202  SPIN            1  KWEIGHT    3.3222591362126247E-003
     1    -17.3833  0.00000
     2    -17.1830  0.00000
     3    -10.5374  0.00000
     4     -9.9840  0.00000
     5     -9.5499  0.00000
     6     -8.9522  0.00000
     7     -8.7220  0.00000
     8     -7.8566  0.00000
     9     -5.5327  0.00000
    10     -3.8024  0.00000
    11     -3.0301  0.00000
    12     -2.2108  0.00000
    13     -0.4950  0.00000
    14     -0.4264  0.00000
    15      0.8534  0.00000
    16      1.9650  0.00000
    17      2.2442  0.00000
    18      2.3423  0.00000
    19      2.7475  0.00000
    20      3.3641  0.00000
    21      3.5179  0.00000
    22      3.5737  0.00000
    23      8.8048  0.00000
    24      9.9021  0.00000
    25     16.6210  0.00000
    26     16.7254  0.00000
    27     18.4674  0.00000

 KPT          203  SPIN            1  KWEIGHT    3.3222591362126247E-003
     1    -17.3843  0.00000
     2    -17.1837  0.00000
     3    -10.5356  0.00000
     4     -9.9939  0.00000
     5     -9.5383  0.00000
     6     -8.9508  0.00000
     7     -8.7230  0.00000
     8     -7.8545  0.00000
     9     -5.5361  0.00000
    10     -3.7990  0.00000
    11     -3.0286  0.00000
    12     -2.2157  0.00000
    13     -0.5162  0.00000
    14     -0.3987  0.00000
    15      0.8449  0.00000
    16      1.9637  0.00000
    17      2.2047  0.00000
    18      2.3825  0.00000
    19      2.7445  0.00000
    20      3.3514  0.00000
    21      3.5260  0.00000
    22      3.5868  0.00000
    23      8.8042  0.00000
    24      9.9052  0.00000
    25     16.6231  0.00000
    26     16.7226  0.00000
    27     18.4622  0.00000

 KPT          204  SPIN            1  KWEIGHT    3.3222591362126247E-003
     1    -17.3861  0.00000
     2    -17.1851  0.00000
     3    -10.5327  0.00000
     4    -10.0091  0.00000
     5     -9.5201  0.00000
     6     -8.9487  0.00000
     7     -8.7245  0.00000
     8     -7.8510  0.00000
     9     -5.5418  0.00000
    10     -3.7932  0.00000
    11     -3.0263  0.00000
    12     -2.2239  0.00000
    13     -0.5352  0.00000
    14     -0.3687  0.00000
    15      0.8313  0.00000
    16      1.9585  0.00000
    17      2.1715  0.00000
    18      2.4191  0.00000
    19      2.7394  0.00000
    20      3.3344  0.00000
    21      3.5400  0.00000
    22      3.6048  0.00000
    23      8.8031  0.00000
    24      9.9103  0.00000
    25     16.6266  0.00000
    26     16.7181  0.00000
    27     18.4535  0.00000

 KPT          205  SPIN            1  KWEIGHT    3.3222591362126247E-003
     1    -17.3887  0.00000
     2    -17.1870  0.00000
     3    -10.5284  0.00000
     4    -10.0281  0.00000
     5     -9.4966  0.00000
     6     -8.9460  0.00000
     7     -8.7266  0.00000
     8     -7.8460  0.00000
     9     -5.5498  0.00000
    10     -3.7853  0.00000
    11     -3.0231  0.00000
    12     -2.2357  0.00000
    13     -0.5508  0.00000
    14     -0.3373  0.00000
    15      0.8131  0.00000
    16      1.9456  0.00000
    17      2.1490  0.00000
    18      2.4507  0.00000
    19      2.7320  0.00000
    20      3.3156  0.00000
    21      3.5599  0.00000
    22      3.6252  0.00000
    23      8.8017  0.00000
    24      9.9173  0.00000
    25     16.6316  0.00000
    26     16.7117  0.00000
    27     18.4412  0.00000

 KPT          206  SPIN            1  KWEIGHT    3.3222591362126247E-003
     1    -17.3920  0.00000
     2    -17.1894  0.00000
     3    -10.5229  0.00000
     4    -10.0496  0.00000
     5     -9.4690  0.00000
     6     -8.9426  0.00000
     7     -8.7294  0.00000
     8     -7.8396  0.00000
     9     -5.5601  0.00000
    10     -3.7754  0.00000
    11     -3.0191  0.00000
    12     -2.2508  0.00000
    13     -0.5628  0.00000
    14     -0.3047  0.00000
    15      0.7907  0.00000
    16      1.9227  0.00000
    17      2.1395  0.00000
    18      2.4769  0.00000
    19      2.7223  0.00000
    20      3.2967  0.00000
    21      3.5858  0.00000
    22      3.6466  0.00000
    23      8.7998  0.00000
    24      9.9261  0.00000
    25     16.6380  0.00000
    26     16.7035  0.00000
    27     18.4255  0.00000

 KPT          207  SPIN            1  KWEIGHT    3.3222591362126247E-003
     1    -17.3961  0.00000
     2    -17.1925  0.00000
     3    -10.5161  0.00000
     4    -10.0726  0.00000
     5     -9.4384  0.00000
     6     -8.9387  0.00000
     7     -8.7327  0.00000
     8     -7.8318  0.00000
     9     -5.5725  0.00000
    10     -3.7635  0.00000
    11     -3.0143  0.00000
    12     -2.2693  0.00000
    13     -0.5711  0.00000
    14     -0.2711  0.00000
    15      0.7647  0.00000
    16      1.8908  0.00000
    17      2.1415  0.00000
    18      2.4980  0.00000
    19      2.7102  0.00000
    20      3.2788  0.00000
    21      3.6173  0.00000
    22      3.6681  0.00000
    23      8.7976  0.00000
    24      9.9366  0.00000
    25     16.6459  0.00000
    26     16.6935  0.00000
    27     18.4062  0.00000

 KPT          208  SPIN            1  KWEIGHT    3.3222591362126247E-003
     1    -17.4011  0.00000
     2    -17.1961  0.00000
     3    -10.5078  0.00000
     4    -10.0963  0.00000
     5     -9.4057  0.00000
     6     -8.9342  0.00000
     7     -8.7366  0.00000
     8     -7.8226  0.00000
     9     -5.5870  0.00000
    10     -3.7499  0.00000
    11     -3.0088  0.00000
    12     -2.2911  0.00000
    13     -0.5757  0.00000
    14     -0.2363  0.00000
    15      0.7356  0.00000
    16      1.8528  0.00000
    17      2.1515  0.00000
    18      2.5142  0.00000
    19      2.6958  0.00000
    20      3.2624  0.00000
    21      3.6541  0.00000
    22      3.6891  0.00000
    23      8.7948  0.00000
    24      9.9487  0.00000
    25     16.6554  0.00000
    26     16.6817  0.00000
    27     18.3835  0.00000

 KPT          209  SPIN            1  KWEIGHT    3.3222591362126247E-003
     1    -17.4069  0.00000
     2    -17.2004  0.00000
     3    -10.4982  0.00000
     4    -10.1200  0.00000
     5     -9.3713  0.00000
     6     -8.9291  0.00000
     7     -8.7409  0.00000
     8     -7.8120  0.00000
     9     -5.6034  0.00000
    10     -3.7349  0.00000
    11     -3.0026  0.00000
    12     -2.3158  0.00000
    13     -0.5769  0.00000
    14     -0.2002  0.00000
    15      0.7039  0.00000
    16      1.8116  0.00000
    17      2.1663  0.00000
    18      2.5263  0.00000
    19      2.6790  0.00000
    20      3.2480  0.00000
    21      3.6955  0.00000
    22      3.7092  0.00000
    23      8.7917  0.00000
    24      9.9623  0.00000
    25     16.6663  0.00000
    26     16.6681  0.00000
    27     18.3572  0.00000

 KPT          210  SPIN            1  KWEIGHT    3.3222591362126247E-003
     1    -17.4136  0.00000
     2    -17.2053  0.00000
     3    -10.4872  0.00000
     4    -10.1433  0.00000
     5     -9.3359  0.00000
     6     -8.9233  0.00000
     7     -8.7457  0.00000
     8     -7.8001  0.00000
     9     -5.6216  0.00000
    10     -3.7187  0.00000
    11     -2.9957  0.00000
    12     -2.3433  0.00000
    13     -0.5748  0.00000
    14     -0.1628  0.00000
    15      0.6700  0.00000
    16      1.7687  0.00000
    17      2.1835  0.00000
    18      2.5351  0.00000
    19      2.6600  0.00000
    20      3.2358  0.00000
    21      3.7283  0.00000
    22      3.7408  0.00000
    23      8.7882  0.00000
    24      9.9774  0.00000
    25     16.6526  0.00000
    26     16.6787  0.00000
    27     18.3274  0.00000

 KPT          211  SPIN            1  KWEIGHT    3.3222591362126247E-003
     1    -17.4212  0.00000
     2    -17.2108  0.00000
     3    -10.4748  0.00000
     4    -10.1658  0.00000
     5     -9.2999  0.00000
     6     -8.9169  0.00000
     7     -8.7509  0.00000
     8     -7.7870  0.00000
     9     -5.6414  0.00000
    10     -3.7016  0.00000
    11     -2.9883  0.00000
    12     -2.3733  0.00000
    13     -0.5697  0.00000
    14     -0.1239  0.00000
    15      0.6343  0.00000
    16      1.7252  0.00000
    17      2.2015  0.00000
    18      2.5417  0.00000
    19      2.6390  0.00000
    20      3.2258  0.00000
    21      3.7463  0.00000
    22      3.7893  0.00000
    23      8.7842  0.00000
    24      9.9937  0.00000
    25     16.6354  0.00000
    26     16.6926  0.00000
    27     18.2941  0.00000

 KPT          212  SPIN            1  KWEIGHT    3.3222591362126247E-003
     1    -17.4296  0.00000
     2    -17.2169  0.00000
     3    -10.4609  0.00000
     4    -10.1873  0.00000
     5     -9.2638  0.00000
     6     -8.9095  0.00000
     7     -8.7563  0.00000
     8     -7.7726  0.00000
     9     -5.6627  0.00000
    10     -3.6838  0.00000
    11     -2.9802  0.00000
    12     -2.4055  0.00000
    13     -0.5617  0.00000
    14     -0.0835  0.00000
    15      0.5969  0.00000
    16      1.6817  0.00000
    17      2.2188  0.00000
    18      2.5473  0.00000
    19      2.6162  0.00000
    20      3.2180  0.00000
    21      3.7630  0.00000
    22      3.8403  0.00000
    23      8.7798  0.00000
    24     10.0113  0.00000
    25     16.6163  0.00000
    26     16.7080  0.00000
    27     18.2573  0.00000

 KPT          213  SPIN            1  KWEIGHT    3.3222591362126247E-003
     1    -17.4390  0.00000
     2    -17.2236  0.00000
     3    -10.4455  0.00000
     4    -10.2076  0.00000
     5     -9.2279  0.00000
     6     -8.9010  0.00000
     7     -8.7619  0.00000
     8     -7.7572  0.00000
     9     -5.6853  0.00000
    10     -3.6658  0.00000
    11     -2.9717  0.00000
    12     -2.4396  0.00000
    13     -0.5511  0.00000
    14     -0.0415  0.00000
    15      0.5583  0.00000
    16      1.6386  0.00000
    17      2.2343  0.00000
    18      2.5529  0.00000
    19      2.5918  0.00000
    20      3.2122  0.00000
    21      3.7784  0.00000
    22      3.8931  0.00000
    23      8.7750  0.00000
    24     10.0300  0.00000
    25     16.5954  0.00000
    26     16.7249  0.00000
    27     18.2170  0.00000

 KPT          214  SPIN            1  KWEIGHT    3.3222591362126247E-003
     1    -17.4493  0.00000
     2    -17.2310  0.00000
     3    -10.4286  0.00000
     4    -10.2265  0.00000
     5     -9.1928  0.00000
     6     -8.8910  0.00000
     7     -8.7677  0.00000
     8     -7.7407  0.00000
     9     -5.7090  0.00000
    10     -3.6479  0.00000
    11     -2.9626  0.00000
    12     -2.4752  0.00000
    13     -0.5381  0.00000
    14      0.0023  0.00000
    15      0.5187  0.00000
    16      1.5962  0.00000
    17      2.2468  0.00000
    18      2.5599  0.00000
    19      2.5661  0.00000
    20      3.2083  0.00000
    21      3.7924  0.00000
    22      3.9472  0.00000
    23      8.7698  0.00000
    24     10.0498  0.00000
    25     16.5726  0.00000
    26     16.7432  0.00000
    27     18.1733  0.00000

 KPT          215  SPIN            1  KWEIGHT    3.3222591362126247E-003
     1    -17.4604  0.00000
     2    -17.2390  0.00000
     3    -10.4103  0.00000
     4    -10.2439  0.00000
     5     -9.1591  0.00000
     6     -8.8792  0.00000
     7     -8.7736  0.00000
     8     -7.7233  0.00000
     9     -5.7337  0.00000
    10     -3.6303  0.00000
    11     -2.9531  0.00000
    12     -2.5119  0.00000
    13     -0.5230  0.00000
    14      0.0478  0.00000
    15      0.4781  0.00000
    16      1.5546  0.00000
    17      2.2554  0.00000
    18      2.5395  0.00000
    19      2.5692  0.00000
    20      3.2062  0.00000
    21      3.8051  0.00000
    22      4.0019  0.00000
    23      8.7642  0.00000
    24     10.0704  0.00000
    25     16.5480  0.00000
    26     16.7630  0.00000
    27     18.1262  0.00000

 KPT          216  SPIN            1  KWEIGHT    3.3222591362126247E-003
     1    -17.4725  0.00000
     2    -17.2476  0.00000
     3    -10.3904  0.00000
     4    -10.2598  0.00000
     5     -9.1275  0.00000
     6     -8.8649  0.00000
     7     -8.7794  0.00000
     8     -7.7049  0.00000
     9     -5.7592  0.00000
    10     -3.6134  0.00000
    11     -2.9433  0.00000
    12     -2.5495  0.00000
    13     -0.5059  0.00000
    14      0.0952  0.00000
    15      0.4369  0.00000
    16      1.5141  0.00000
    17      2.2595  0.00000
    18      2.5121  0.00000
    19      2.5815  0.00000
    20      3.2058  0.00000
    21      3.8165  0.00000
    22      4.0570  0.00000
    23      8.7582  0.00000
    24     10.0919  0.00000
    25     16.5216  0.00000
    26     16.7841  0.00000
    27     18.0756  0.00000

 KPT          217  SPIN            1  KWEIGHT    3.3222591362126247E-003
     1    -17.4855  0.00000
     2    -17.2568  0.00000
     3    -10.3691  0.00000
     4    -10.2740  0.00000
     5     -9.0985  0.00000
     6     -8.8476  0.00000
     7     -8.7852  0.00000
     8     -7.6857  0.00000
     9     -5.7853  0.00000
    10     -3.5975  0.00000
    11     -2.9330  0.00000
    12     -2.5876  0.00000
    13     -0.4871  0.00000
    14      0.1445  0.00000
    15      0.3951  0.00000
    16      1.4746  0.00000
    17      2.2591  0.00000
    18      2.4842  0.00000
    19      2.5971  0.00000
    20      3.2067  0.00000
    21      3.8266  0.00000
    22      4.1119  0.00000
    23      8.7518  0.00000
    24     10.1141  0.00000
    25     16.4933  0.00000
    26     16.8066  0.00000
    27     18.0217  0.00000

 KPT          218  SPIN            1  KWEIGHT    3.3222591362126247E-003
     1    -17.4994  0.00000
     2    -17.2666  0.00000
     3    -10.3463  0.00000
     4    -10.2866  0.00000
     5     -9.0730  0.00000
     6     -8.8269  0.00000
     7     -8.7908  0.00000
     8     -7.6658  0.00000
     9     -5.8119  0.00000
    10     -3.5831  0.00000
    11     -2.9225  0.00000
    12     -2.6258  0.00000
    13     -0.4666  0.00000
    14      0.1957  0.00000
    15      0.3529  0.00000
    16      1.4363  0.00000
    17      2.2544  0.00000
    18      2.4561  0.00000
    19      2.6157  0.00000
    20      3.2088  0.00000
    21      3.8354  0.00000
    22      4.1664  0.00000
    23      8.7450  0.00000
    24     10.1369  0.00000
    25     16.4631  0.00000
    26     16.8303  0.00000
    27     17.9644  0.00000

 KPT          219  SPIN            1  KWEIGHT    3.3222591362126247E-003
     1    -17.5142  0.00000
     2    -17.2771  0.00000
     3    -10.3220  0.00000
     4    -10.2974  0.00000
     5     -9.0512  0.00000
     6     -8.8022  0.00000
     7     -8.7961  0.00000
     8     -7.6452  0.00000
     9     -5.8389  0.00000
    10     -3.5703  0.00000
    11     -2.9117  0.00000
    12     -2.6637  0.00000
    13     -0.4447  0.00000
    14      0.2489  0.00000
    15      0.3102  0.00000
    16      1.3993  0.00000
    17      2.2460  0.00000
    18      2.4279  0.00000
    19      2.6370  0.00000
    20      3.2121  0.00000
    21      3.8429  0.00000
    22      4.2202  0.00000
    23      8.7379  0.00000
    24     10.1603  0.00000
    25     16.4310  0.00000
    26     16.8553  0.00000
    27     17.9038  0.00000

 KPT          220  SPIN            1  KWEIGHT    3.3222591362126247E-003
     1    -17.5299  0.00000
     2    -17.2881  0.00000
     3    -10.3064  0.00000
     4    -10.2962  0.00000
     5     -9.0333  0.00000
     6     -8.8012  0.00000
     7     -8.7737  0.00000
     8     -7.6240  0.00000
     9     -5.8661  0.00000
    10     -3.5596  0.00000
    11     -2.9006  0.00000
    12     -2.7011  0.00000
    13     -0.4215  0.00000
    14      0.2673  0.00000
    15      0.3042  0.00000
    16      1.3637  0.00000
    17      2.2344  0.00000
    18      2.3997  0.00000
    19      2.6603  0.00000
    20      3.2163  0.00000
    21      3.8493  0.00000
    22      4.2731  0.00000
    23      8.7303  0.00000
    24     10.1841  0.00000
    25     16.3971  0.00000
    26     16.8816  0.00000
    27     17.8400  0.00000

 KPT          221  SPIN            1  KWEIGHT    3.3222591362126247E-003
     1    -17.5464  0.00000
     2    -17.2997  0.00000
     3    -10.3138  0.00000
     4    -10.2689  0.00000
     5     -9.0190  0.00000
     6     -8.8059  0.00000
     7     -8.7418  0.00000
     8     -7.6022  0.00000
     9     -5.8935  0.00000
    10     -3.5513  0.00000
    11     -2.8894  0.00000
    12     -2.7377  0.00000
    13     -0.3970  0.00000
    14      0.2242  0.00000
    15      0.3614  0.00000
    16      1.3295  0.00000
    17      2.2204  0.00000
    18      2.3719  0.00000
    19      2.6852  0.00000
    20      3.2213  0.00000
    21      3.8546  0.00000
    22      4.3249  0.00000
    23      8.7224  0.00000
    24     10.2082  0.00000
    25     16.3612  0.00000
    26     16.9089  0.00000
    27     17.7729  0.00000

 KPT          222  SPIN            1  KWEIGHT    3.3222591362126247E-003
     1    -17.5639  0.00000
     2    -17.3119  0.00000
     3    -10.3193  0.00000
     4    -10.2401  0.00000
     5     -9.0078  0.00000
     6     -8.8103  0.00000
     7     -8.7068  0.00000
     8     -7.5799  0.00000
     9     -5.9208  0.00000
    10     -3.5456  0.00000
    11     -2.8781  0.00000
    12     -2.7730  0.00000
    13     -0.3713  0.00000
    14      0.1809  0.00000
    15      0.4207  0.00000
    16      1.2967  0.00000
    17      2.2044  0.00000
    18      2.3445  0.00000
    19      2.7110  0.00000
    20      3.2269  0.00000
    21      3.8589  0.00000
    22      4.3755  0.00000
    23      8.7142  0.00000
    24     10.2327  0.00000
    25     16.3234  0.00000
    26     16.9374  0.00000
    27     17.7027  0.00000

 KPT          223  SPIN            1  KWEIGHT    3.3222591362126247E-003
     1    -17.5822  0.00000
     2    -17.3246  0.00000
     3    -10.3231  0.00000
     4    -10.2100  0.00000
     5     -8.9993  0.00000
     6     -8.8141  0.00000
     7     -8.6695  0.00000
     8     -7.5572  0.00000
     9     -5.9480  0.00000
    10     -3.5427  0.00000
    11     -2.8666  0.00000
    12     -2.8069  0.00000
    13     -0.3446  0.00000
    14      0.1375  0.00000
    15      0.4819  0.00000
    16      1.2654  0.00000
    17      2.1869  0.00000
    18      2.3176  0.00000
    19      2.7373  0.00000
    20      3.2331  0.00000
    21      3.8623  0.00000
    22      4.4247  0.00000
    23      8.7056  0.00000
    24     10.2572  0.00000
    25     16.2837  0.00000
    26     16.9668  0.00000
    27     17.6294  0.00000

 KPT          224  SPIN            1  KWEIGHT    3.3222591362126247E-003
     1    -17.6013  0.00000
     2    -17.3379  0.00000
     3    -10.3252  0.00000
     4    -10.1783  0.00000
     5     -8.9930  0.00000
     6     -8.8174  0.00000
     7     -8.6302  0.00000
     8     -7.5341  0.00000
     9     -5.9749  0.00000
    10     -3.5430  0.00000
    11     -2.8551  0.00000
    12     -2.8390  0.00000
    13     -0.3169  0.00000
    14      0.0940  0.00000
    15      0.5451  0.00000
    16      1.2357  0.00000
    17      2.1683  0.00000
    18      2.2914  0.00000
    19      2.7639  0.00000
    20      3.2396  0.00000
    21      3.8649  0.00000
    22      4.4725  0.00000
    23      8.6966  0.00000
    24     10.2819  0.00000
    25     16.2420  0.00000
    26     16.9973  0.00000
    27     17.5532  0.00000

 KPT          225  SPIN            1  KWEIGHT    3.3222591362126247E-003
     1    -17.6212  0.00000
     2    -17.3517  0.00000
     3    -10.3255  0.00000
     4    -10.1453  0.00000
     5     -8.9885  0.00000
     6     -8.8202  0.00000
     7     -8.5896  0.00000
     8     -7.5107  0.00000
     9     -6.0016  0.00000
    10     -3.5464  0.00000
    11     -2.8692  0.00000
    12     -2.8436  0.00000
    13     -0.2883  0.00000
    14      0.0504  0.00000
    15      0.6101  0.00000
    16      1.2076  0.00000
    17      2.1489  0.00000
    18      2.2660  0.00000
    19      2.7902  0.00000
    20      3.2464  0.00000
    21      3.8668  0.00000
    22      4.5189  0.00000
    23      8.6872  0.00000
    24     10.3066  0.00000
    25     16.1984  0.00000
    26     17.0286  0.00000
    27     17.4739  0.00000

 KPT          226  SPIN            1  KWEIGHT    3.3222591362126247E-003
     1    -17.6419  0.00000
     2    -17.3660  0.00000
     3    -10.3241  0.00000
     4    -10.1109  0.00000
     5     -8.9856  0.00000
     6     -8.8223  0.00000
     7     -8.5478  0.00000
     8     -7.4870  0.00000
     9     -6.0279  0.00000
    10     -3.5531  0.00000
    11     -2.8974  0.00000
    12     -2.8322  0.00000
    13     -0.2589  0.00000
    14      0.0067  0.00000
    15      0.6770  0.00000
    16      1.1811  0.00000
    17      2.1289  0.00000
    18      2.2414  0.00000
    19      2.8162  0.00000
    20      3.2532  0.00000
    21      3.8681  0.00000
    22      4.5638  0.00000
    23      8.6776  0.00000
    24     10.3312  0.00000
    25     16.1528  0.00000
    26     17.0607  0.00000
    27     17.3919  0.00000

 KPT          227  SPIN            1  KWEIGHT    3.3222591362126247E-003
     1    -17.6633  0.00000
     2    -17.3808  0.00000
     3    -10.3211  0.00000
     4    -10.0751  0.00000
     5     -8.9840  0.00000
     6     -8.8238  0.00000
     7     -8.5053  0.00000
     8     -7.4631  0.00000
     9     -6.0538  0.00000
    10     -3.5629  0.00000
    11     -2.9234  0.00000
    12     -2.8208  0.00000
    13     -0.2287  0.00000
    14     -0.0370  0.00000
    15      0.7457  0.00000
    16      1.1563  0.00000
    17      2.1086  0.00000
    18      2.2178  0.00000
    19      2.8415  0.00000
    20      3.2600  0.00000
    21      3.8690  0.00000
    22      4.6073  0.00000
    23      8.6675  0.00000
    24     10.3557  0.00000
    25     16.1052  0.00000
    26     17.0935  0.00000
    27     17.3071  0.00000

 KPT          228  SPIN            1  KWEIGHT    3.3222591362126247E-003
     1    -17.6855  0.00000
     2    -17.3961  0.00000
     3    -10.3164  0.00000
     4    -10.0380  0.00000
     5     -8.9837  0.00000
     6     -8.8246  0.00000
     7     -8.4621  0.00000
     8     -7.4391  0.00000
     9     -6.0791  0.00000
    10     -3.5758  0.00000
    11     -2.9474  0.00000
    12     -2.8096  0.00000
    13     -0.1978  0.00000
    14     -0.0808  0.00000
    15      0.8161  0.00000
    16      1.1331  0.00000
    17      2.0881  0.00000
    18      2.1952  0.00000
    19      2.8661  0.00000
    20      3.2666  0.00000
    21      3.8697  0.00000
    22      4.6494  0.00000
    23      8.6571  0.00000
    24     10.3799  0.00000
    25     16.0556  0.00000
    26     17.1271  0.00000
    27     17.2197  0.00000

 KPT          229  SPIN            1  KWEIGHT    3.3222591362126247E-003
     1    -17.7084  0.00000
     2    -17.4118  0.00000
     3    -10.3101  0.00000
     4     -9.9996  0.00000
     5     -8.9844  0.00000
     6     -8.8247  0.00000
     7     -8.4186  0.00000
     8     -7.4149  0.00000
     9     -6.1039  0.00000
    10     -3.5914  0.00000
    11     -2.9695  0.00000
    12     -2.7985  0.00000
    13     -0.1664  0.00000
    14     -0.1245  0.00000
    15      0.8880  0.00000
    16      1.1117  0.00000
    17      2.0676  0.00000
    18      2.1738  0.00000
    19      2.8896  0.00000
    20      3.2729  0.00000
    21      3.8703  0.00000
    22      4.6902  0.00000
    23      8.6464  0.00000
    24     10.4039  0.00000
    25     16.0039  0.00000
    26     17.1298  0.00000
    27     17.1612  0.00000

 KPT          230  SPIN            1  KWEIGHT    3.3222591362126247E-003
     1    -17.7320  0.00000
     2    -17.4279  0.00000
     3    -10.3023  0.00000
     4     -9.9599  0.00000
     5     -8.9861  0.00000
     6     -8.8240  0.00000
     7     -8.3747  0.00000
     8     -7.3907  0.00000
     9     -6.1280  0.00000
    10     -3.6095  0.00000
    11     -2.9899  0.00000
    12     -2.7877  0.00000
    13     -0.1683  0.00000
    14     -0.1346  0.00000
    15      0.9615  0.00000
    16      1.0921  0.00000
    17      2.0472  0.00000
    18      2.1536  0.00000
    19      2.9119  0.00000
    20      3.2786  0.00000
    21      3.8709  0.00000
    22      4.7296  0.00000
    23      8.6353  0.00000
    24     10.4275  0.00000
    25     15.9501  0.00000
    26     17.0375  0.00000
    27     17.1958  0.00000

 KPT          231  SPIN            1  KWEIGHT    3.3222591362126247E-003
     1    -17.7562  0.00000
     2    -17.4445  0.00000
     3    -10.2929  0.00000
     4     -9.9190  0.00000
     5     -8.9888  0.00000
     6     -8.8225  0.00000
     7     -8.3306  0.00000
     8     -7.3664  0.00000
     9     -6.1516  0.00000
    10     -3.6295  0.00000
    11     -3.0087  0.00000
    12     -2.7771  0.00000
    13     -0.2122  0.00000
    14     -0.1024  0.00000
    15      1.0362  0.00000
    16      1.0742  0.00000
    17      2.0269  0.00000
    18      2.1347  0.00000
    19      2.9328  0.00000
    20      3.2837  0.00000
    21      3.8718  0.00000
    22      4.7679  0.00000
    23      8.6238  0.00000
    24     10.4508  0.00000
    25     15.8941  0.00000
    26     16.9430  0.00000
    27     17.2309  0.00000

 KPT          232  SPIN            1  KWEIGHT    3.3222591362126247E-003
     1    -17.7810  0.00000
     2    -17.4614  0.00000
     3    -10.2822  0.00000
     4     -9.8769  0.00000
     5     -8.9923  0.00000
     6     -8.8202  0.00000
     7     -8.2865  0.00000
     8     -7.3421  0.00000
     9     -6.1744  0.00000
    10     -3.6512  0.00000
    11     -3.0263  0.00000
    12     -2.7668  0.00000
    13     -0.2561  0.00000
    14     -0.0699  0.00000
    15      1.0581  0.00000
    16      1.1122  0.00000
    17      2.0070  0.00000
    18      2.1173  0.00000
    19      2.9523  0.00000
    20      3.2880  0.00000
    21      3.8732  0.00000
    22      4.8050  0.00000
    23      8.6120  0.00000
    24     10.4735  0.00000
    25     15.8360  0.00000
    26     16.8465  0.00000
    27     17.2664  0.00000

 KPT          233  SPIN            1  KWEIGHT    3.3222591362126247E-003
     1    -17.8063  0.00000
     2    -17.4787  0.00000
     3    -10.2700  0.00000
     4     -9.8336  0.00000
     5     -8.9967  0.00000
     6     -8.8171  0.00000
     7     -8.2424  0.00000
     8     -7.3179  0.00000
     9     -6.1966  0.00000
    10     -3.6740  0.00000
    11     -3.0429  0.00000
    12     -2.7569  0.00000
    13     -0.3001  0.00000
    14     -0.0374  0.00000
    15      1.0438  0.00000
    16      1.1891  0.00000
    17      1.9874  0.00000
    18      2.1014  0.00000
    19      2.9702  0.00000
    20      3.2914  0.00000
    21      3.8751  0.00000
    22      4.8412  0.00000
    23      8.5997  0.00000
    24     10.4958  0.00000
    25     15.7756  0.00000
    26     16.7481  0.00000
    27     17.3021  0.00000

 KPT          234  SPIN            1  KWEIGHT    3.3222591362126247E-003
     1    -17.8323  0.00000
     2    -17.4963  0.00000
     3    -10.2566  0.00000
     4     -9.7892  0.00000
     5     -9.0019  0.00000
     6     -8.8130  0.00000
     7     -8.1985  0.00000
     8     -7.2938  0.00000
     9     -6.2180  0.00000
    10     -3.6976  0.00000
    11     -3.0587  0.00000
    12     -2.7473  0.00000
    13     -0.3441  0.00000
    14     -0.0049  0.00000
    15      1.0313  0.00000
    16      1.2667  0.00000
    17      1.9683  0.00000
    18      2.0871  0.00000
    19      2.9863  0.00000
    20      3.2938  0.00000
    21      3.8779  0.00000
    22      4.8765  0.00000
    23      8.5871  0.00000
    24     10.5175  0.00000
    25     15.7130  0.00000
    26     16.6480  0.00000
    27     17.3380  0.00000

 KPT          235  SPIN            1  KWEIGHT    3.3222591362126247E-003
     1    -17.8587  0.00000
     2    -17.5143  0.00000
     3    -10.2419  0.00000
     4     -9.7438  0.00000
     5     -9.0078  0.00000
     6     -8.8080  0.00000
     7     -8.1547  0.00000
     8     -7.2697  0.00000
     9     -6.2386  0.00000
    10     -3.7214  0.00000
    11     -3.0739  0.00000
    12     -2.7382  0.00000
    13     -0.3882  0.00000
    14      0.0274  0.00000
    15      1.0206  0.00000
    16      1.3448  0.00000
    17      1.9497  0.00000
    18      2.0748  0.00000
    19      3.0006  0.00000
    20      3.2951  0.00000
    21      3.8815  0.00000
    22      4.9112  0.00000
    23      8.5741  0.00000
    24     10.5385  0.00000
    25     15.6479  0.00000
    26     16.5464  0.00000
    27     17.3741  0.00000

 KPT          236  SPIN            1  KWEIGHT    3.3222591362126247E-003
     1    -17.8855  0.00000
     2    -17.5325  0.00000
     3    -10.2261  0.00000
     4     -9.6973  0.00000
     5     -9.0144  0.00000
     6     -8.8022  0.00000
     7     -8.1113  0.00000
     8     -7.2459  0.00000
     9     -6.2585  0.00000
    10     -3.7452  0.00000
    11     -3.0887  0.00000
    12     -2.7295  0.00000
    13     -0.4324  0.00000
    14      0.0593  0.00000
    15      1.0117  0.00000
    16      1.4228  0.00000
    17      1.9317  0.00000
    18      2.0648  0.00000
    19      3.0129  0.00000
    20      3.2954  0.00000
    21      3.8862  0.00000
    22      4.9452  0.00000
    23      8.5606  0.00000
    24     10.5590  0.00000
    25     15.5804  0.00000
    26     16.4437  0.00000
    27     17.4102  0.00000

 KPT          237  SPIN            1  KWEIGHT    3.3222591362126247E-003
     1    -17.9128  0.00000
     2    -17.5510  0.00000
     3    -10.2092  0.00000
     4     -9.6498  0.00000
     5     -9.0216  0.00000
     6     -8.7953  0.00000
     7     -8.0682  0.00000
     8     -7.2222  0.00000
     9     -6.2777  0.00000
    10     -3.7687  0.00000
    11     -3.1032  0.00000
    12     -2.7213  0.00000
    13     -0.4768  0.00000
    14      0.0909  0.00000
    15      1.0046  0.00000
    16      1.5002  0.00000
    17      1.9144  0.00000
    18      2.0574  0.00000
    19      3.0231  0.00000
    20      3.2945  0.00000
    21      3.8920  0.00000
    22      4.9788  0.00000
    23      8.5467  0.00000
    24     10.5787  0.00000
    25     15.5103  0.00000
    26     16.3399  0.00000
    27     17.4463  0.00000

 KPT          238  SPIN            1  KWEIGHT    3.3222591362126247E-003
     1    -17.9405  0.00000
     2    -17.5697  0.00000
     3    -10.1914  0.00000
     4     -9.6014  0.00000
     5     -9.0293  0.00000
     6     -8.7875  0.00000
     7     -8.0256  0.00000
     8     -7.1987  0.00000
     9     -6.2960  0.00000
    10     -3.7914  0.00000
    11     -3.1176  0.00000
    12     -2.7136  0.00000
    13     -0.5212  0.00000
    14      0.1218  0.00000
    15      0.9994  0.00000
    16      1.5760  0.00000
    17      1.8977  0.00000
    18      2.0534  0.00000
    19      3.0311  0.00000
    20      3.2925  0.00000
    21      3.8991  0.00000
    22      5.0121  0.00000
    23      8.5324  0.00000
    24     10.5977  0.00000
    25     15.4375  0.00000
    26     16.2354  0.00000
    27     17.4823  0.00000

 KPT          239  SPIN            1  KWEIGHT    3.3222591362126247E-003
     1    -17.9685  0.00000
     2    -17.5887  0.00000
     3    -10.1727  0.00000
     4     -9.5522  0.00000
     5     -9.0375  0.00000
     6     -8.7787  0.00000
     7     -7.9835  0.00000
     8     -7.1755  0.00000
     9     -6.3136  0.00000
    10     -3.8132  0.00000
    11     -3.1318  0.00000
    12     -2.7064  0.00000
    13     -0.5658  0.00000
    14      0.1520  0.00000
    15      0.9959  0.00000
    16      1.6488  0.00000
    17      1.8817  0.00000
    18      2.0542  0.00000
    19      3.0370  0.00000
    20      3.2895  0.00000
    21      3.9075  0.00000
    22      5.0453  0.00000
    23      8.5176  0.00000
    24     10.6160  0.00000
    25     15.3620  0.00000
    26     16.1304  0.00000
    27     17.5181  0.00000

 KPT          240  SPIN            1  KWEIGHT    3.3222591362126247E-003
     1    -17.9969  0.00000
     2    -17.6079  0.00000
     3    -10.1533  0.00000
     4     -9.5021  0.00000
     5     -9.0461  0.00000
     6     -8.7689  0.00000
     7     -7.9421  0.00000
     8     -7.1525  0.00000
     9     -6.3302  0.00000
    10     -3.8337  0.00000
    11     -3.1459  0.00000
    12     -2.6998  0.00000
    13     -0.6106  0.00000
    14      0.1814  0.00000
    15      0.9943  0.00000
    16      1.7162  0.00000
    17      1.8665  0.00000
    18      2.0618  0.00000
    19      3.0405  0.00000
    20      3.2857  0.00000
    21      3.9171  0.00000
    22      5.0784  0.00000
    23      8.5024  0.00000
    24     10.6334  0.00000
    25     15.2837  0.00000
    26     16.0252  0.00000
    27     17.5537  0.00000

 KPT          241  SPIN            1  KWEIGHT    3.3222591362126247E-003
     1    -18.0255  0.00000
     2    -17.6272  0.00000
     3    -10.1334  0.00000
     4     -9.4512  0.00000
     5     -9.0550  0.00000
     6     -8.7580  0.00000
     7     -7.9016  0.00000
     8     -7.1298  0.00000
     9     -6.3461  0.00000
    10     -3.8529  0.00000
    11     -3.1600  0.00000
    12     -2.6938  0.00000
    13     -0.6556  0.00000
    14      0.2098  0.00000
    15      0.9944  0.00000
    16      1.7746  0.00000
    17      1.8520  0.00000
    18      2.0795  0.00000
    19      3.0417  0.00000
    20      3.2812  0.00000
    21      3.9281  0.00000
    22      5.1117  0.00000
    23      8.4867  0.00000
    24     10.6501  0.00000
    25     15.2024  0.00000
    26     15.9201  0.00000
    27     17.5890  0.00000

 KPT          242  SPIN            1  KWEIGHT    3.3222591362126247E-003
     1    -18.0544  0.00000
     2    -17.6467  0.00000
     3    -10.1129  0.00000
     4     -9.3997  0.00000
     5     -9.0639  0.00000
     6     -8.7461  0.00000
     7     -7.8619  0.00000
     8     -7.1075  0.00000
     9     -6.3610  0.00000
    10     -3.8704  0.00000
    11     -3.1740  0.00000
    12     -2.6883  0.00000
    13     -0.7008  0.00000
    14      0.2371  0.00000
    15      0.9962  0.00000
    16      1.8205  0.00000
    17      1.8384  0.00000
    18      2.1106  0.00000
    19      3.0406  0.00000
    20      3.2762  0.00000
    21      3.9404  0.00000
    22      5.1451  0.00000
    23      8.4705  0.00000
    24     10.6659  0.00000
    25     15.1180  0.00000
    26     15.8153  0.00000
    27     17.6240  0.00000

 KPT          243  SPIN            1  KWEIGHT    3.3222591362126247E-003
     1    -18.0834  0.00000
     2    -17.6663  0.00000
     3    -10.0922  0.00000
     4     -9.3476  0.00000
     5     -9.0729  0.00000
     6     -8.7331  0.00000
     7     -7.8233  0.00000
     8     -7.0854  0.00000
     9     -6.3749  0.00000
    10     -3.8862  0.00000
    11     -3.1878  0.00000
    12     -2.6835  0.00000
    13     -0.7461  0.00000
    14      0.2633  0.00000
    15      0.9998  0.00000
    16      1.8255  0.00000
    17      1.8521  0.00000
    18      2.1564  0.00000
    19      3.0371  0.00000
    20      3.2712  0.00000
    21      3.9540  0.00000
    22      5.1790  0.00000
    23      8.4538  0.00000
    24     10.6809  0.00000
    25     15.0305  0.00000
    26     15.7111  0.00000
    27     17.6585  0.00000

 KPT          244  SPIN            1  KWEIGHT    3.3222591362126247E-003
     1    -18.1127  0.00000
     2    -17.6860  0.00000
     3    -10.0714  0.00000
     4     -9.2949  0.00000
     5     -9.0817  0.00000
     6     -8.7190  0.00000
     7     -7.7859  0.00000
     8     -7.0638  0.00000
     9     -6.3878  0.00000
    10     -3.9002  0.00000
    11     -3.2016  0.00000
    12     -2.6793  0.00000
    13     -0.7918  0.00000
    14      0.2882  0.00000
    15      1.0051  0.00000
    16      1.8135  0.00000
    17      1.8715  0.00000
    18      2.2144  0.00000
    19      3.0312  0.00000
    20      3.2663  0.00000
    21      3.9688  0.00000
    22      5.2132  0.00000
    23      8.4366  0.00000
    24     10.6950  0.00000
    25     14.9400  0.00000
    26     15.6076  0.00000
    27     17.6925  0.00000

 KPT          245  SPIN            1  KWEIGHT    3.3222591362126247E-003
     1    -18.1420  0.00000
     2    -17.7057  0.00000
     3    -10.0507  0.00000
     4     -9.2417  0.00000
     5     -9.0901  0.00000
     6     -8.7037  0.00000
     7     -7.7499  0.00000
     8     -7.0425  0.00000
     9     -6.3996  0.00000
    10     -3.9121  0.00000
    11     -3.2152  0.00000
    12     -2.6757  0.00000
    13     -0.8376  0.00000
    14      0.3118  0.00000
    15      1.0121  0.00000
    16      1.8023  0.00000
    17      1.8825  0.00000
    18      2.2802  0.00000
    19      3.0230  0.00000
    20      3.2620  0.00000
    21      3.9849  0.00000
    22      5.2480  0.00000
    23      8.4188  0.00000
    24     10.7082  0.00000
    25     14.8463  0.00000
    26     15.5051  0.00000
    27     17.7260  0.00000

 KPT          246  SPIN            1  KWEIGHT    3.3222591362126247E-003
     1    -18.1715  0.00000
     2    -17.7256  0.00000
     3    -10.0304  0.00000
     4     -9.1882  0.00000
     5     -9.0980  0.00000
     6     -8.6873  0.00000
     7     -7.7153  0.00000
     8     -7.0217  0.00000
     9     -6.4102  0.00000
    10     -3.9220  0.00000
    11     -3.2285  0.00000
    12     -2.6728  0.00000
    13     -0.8837  0.00000
    14      0.3340  0.00000
    15      1.0208  0.00000
    16      1.7919  0.00000
    17      1.8883  0.00000
    18      2.3501  0.00000
    19      3.0125  0.00000
    20      3.2588  0.00000
    21      4.0023  0.00000
    22      5.2834  0.00000
    23      8.4006  0.00000
    24     10.7206  0.00000
    25     14.7497  0.00000
    26     15.4037  0.00000
    27     17.7589  0.00000

 KPT          247  SPIN            1  KWEIGHT    3.3222591362126247E-003
     1    -18.2010  0.00000
     2    -17.7454  0.00000
     3    -10.0106  0.00000
     4     -9.1344  0.00000
     5     -9.1050  0.00000
     6     -8.6696  0.00000
     7     -7.6825  0.00000
     8     -7.0013  0.00000
     9     -6.4194  0.00000
    10     -3.9297  0.00000
    11     -3.2416  0.00000
    12     -2.6704  0.00000
    13     -0.9301  0.00000
    14      0.3548  0.00000
    15      1.0310  0.00000
    16      1.7823  0.00000
    17      1.8908  0.00000
    18      2.4214  0.00000
    19      2.9998  0.00000
    20      3.2574  0.00000
    21      4.0209  0.00000
    22      5.3195  0.00000
    23      8.3818  0.00000
    24     10.7320  0.00000
    25     14.6502  0.00000
    26     15.3033  0.00000
    27     17.7911  0.00000

 KPT          248  SPIN            1  KWEIGHT    3.3222591362126247E-003
     1    -18.2305  0.00000
     2    -17.7653  0.00000
     3     -9.9916  0.00000
     4     -9.1110  0.00000
     5     -9.0805  0.00000
     6     -8.6506  0.00000
     7     -7.6517  0.00000
     8     -6.9813  0.00000
     9     -6.4271  0.00000
    10     -3.9353  0.00000
    11     -3.2544  0.00000
    12     -2.6687  0.00000
    13     -0.9768  0.00000
    14      0.3743  0.00000
    15      1.0429  0.00000
    16      1.7735  0.00000
    17      1.8910  0.00000
    18      2.4920  0.00000
    19      2.9849  0.00000
    20      3.2585  0.00000
    21      4.0407  0.00000
    22      5.3562  0.00000
    23      8.3625  0.00000
    24     10.7425  0.00000
    25     14.5481  0.00000
    26     15.2040  0.00000
    27     17.8226  0.00000

 KPT          249  SPIN            1  KWEIGHT    3.3222591362126247E-003
     1    -18.2600  0.00000
     2    -17.7851  0.00000
     3     -9.9737  0.00000
     4     -9.1156  0.00000
     5     -9.0265  0.00000
     6     -8.6302  0.00000
     7     -7.6229  0.00000
     8     -6.9617  0.00000
     9     -6.4332  0.00000
    10     -3.9387  0.00000
    11     -3.2668  0.00000
    12     -2.6676  0.00000
    13     -1.0237  0.00000
    14      0.3923  0.00000
    15      1.0563  0.00000
    16      1.7654  0.00000
    17      1.8895  0.00000
    18      2.5603  0.00000
    19      2.9679  0.00000
    20      3.2630  0.00000
    21      4.0617  0.00000
    22      5.3937  0.00000
    23      8.3426  0.00000
    24     10.7521  0.00000
    25     14.4436  0.00000
    26     15.1057  0.00000
    27     17.8534  0.00000

 KPT          250  SPIN            1  KWEIGHT    3.3222591362126247E-003
     1    -18.2895  0.00000
     2    -17.8049  0.00000
     3     -9.9572  0.00000
     4     -9.1186  0.00000
     5     -8.9727  0.00000
     6     -8.6084  0.00000
     7     -7.5964  0.00000
     8     -6.9427  0.00000
     9     -6.4375  0.00000
    10     -3.9399  0.00000
    11     -3.2788  0.00000
    12     -2.6671  0.00000
    13     -1.0709  0.00000
    14      0.4090  0.00000
    15      1.0712  0.00000
    16      1.7580  0.00000
    17      1.8866  0.00000
    18      2.6247  0.00000
    19      2.9490  0.00000
    20      3.2722  0.00000
    21      4.0841  0.00000
    22      5.4320  0.00000
    23      8.3222  0.00000
    24     10.7608  0.00000
    25     14.3370  0.00000
    26     15.0084  0.00000
    27     17.8833  0.00000

 KPT          251  SPIN            1  KWEIGHT    3.3222591362126247E-003
     1    -18.3189  0.00000
     2    -17.8247  0.00000
     3     -9.9424  0.00000
     4     -9.1196  0.00000
     5     -8.9192  0.00000
     6     -8.5849  0.00000
     7     -7.5725  0.00000
     8     -6.9241  0.00000
     9     -6.4399  0.00000
    10     -3.9389  0.00000
    11     -3.2902  0.00000
    12     -2.6673  0.00000
    13     -1.1183  0.00000
    14      0.4244  0.00000
    15      1.0875  0.00000
    16      1.7512  0.00000
    17      1.8822  0.00000
    18      2.6834  0.00000
    19      2.9282  0.00000
    20      3.2872  0.00000
    21      4.1076  0.00000
    22      5.4711  0.00000
    23      8.3013  0.00000
    24     10.7686  0.00000
    25     14.2287  0.00000
    26     14.9118  0.00000
    27     17.9124  0.00000

 KPT          252  SPIN            1  KWEIGHT    3.3222591362126247E-003
     1    -18.3481  0.00000
     2    -17.8444  0.00000
     3     -9.9296  0.00000
     4     -9.1185  0.00000
     5     -8.8662  0.00000
     6     -8.5598  0.00000
     7     -7.5512  0.00000
     8     -6.9060  0.00000
     9     -6.4402  0.00000
    10     -3.9357  0.00000
    11     -3.3011  0.00000
    12     -2.6679  0.00000
    13     -1.1660  0.00000
    14      0.4385  0.00000
    15      1.1053  0.00000
    16      1.7451  0.00000
    17      1.8765  0.00000
    18      2.7351  0.00000
    19      2.9057  0.00000
    20      3.3094  0.00000
    21      4.1325  0.00000
    22      5.5110  0.00000
    23      8.2798  0.00000
    24     10.7755  0.00000
    25     14.1191  0.00000
    26     14.8159  0.00000
    27     17.9407  0.00000

 KPT          253  SPIN            1  KWEIGHT    3.3222591362126247E-003
     1    -18.3773  0.00000
     2    -17.8639  0.00000
     3     -9.9190  0.00000
     4     -9.1150  0.00000
     5     -8.8140  0.00000
     6     -8.5327  0.00000
     7     -7.5328  0.00000
     8     -6.8885  0.00000
     9     -6.4383  0.00000
    10     -3.9304  0.00000
    11     -3.3114  0.00000
    12     -2.6692  0.00000
    13     -1.2140  0.00000
    14      0.4514  0.00000
    15      1.1244  0.00000
    16      1.7394  0.00000
    17      1.8693  0.00000
    18      2.7785  0.00000
    19      2.8817  0.00000
    20      3.3398  0.00000
    21      4.1588  0.00000
    22      5.5516  0.00000
    23      8.2578  0.00000
    24     10.7814  0.00000
    25     14.0083  0.00000
    26     14.7206  0.00000
    27     17.9680  0.00000

 KPT          254  SPIN            1  KWEIGHT    3.3222591362126247E-003
     1    -18.4062  0.00000
     2    -17.8834  0.00000
     3     -9.9107  0.00000
     4     -9.1088  0.00000
     5     -8.7629  0.00000
     6     -8.5035  0.00000
     7     -7.5173  0.00000
     8     -6.8715  0.00000
     9     -6.4341  0.00000
    10     -3.9231  0.00000
    11     -3.3210  0.00000
    12     -2.6710  0.00000
    13     -1.2622  0.00000
    14      0.4632  0.00000
    15      1.1449  0.00000
    16      1.7342  0.00000
    17      1.8605  0.00000
    18      2.8129  0.00000
    19      2.8562  0.00000
    20      3.3788  0.00000
    21      4.1864  0.00000
    22      5.5930  0.00000
    23      8.2353  0.00000
    24     10.7864  0.00000
    25     13.8969  0.00000
    26     14.6256  0.00000
    27     17.9944  0.00000

 KPT          255  SPIN            1  KWEIGHT    3.3222591362126247E-003
     1    -18.4350  0.00000
     2    -17.9027  0.00000
     3     -9.9051  0.00000
     4     -9.0998  0.00000
     5     -8.7132  0.00000
     6     -8.4720  0.00000
     7     -7.5049  0.00000
     8     -6.8550  0.00000
     9     -6.4275  0.00000
    10     -3.9137  0.00000
    11     -3.3299  0.00000
    12     -2.6733  0.00000
    13     -1.3106  0.00000
    14      0.4739  0.00000
    15      1.1666  0.00000
    16      1.7294  0.00000
    17      1.8501  0.00000
    18      2.8295  0.00000
    19      2.8388  0.00000
    20      3.4258  0.00000
    21      4.2155  0.00000
    22      5.6352  0.00000
    23      8.2123  0.00000
    24     10.7905  0.00000
    25     13.7851  0.00000
    26     14.5308  0.00000
    27     18.0199  0.00000

 KPT          256  SPIN            1  KWEIGHT    3.3222591362126247E-003
     1    -18.4635  0.00000
     2    -17.9219  0.00000
     3     -9.9021  0.00000
     4     -9.0879  0.00000
     5     -8.6651  0.00000
     6     -8.4378  0.00000
     7     -7.4956  0.00000
     8     -6.8390  0.00000
     9     -6.4186  0.00000
    10     -3.9024  0.00000
    11     -3.3380  0.00000
    12     -2.6761  0.00000
    13     -1.3592  0.00000
    14      0.4837  0.00000
    15      1.1895  0.00000
    16      1.7248  0.00000
    17      1.8380  0.00000
    18      2.8017  0.00000
    19      2.8571  0.00000
    20      3.4798  0.00000
    21      4.2460  0.00000
    22      5.6781  0.00000
    23      8.1888  0.00000
    24     10.7937  0.00000
    25     13.6733  0.00000
    26     14.4362  0.00000
    27     18.0443  0.00000

 KPT          257  SPIN            1  KWEIGHT    3.3222591362126247E-003
     1    -18.4918  0.00000
     2    -17.9409  0.00000
     3     -9.9017  0.00000
     4     -9.0731  0.00000
     5     -8.6190  0.00000
     6     -8.4009  0.00000
     7     -7.4892  0.00000
     8     -6.8236  0.00000
     9     -6.4073  0.00000
    10     -3.8893  0.00000
    11     -3.3453  0.00000
    12     -2.6793  0.00000
    13     -1.4080  0.00000
    14      0.4926  0.00000
    15      1.2136  0.00000
    16      1.7203  0.00000
    17      1.8242  0.00000
    18      2.7730  0.00000
    19      2.8690  0.00000
    20      3.5394  0.00000
    21      4.2780  0.00000
    22      5.7217  0.00000
    23      8.1649  0.00000
    24     10.7960  0.00000
    25     13.5617  0.00000
    26     14.3416  0.00000
    27     18.0677  0.00000

 KPT          258  SPIN            1  KWEIGHT    3.3222591362126247E-003
     1    -18.5198  0.00000
     2    -17.9597  0.00000
     3     -9.9040  0.00000
     4     -9.0556  0.00000
     5     -8.5750  0.00000
     6     -8.3611  0.00000
     7     -7.4859  0.00000
     8     -6.8088  0.00000
     9     -6.3937  0.00000
    10     -3.8744  0.00000
    11     -3.3518  0.00000
    12     -2.6830  0.00000
    13     -1.4570  0.00000
    14      0.5007  0.00000
    15      1.2388  0.00000
    16      1.7159  0.00000
    17      1.8086  0.00000
    18      2.7436  0.00000
    19      2.8757  0.00000
    20      3.6030  0.00000
    21      4.3115  0.00000
    22      5.7660  0.00000
    23      8.1404  0.00000
    24     10.7974  0.00000
    25     13.4507  0.00000
    26     14.2470  0.00000
    27     18.0901  0.00000

 KPT          259  SPIN            1  KWEIGHT    3.3222591362126247E-003
     1    -18.5474  0.00000
     2    -17.9782  0.00000
     3     -9.9086  0.00000
     4     -9.0353  0.00000
     5     -8.5329  0.00000
     6     -8.3187  0.00000
     7     -7.4853  0.00000
     8     -6.7945  0.00000
     9     -6.3780  0.00000
    10     -3.8579  0.00000
    11     -3.3573  0.00000
    12     -2.6871  0.00000
    13     -1.5060  0.00000
    14      0.5081  0.00000
    15      1.2650  0.00000
    16      1.7114  0.00000
    17      1.7912  0.00000
    18      2.7138  0.00000
    19      2.8783  0.00000
    20      3.6695  0.00000
    21      4.3464  0.00000
    22      5.8108  0.00000
    23      8.1156  0.00000
    24     10.7979  0.00000
    25     13.3405  0.00000
    26     14.1523  0.00000
    27     18.1114  0.00000

 KPT          260  SPIN            1  KWEIGHT    3.3222591362126247E-003
     1    -18.5748  0.00000
     2    -17.9966  0.00000
     3     -9.9156  0.00000
     4     -9.0126  0.00000
     5     -8.4927  0.00000
     6     -8.2739  0.00000
     7     -7.4874  0.00000
     8     -6.7809  0.00000
     9     -6.3604  0.00000
    10     -3.8399  0.00000
    11     -3.3619  0.00000
    12     -2.6916  0.00000
    13     -1.5551  0.00000
    14      0.5150  0.00000
    15      1.2922  0.00000
    16      1.7066  0.00000
    17      1.7721  0.00000
    18      2.6836  0.00000
    19      2.8775  0.00000
    20      3.7379  0.00000
    21      4.3828  0.00000
    22      5.8563  0.00000
    23      8.0903  0.00000
    24     10.7975  0.00000
    25     13.2313  0.00000
    26     14.0574  0.00000
    27     18.1317  0.00000

 KPT          261  SPIN            1  KWEIGHT    3.3222591362126247E-003
     1    -18.6017  0.00000
     2    -18.0147  0.00000
     3     -9.9246  0.00000
     4     -8.9876  0.00000
     5     -8.4539  0.00000
     6     -8.2272  0.00000
     7     -7.4920  0.00000
     8     -6.7678  0.00000
     9     -6.3410  0.00000
    10     -3.8204  0.00000
    11     -3.3655  0.00000
    12     -2.6964  0.00000
    13     -1.6042  0.00000
    14      0.5213  0.00000
    15      1.3203  0.00000
    16      1.7014  0.00000
    17      1.7512  0.00000
    18      2.6535  0.00000
    19      2.8741  0.00000
    20      3.8074  0.00000
    21      4.4205  0.00000
    22      5.9022  0.00000
    23      8.0647  0.00000
    24     10.7961  0.00000
    25     13.1235  0.00000
    26     13.9624  0.00000
    27     18.1508  0.00000

 KPT          262  SPIN            1  KWEIGHT    3.3222591362126247E-003
     1    -18.6283  0.00000
     2    -18.0326  0.00000
     3     -9.9356  0.00000
     4     -8.9605  0.00000
     5     -8.4163  0.00000
     6     -8.1788  0.00000
     7     -7.4988  0.00000
     8     -6.7553  0.00000
     9     -6.3201  0.00000
    10     -3.7996  0.00000
    11     -3.3681  0.00000
    12     -2.7015  0.00000
    13     -1.6533  0.00000
    14      0.5272  0.00000
    15      1.3492  0.00000
    16      1.6957  0.00000
    17      1.7287  0.00000
    18      2.6235  0.00000
    19      2.8682  0.00000
    20      3.8774  0.00000
    21      4.4596  0.00000
    22      5.9485  0.00000
    23      8.0387  0.00000
    24     10.7939  0.00000
    25     13.0172  0.00000
    26     13.8672  0.00000
    27     18.1690  0.00000

 KPT          263  SPIN            1  KWEIGHT    3.3222591362126247E-003
     1    -18.6545  0.00000
     2    -18.0502  0.00000
     3     -9.9481  0.00000
     4     -8.9316  0.00000
     5     -8.3795  0.00000
     6     -8.1294  0.00000
     7     -7.5077  0.00000
     8     -6.7435  0.00000
     9     -6.2978  0.00000
    10     -3.7776  0.00000
    11     -3.3697  0.00000
    12     -2.7069  0.00000
    13     -1.7023  0.00000
    14      0.5327  0.00000
    15      1.3790  0.00000
    16      1.6892  0.00000
    17      1.7047  0.00000
    18      2.5939  0.00000
    19      2.8604  0.00000
    20      3.9475  0.00000
    21      4.4999  0.00000
    22      5.9953  0.00000
    23      8.0123  0.00000
    24     10.7908  0.00000
    25     12.9127  0.00000
    26     13.7718  0.00000
    27     18.1860  0.00000

 KPT          264  SPIN            1  KWEIGHT    3.3222591362126247E-003
     1    -18.6802  0.00000
     2    -18.0675  0.00000
     3     -9.9620  0.00000
     4     -8.9011  0.00000
     5     -8.3432  0.00000
     6     -8.0793  0.00000
     7     -7.5183  0.00000
     8     -6.7323  0.00000
     9     -6.2745  0.00000
    10     -3.7545  0.00000
    11     -3.3702  0.00000
    12     -2.7125  0.00000
    13     -1.7512  0.00000
    14      0.5380  0.00000
    15      1.4094  0.00000
    16      1.6791  0.00000
    17      1.6818  0.00000
    18      2.5649  0.00000
    19      2.8506  0.00000
    20      4.0175  0.00000
    21      4.5414  0.00000
    22      6.0424  0.00000
    23      7.9857  0.00000
    24     10.7868  0.00000
    25     12.8101  0.00000
    26     13.6762  0.00000
    27     18.2020  0.00000

 KPT          265  SPIN            1  KWEIGHT    3.3222591362126247E-003
     1    -18.7055  0.00000
     2    -18.0845  0.00000
     3     -9.9772  0.00000
     4     -8.8693  0.00000
     5     -8.3071  0.00000
     6     -8.0287  0.00000
     7     -7.5304  0.00000
     8     -6.7217  0.00000
     9     -6.2503  0.00000
    10     -3.7304  0.00000
    11     -3.3697  0.00000
    12     -2.7184  0.00000
    13     -1.7999  0.00000
    14      0.5431  0.00000
    15      1.4405  0.00000
    16      1.6523  0.00000
    17      1.6734  0.00000
    18      2.5369  0.00000
    19      2.8390  0.00000
    20      4.0870  0.00000
    21      4.5838  0.00000
    22      6.0897  0.00000
    23      7.9588  0.00000
    24     10.7819  0.00000
    25     12.7096  0.00000
    26     13.5804  0.00000
    27     18.2168  0.00000

 KPT          266  SPIN            1  KWEIGHT    3.3222591362126247E-003
     1    -18.7303  0.00000
     2    -18.1011  0.00000
     3     -9.9933  0.00000
     4     -8.8363  0.00000
     5     -8.2711  0.00000
     6     -7.9781  0.00000
     7     -7.5439  0.00000
     8     -6.7117  0.00000
     9     -6.2254  0.00000
    10     -3.7055  0.00000
    11     -3.3681  0.00000
    12     -2.7244  0.00000
    13     -1.8484  0.00000
    14      0.5480  0.00000
    15      1.4722  0.00000
    16      1.6241  0.00000
    17      1.6637  0.00000
    18      2.5099  0.00000
    19      2.8259  0.00000
    20      4.1559  0.00000
    21      4.6271  0.00000
    22      6.1372  0.00000
    23      7.9317  0.00000
    24     10.7760  0.00000
    25     12.6114  0.00000
    26     13.4846  0.00000
    27     18.2307  0.00000

 KPT          267  SPIN            1  KWEIGHT    3.3222591362126247E-003
     1    -18.7547  0.00000
     2    -18.1175  0.00000
     3    -10.0103  0.00000
     4     -8.8024  0.00000
     5     -8.2351  0.00000
     6     -7.9276  0.00000
     7     -7.5585  0.00000
     8     -6.7025  0.00000
     9     -6.2001  0.00000
    10     -3.6799  0.00000
    11     -3.3653  0.00000
    12     -2.7306  0.00000
    13     -1.8965  0.00000
    14      0.5529  0.00000
    15      1.5043  0.00000
    16      1.5948  0.00000
    17      1.6527  0.00000
    18      2.4843  0.00000
    19      2.8111  0.00000
    20      4.2241  0.00000
    21      4.6710  0.00000
    22      6.1848  0.00000
    23      7.9044  0.00000
    24     10.7693  0.00000
    25     12.5157  0.00000
    26     13.3887  0.00000
    27     18.2435  0.00000

 KPT          268  SPIN            1  KWEIGHT    3.3222591362126247E-003
     1    -18.7785  0.00000
     2    -18.1335  0.00000
     3    -10.0279  0.00000
     4     -8.7677  0.00000
     5     -8.1988  0.00000
     6     -7.8775  0.00000
     7     -7.5741  0.00000
     8     -6.6939  0.00000
     9     -6.1746  0.00000
    10     -3.6537  0.00000
    11     -3.3615  0.00000
    12     -2.7369  0.00000
    13     -1.9443  0.00000
    14      0.5577  0.00000
    15      1.5366  0.00000
    16      1.5645  0.00000
    17      1.6403  0.00000
    18      2.4603  0.00000
    19      2.7948  0.00000
    20      4.2915  0.00000
    21      4.7154  0.00000
    22      6.2325  0.00000
    23      7.8770  0.00000
    24     10.7617  0.00000
    25     12.4227  0.00000
    26     13.2927  0.00000
    27     18.2552  0.00000

 KPT          269  SPIN            1  KWEIGHT    3.3222591362126247E-003
     1    -18.8018  0.00000
     2    -18.1492  0.00000
     3    -10.0460  0.00000
     4     -8.7324  0.00000
     5     -8.1624  0.00000
     6     -7.8278  0.00000
     7     -7.5903  0.00000
     8     -6.6860  0.00000
     9     -6.1490  0.00000
    10     -3.6269  0.00000
    11     -3.3567  0.00000
    12     -2.7433  0.00000
    13     -1.9917  0.00000
    14      0.5626  0.00000
    15      1.5333  0.00000
    16      1.5688  0.00000
    17      1.6268  0.00000
    18      2.4379  0.00000
    19      2.7771  0.00000
    20      4.3580  0.00000
    21      4.7601  0.00000
    22      6.2801  0.00000
    23      7.8494  0.00000
    24     10.7531  0.00000
    25     12.3324  0.00000
    26     13.1969  0.00000
    27     18.2660  0.00000

 KPT          270  SPIN            1  KWEIGHT    3.3222591362126247E-003
     1    -18.8245  0.00000
     2    -18.1644  0.00000
     3    -10.0645  0.00000
     4     -8.6967  0.00000
     5     -8.1257  0.00000
     6     -7.7789  0.00000
     7     -7.6072  0.00000
     8     -6.6788  0.00000
     9     -6.1234  0.00000
    10     -3.5998  0.00000
    11     -3.3507  0.00000
    12     -2.7497  0.00000
    13     -2.0385  0.00000
    14      0.5676  0.00000
    15      1.5013  0.00000
    16      1.5955  0.00000
    17      1.6173  0.00000
    18      2.4173  0.00000
    19      2.7581  0.00000
    20      4.4235  0.00000
    21      4.8049  0.00000
    22      6.3276  0.00000
    23      7.8218  0.00000
    24     10.7437  0.00000
    25     12.2450  0.00000
    26     13.1012  0.00000
    27     18.2757  0.00000

 KPT          271  SPIN            1  KWEIGHT    3.3222591362126247E-003
     1    -18.8467  0.00000
     2    -18.1793  0.00000
     3    -10.0832  0.00000
     4     -8.6608  0.00000
     5     -8.0886  0.00000
     6     -7.7307  0.00000
     7     -7.6245  0.00000
     8     -6.6724  0.00000
     9     -6.0981  0.00000
    10     -3.5724  0.00000
    11     -3.3437  0.00000
    12     -2.7561  0.00000
    13     -2.0847  0.00000
    14      0.5727  0.00000
    15      1.4686  0.00000
    16      1.5884  0.00000
    17      1.6400  0.00000
    18      2.3987  0.00000
    19      2.7378  0.00000
    20      4.4880  0.00000
    21      4.8497  0.00000
    22      6.3749  0.00000
    23      7.7943  0.00000
    24     10.7333  0.00000
    25     12.1607  0.00000
    26     13.0057  0.00000
    27     18.2845  0.00000

 KPT          272  SPIN            1  KWEIGHT    3.3222591362126247E-003
     1    -18.8683  0.00000
     2    -18.1939  0.00000
     3    -10.1020  0.00000
     4     -8.6247  0.00000
     5     -8.0513  0.00000
     6     -7.6834  0.00000
     7     -7.6421  0.00000
     8     -6.6667  0.00000
     9     -6.0731  0.00000
    10     -3.5448  0.00000
    11     -3.3357  0.00000
    12     -2.7626  0.00000
    13     -2.1303  0.00000
    14      0.5779  0.00000
    15      1.4354  0.00000
    16      1.5699  0.00000
    17      1.6725  0.00000
    18      2.3820  0.00000
    19      2.7162  0.00000
    20      4.5514  0.00000
    21      4.8942  0.00000
    22      6.4219  0.00000
    23      7.7667  0.00000
    24     10.7220  0.00000
    25     12.0796  0.00000
    26     12.9106  0.00000
    27     18.2924  0.00000

 KPT          273  SPIN            1  KWEIGHT    3.3222591362126247E-003
     1    -18.8893  0.00000
     2    -18.2080  0.00000
     3    -10.1209  0.00000
     4     -8.5886  0.00000
     5     -8.0136  0.00000
     6     -7.6598  0.00000
     7     -7.6372  0.00000
     8     -6.6618  0.00000
     9     -6.0486  0.00000
    10     -3.5172  0.00000
    11     -3.3267  0.00000
    12     -2.7690  0.00000
    13     -2.1751  0.00000
    14      0.5833  0.00000
    15      1.4018  0.00000
    16      1.5490  0.00000
    17      1.7058  0.00000
    18      2.3672  0.00000
    19      2.6936  0.00000
    20      4.6138  0.00000
    21      4.9383  0.00000
    22      6.4685  0.00000
    23      7.7393  0.00000
    24     10.7098  0.00000
    25     12.0018  0.00000
    26     12.8159  0.00000
    27     18.2994  0.00000

 KPT          274  SPIN            1  KWEIGHT    3.3222591362126247E-003
     1    -18.9096  0.00000
     2    -18.2217  0.00000
     3    -10.1397  0.00000
     4     -8.5527  0.00000
     5     -7.9756  0.00000
     6     -7.6776  0.00000
     7     -7.5920  0.00000
     8     -6.6577  0.00000
     9     -6.0246  0.00000
    10     -3.4895  0.00000
    11     -3.3167  0.00000
    12     -2.7753  0.00000
    13     -2.2191  0.00000
    14      0.5889  0.00000
    15      1.3679  0.00000
    16      1.5263  0.00000
    17      1.7393  0.00000
    18      2.3544  0.00000
    19      2.6700  0.00000
    20      4.6749  0.00000
    21      4.9819  0.00000
    22      6.5147  0.00000
    23      7.7120  0.00000
    24     10.6968  0.00000
    25     11.9273  0.00000
    26     12.7219  0.00000
    27     18.3055  0.00000

 KPT          275  SPIN            1  KWEIGHT    3.3222591362126247E-003
     1    -18.9294  0.00000
     2    -18.2350  0.00000
     3    -10.1584  0.00000
     4     -8.5169  0.00000
     5     -7.9373  0.00000
     6     -7.6954  0.00000
     7     -7.5481  0.00000
     8     -6.6545  0.00000
     9     -6.0013  0.00000
    10     -3.4621  0.00000
    11     -3.3059  0.00000
    12     -2.7816  0.00000
    13     -2.2623  0.00000
    14      0.5947  0.00000
    15      1.3337  0.00000
    16      1.5020  0.00000
    17      1.7728  0.00000
    18      2.3433  0.00000
    19      2.6455  0.00000
    20      4.7349  0.00000
    21      5.0246  0.00000
    22      6.5603  0.00000
    23      7.6849  0.00000
    24     10.6828  0.00000
    25     11.8563  0.00000
    26     12.6285  0.00000
    27     18.3107  0.00000

 KPT          276  SPIN            1  KWEIGHT    3.3222591362126247E-003
     1    -18.9485  0.00000
     2    -18.2479  0.00000
     3    -10.1768  0.00000
     4     -8.4816  0.00000
     5     -7.8987  0.00000
     6     -7.7130  0.00000
     7     -7.5055  0.00000
     8     -6.6521  0.00000
     9     -5.9787  0.00000
    10     -3.4348  0.00000
    11     -3.2943  0.00000
    12     -2.7877  0.00000
    13     -2.3044  0.00000
    14      0.6008  0.00000
    15      1.2995  0.00000
    16      1.4765  0.00000
    17      1.8061  0.00000
    18      2.3340  0.00000
    19      2.6202  0.00000
    20      4.7936  0.00000
    21      5.0665  0.00000
    22      6.6052  0.00000
    23      7.6581  0.00000
    24     10.6680  0.00000
    25     11.7888  0.00000
    26     12.5360  0.00000
    27     18.3152  0.00000

 KPT          277  SPIN            1  KWEIGHT    3.3222591362126247E-003
     1    -18.9670  0.00000
     2    -18.2603  0.00000
     3    -10.1949  0.00000
     4     -8.4467  0.00000
     5     -7.8598  0.00000
     6     -7.7304  0.00000
     7     -7.4642  0.00000
     8     -6.6506  0.00000
     9     -5.9569  0.00000
    10     -3.4079  0.00000
    11     -3.2819  0.00000
    12     -2.7937  0.00000
    13     -2.3455  0.00000
    14      0.6070  0.00000
    15      1.2654  0.00000
    16      1.4499  0.00000
    17      1.8390  0.00000
    18      2.3262  0.00000
    19      2.5942  0.00000
    20      4.8510  0.00000
    21      5.1074  0.00000
    22      6.6494  0.00000
    23      7.6316  0.00000
    24     10.6524  0.00000
    25     11.7249  0.00000
    26     12.4445  0.00000
    27     18.3190  0.00000

 KPT          278  SPIN            1  KWEIGHT    3.3222591362126247E-003
     1    -18.9848  0.00000
     2    -18.2723  0.00000
     3    -10.2127  0.00000
     4     -8.4124  0.00000
     5     -7.8208  0.00000
     6     -7.7475  0.00000
     7     -7.4244  0.00000
     8     -6.6501  0.00000
     9     -5.9358  0.00000
    10     -3.3813  0.00000
    11     -3.2688  0.00000
    12     -2.7995  0.00000
    13     -2.3854  0.00000
    14      0.6135  0.00000
    15      1.2313  0.00000
    16      1.4224  0.00000
    17      1.8717  0.00000
    18      2.3199  0.00000
    19      2.5677  0.00000
    20      4.9070  0.00000
    21      5.1472  0.00000
    22      6.6928  0.00000
    23      7.6054  0.00000
    24     10.6361  0.00000
    25     11.6646  0.00000
    26     12.3543  0.00000
    27     18.3221  0.00000

 KPT          279  SPIN            1  KWEIGHT    3.3222591362126247E-003
     1    -19.0019  0.00000
     2    -18.2838  0.00000
     3    -10.2301  0.00000
     4     -8.3787  0.00000
     5     -7.7815  0.00000
     6     -7.7643  0.00000
     7     -7.3860  0.00000
     8     -6.6505  0.00000
     9     -5.9157  0.00000
    10     -3.3552  0.00000
    11     -3.2552  0.00000
    12     -2.8052  0.00000
    13     -2.4242  0.00000
    14      0.6203  0.00000
    15      1.1976  0.00000
    16      1.3943  0.00000
    17      1.9038  0.00000
    18      2.3149  0.00000
    19      2.5409  0.00000
    20      4.9615  0.00000
    21      5.1857  0.00000
    22      6.7352  0.00000
    23      7.5798  0.00000
    24     10.6191  0.00000
    25     11.6079  0.00000
    26     12.2653  0.00000
    27     18.3245  0.00000

 KPT          280  SPIN            1  KWEIGHT    3.3222591362126247E-003
     1    -19.0184  0.00000
     2    -18.2948  0.00000
     3    -10.2470  0.00000
     4     -8.3458  0.00000
     5     -7.7806  0.00000
     6     -7.7420  0.00000
     7     -7.3492  0.00000
     8     -6.6519  0.00000
     9     -5.8965  0.00000
    10     -3.3297  0.00000
    11     -3.2411  0.00000
    12     -2.8107  0.00000
    13     -2.4617  0.00000
    14      0.6272  0.00000
    15      1.1642  0.00000
    16      1.3658  0.00000
    17      1.9354  0.00000
    18      2.3110  0.00000
    19      2.5137  0.00000
    20      5.0145  0.00000
    21      5.2229  0.00000
    22      6.7765  0.00000
    23      7.5546  0.00000
    24     10.6016  0.00000
    25     11.5548  0.00000
    26     12.1780  0.00000
    27     18.3263  0.00000

 KPT          281  SPIN            1  KWEIGHT    3.3222591362126247E-003
     1    -19.0341  0.00000
     2    -18.3054  0.00000
     3    -10.2635  0.00000
     4     -8.3137  0.00000
     5     -7.7965  0.00000
     6     -7.7025  0.00000
     7     -7.3141  0.00000
     8     -6.6544  0.00000
     9     -5.8782  0.00000
    10     -3.3048  0.00000
    11     -3.2266  0.00000
    12     -2.8159  0.00000
    13     -2.4978  0.00000
    14      0.6344  0.00000
    15      1.1313  0.00000
    16      1.3371  0.00000
    17      1.9663  0.00000
    18      2.3081  0.00000
    19      2.4865  0.00000
    20      5.0658  0.00000
    21      5.2586  0.00000
    22      6.8168  0.00000
    23      7.5300  0.00000
    24     10.5836  0.00000
    25     11.5053  0.00000
    26     12.0923  0.00000
    27     18.3275  0.00000

 KPT          282  SPIN            1  KWEIGHT    3.3222591362126247E-003
     1    -19.0492  0.00000
     2    -18.3156  0.00000
     3    -10.2793  0.00000
     4     -8.2826  0.00000
     5     -7.8118  0.00000
     6     -7.6629  0.00000
     7     -7.2805  0.00000
     8     -6.6580  0.00000
     9     -5.8608  0.00000
    10     -3.2806  0.00000
    11     -3.2118  0.00000
    12     -2.8210  0.00000
    13     -2.5326  0.00000
    14      0.6417  0.00000
    15      1.0990  0.00000
    16      1.3084  0.00000
    17      1.9964  0.00000
    18      2.3060  0.00000
    19      2.4593  0.00000
    20      5.1155  0.00000
    21      5.2929  0.00000
    22      6.8558  0.00000
    23      7.5061  0.00000
    24     10.5652  0.00000
    25     11.4593  0.00000
    26     12.0087  0.00000
    27     18.3283  0.00000

 KPT          283  SPIN            1  KWEIGHT    3.3222591362126247E-003
     1    -19.0635  0.00000
     2    -18.3252  0.00000
     3    -10.2946  0.00000
     4     -8.2525  0.00000
     5     -7.8266  0.00000
     6     -7.6232  0.00000
     7     -7.2487  0.00000
     8     -6.6627  0.00000
     9     -5.8444  0.00000
    10     -3.2572  0.00000
    11     -3.1968  0.00000
    12     -2.8258  0.00000
    13     -2.5658  0.00000
    14      0.6491  0.00000
    15      1.0675  0.00000
    16      1.2800  0.00000
    17      2.0257  0.00000
    18      2.3047  0.00000
    19      2.4322  0.00000
    20      5.1633  0.00000
    21      5.3256  0.00000
    22      6.8935  0.00000
    23      7.4828  0.00000
    24     10.5467  0.00000
    25     11.4167  0.00000
    26     11.9271  0.00000
    27     18.3286  0.00000

 KPT          284  SPIN            1  KWEIGHT    3.3222591362126247E-003
     1    -19.0771  0.00000
     2    -18.3344  0.00000
     3    -10.3092  0.00000
     4     -8.2235  0.00000
     5     -7.8407  0.00000
     6     -7.5836  0.00000
     7     -7.2185  0.00000
     8     -6.6686  0.00000
     9     -5.8290  0.00000
    10     -3.2345  0.00000
    11     -3.1818  0.00000
    12     -2.8303  0.00000
    13     -2.5975  0.00000
    14      0.6566  0.00000
    15      1.0367  0.00000
    16      1.2519  0.00000
    17      2.0541  0.00000
    18      2.3040  0.00000
    19      2.4055  0.00000
    20      5.2092  0.00000
    21      5.3568  0.00000
    22      6.9298  0.00000
    23      7.4604  0.00000
    24     10.5282  0.00000
    25     11.3774  0.00000
    26     11.8479  0.00000
    27     18.3285  0.00000

 KPT          285  SPIN            1  KWEIGHT    3.3222591362126247E-003
     1    -19.0900  0.00000
     2    -18.3430  0.00000
     3    -10.3232  0.00000
     4     -8.1957  0.00000
     5     -7.8542  0.00000
     6     -7.5440  0.00000
     7     -7.1901  0.00000
     8     -6.6757  0.00000
     9     -5.8145  0.00000
    10     -3.2127  0.00000
    11     -3.1669  0.00000
    12     -2.8346  0.00000
    13     -2.6277  0.00000
    14      0.6642  0.00000
    15      1.0070  0.00000
    16      1.2245  0.00000
    17      2.0815  0.00000
    18      2.3037  0.00000
    19      2.3792  0.00000
    20      5.2532  0.00000
    21      5.3863  0.00000
    22      6.9646  0.00000
    23      7.4387  0.00000
    24     10.5098  0.00000
    25     11.3413  0.00000
    26     11.7714  0.00000
    27     18.3281  0.00000

 KPT          286  SPIN            1  KWEIGHT    3.3222591362126247E-003
     1    -19.1021  0.00000
     2    -18.3512  0.00000
     3    -10.3364  0.00000
     4     -8.1692  0.00000
     5     -7.8670  0.00000
     6     -7.5046  0.00000
     7     -7.1635  0.00000
     8     -6.6840  0.00000
     9     -5.8010  0.00000
    10     -3.1919  0.00000
    11     -3.1523  0.00000
    12     -2.8386  0.00000
    13     -2.6562  0.00000
    14      0.6719  0.00000
    15      0.9783  0.00000
    16      1.1978  0.00000
    17      2.1077  0.00000
    18      2.3039  0.00000
    19      2.3535  0.00000
    20      5.2951  0.00000
    21      5.4141  0.00000
    22      6.9977  0.00000
    23      7.4180  0.00000
    24     10.4918  0.00000
    25     11.3082  0.00000
    26     11.6976  0.00000
    27     18.3274  0.00000

 KPT          287  SPIN            1  KWEIGHT    3.3222591362126247E-003
     1    -19.1135  0.00000
     2    -18.3588  0.00000
     3    -10.3490  0.00000
     4     -8.1440  0.00000
     5     -7.8792  0.00000
     6     -7.4654  0.00000
     7     -7.1386  0.00000
     8     -6.6937  0.00000
     9     -5.7884  0.00000
    10     -3.1720  0.00000
    11     -3.1379  0.00000
    12     -2.8424  0.00000
    13     -2.6830  0.00000
    14      0.6795  0.00000
    15      0.9507  0.00000
    16      1.1721  0.00000
    17      2.1327  0.00000
    18      2.3044  0.00000
    19      2.3286  0.00000
    20      5.3348  0.00000
    21      5.4402  0.00000
    22      7.0292  0.00000
    23      7.3983  0.00000
    24     10.4742  0.00000
    25     11.2781  0.00000
    26     11.6269  0.00000
    27     18.3264  0.00000

 KPT          288  SPIN            1  KWEIGHT    3.3222591362126247E-003
     1    -19.1241  0.00000
     2    -18.3660  0.00000
     3    -10.3608  0.00000
     4     -8.1202  0.00000
     5     -7.8905  0.00000
     6     -7.4264  0.00000
     7     -7.1154  0.00000
     8     -6.7046  0.00000
     9     -5.7768  0.00000
    10     -3.1531  0.00000
    11     -3.1240  0.00000
    12     -2.8458  0.00000
    13     -2.7081  0.00000
    14      0.6869  0.00000
    15      0.9245  0.00000
    16      1.1475  0.00000
    17      2.1564  0.00000
    18      2.3046  0.00000
    19      2.3051  0.00000
    20      5.3722  0.00000
    21      5.4645  0.00000
    22      7.0590  0.00000
    23      7.3795  0.00000
    24     10.4574  0.00000
    25     11.2507  0.00000
    26     11.5595  0.00000
    27     18.3253  0.00000

 KPT          289  SPIN            1  KWEIGHT    3.3222591362126247E-003
     1    -19.1339  0.00000
     2    -18.3726  0.00000
     3    -10.3718  0.00000
     4     -8.0979  0.00000
     5     -7.9011  0.00000
     6     -7.3878  0.00000
     7     -7.0941  0.00000
     8     -6.7169  0.00000
     9     -5.7661  0.00000
    10     -3.1354  0.00000
    11     -3.1106  0.00000
    12     -2.8491  0.00000
    13     -2.7314  0.00000
    14      0.6943  0.00000
    15      0.8997  0.00000
    16      1.1241  0.00000
    17      2.1787  0.00000
    18      2.2816  0.00000
    19      2.3060  0.00000
    20      5.4073  0.00000
    21      5.4871  0.00000
    22      7.0869  0.00000
    23      7.3619  0.00000
    24     10.4414  0.00000
    25     11.2260  0.00000
    26     11.4957  0.00000
    27     18.3240  0.00000

 KPT          290  SPIN            1  KWEIGHT    3.3222591362126247E-003
     1    -19.1430  0.00000
     2    -18.3787  0.00000
     3    -10.3820  0.00000
     4     -8.0771  0.00000
     5     -7.9110  0.00000
     6     -7.3495  0.00000
     7     -7.0745  0.00000
     8     -6.7306  0.00000
     9     -5.7563  0.00000
    10     -3.1187  0.00000
    11     -3.0980  0.00000
    12     -2.8520  0.00000
    13     -2.7529  0.00000
    14      0.7014  0.00000
    15      0.8764  0.00000
    16      1.1021  0.00000
    17      2.1996  0.00000
    18      2.2599  0.00000
    19      2.3070  0.00000
    20      5.4399  0.00000
    21      5.5079  0.00000
    22      7.1128  0.00000
    23      7.3454  0.00000
    24     10.4264  0.00000
    25     11.2037  0.00000
    26     11.4357  0.00000
    27     18.3226  0.00000

 KPT          291  SPIN            1  KWEIGHT    3.3222591362126247E-003
     1    -19.1513  0.00000
     2    -18.3843  0.00000
     3    -10.3913  0.00000
     4     -8.0579  0.00000
     5     -7.9200  0.00000
     6     -7.3116  0.00000
     7     -7.0567  0.00000
     8     -6.7457  0.00000
     9     -5.7475  0.00000
    10     -3.1032  0.00000
    11     -3.0861  0.00000
    12     -2.8546  0.00000
    13     -2.7726  0.00000
    14      0.7082  0.00000
    15      0.8547  0.00000
    16      1.0816  0.00000
    17      2.2190  0.00000
    18      2.2394  0.00000
    19      2.3081  0.00000
    20      5.4700  0.00000
    21      5.5269  0.00000
    22      7.1368  0.00000
    23      7.3302  0.00000
    24     10.4126  0.00000
    25     11.1839  0.00000
    26     11.3797  0.00000
    27     18.3212  0.00000

 KPT          292  SPIN            1  KWEIGHT    3.3222591362126247E-003
     1    -19.1589  0.00000
     2    -18.3894  0.00000
     3    -10.3999  0.00000
     4     -8.0404  0.00000
     5     -7.9282  0.00000
     6     -7.2743  0.00000
     7     -7.0406  0.00000
     8     -6.7621  0.00000
     9     -5.7395  0.00000
    10     -3.0890  0.00000
    11     -3.0751  0.00000
    12     -2.8570  0.00000
    13     -2.7905  0.00000
    14      0.7147  0.00000
    15      0.8347  0.00000
    16      1.0627  0.00000
    17      2.2205  0.00000
    18      2.2367  0.00000
    19      2.3091  0.00000
    20      5.4975  0.00000
    21      5.5442  0.00000
    22      7.1587  0.00000
    23      7.3162  0.00000
    24     10.4000  0.00000
    25     11.1662  0.00000
    26     11.3280  0.00000
    27     18.3198  0.00000

 KPT          293  SPIN            1  KWEIGHT    3.3222591362126247E-003
     1    -19.1656  0.00000
     2    -18.3940  0.00000
     3    -10.4075  0.00000
     4     -8.0245  0.00000
     5     -7.9356  0.00000
     6     -7.2375  0.00000
     7     -7.0263  0.00000
     8     -6.7800  0.00000
     9     -5.7325  0.00000
    10     -3.0761  0.00000
    11     -3.0650  0.00000
    12     -2.8592  0.00000
    13     -2.8065  0.00000
    14      0.7207  0.00000
    15      0.8166  0.00000
    16      1.0455  0.00000
    17      2.2031  0.00000
    18      2.2528  0.00000
    19      2.3102  0.00000
    20      5.5224  0.00000
    21      5.5596  0.00000
    22      7.1785  0.00000
    23      7.3035  0.00000
    24     10.3886  0.00000
    25     11.1507  0.00000
    26     11.2808  0.00000
    27     18.3184  0.00000

 KPT          294  SPIN            1  KWEIGHT    3.3222591362126247E-003
     1    -19.1716  0.00000
     2    -18.3980  0.00000
     3    -10.4144  0.00000
     4     -8.0105  0.00000
     5     -7.9422  0.00000
     6     -7.2014  0.00000
     7     -7.0137  0.00000
     8     -6.7993  0.00000
     9     -5.7263  0.00000
    10     -3.0645  0.00000
    11     -3.0560  0.00000
    12     -2.8610  0.00000
    13     -2.8207  0.00000
    14      0.7262  0.00000
    15      0.8003  0.00000
    16      1.0301  0.00000
    17      2.1875  0.00000
    18      2.2671  0.00000
    19      2.3112  0.00000
    20      5.5444  0.00000
    21      5.5732  0.00000
    22      7.1961  0.00000
    23      7.2922  0.00000
    24     10.3786  0.00000
    25     11.1372  0.00000
    26     11.2385  0.00000
    27     18.3171  0.00000

 KPT          295  SPIN            1  KWEIGHT    3.3222591362126247E-003
     1    -19.1768  0.00000
     2    -18.4015  0.00000
     3    -10.4203  0.00000
     4     -7.9982  0.00000
     5     -7.9479  0.00000
     6     -7.1660  0.00000
     7     -7.0028  0.00000
     8     -6.8200  0.00000
     9     -5.7209  0.00000
    10     -3.0543  0.00000
    11     -3.0481  0.00000
    12     -2.8626  0.00000
    13     -2.8329  0.00000
    14      0.7311  0.00000
    15      0.7860  0.00000
    16      1.0166  0.00000
    17      2.1737  0.00000
    18      2.2797  0.00000
    19      2.3122  0.00000
    20      5.5637  0.00000
    21      5.5850  0.00000
    22      7.2114  0.00000
    23      7.2823  0.00000
    24     10.3700  0.00000
    25     11.1257  0.00000
    26     11.2012  0.00000
    27     18.3158  0.00000

 KPT          296  SPIN            1  KWEIGHT    3.3222591362126247E-003
     1    -19.1812  0.00000
     2    -18.4044  0.00000
     3    -10.4253  0.00000
     4     -7.9877  0.00000
     5     -7.9527  0.00000
     6     -7.1314  0.00000
     7     -6.9937  0.00000
     8     -6.8421  0.00000
     9     -5.7164  0.00000
    10     -3.0456  0.00000
    11     -3.0413  0.00000
    12     -2.8640  0.00000
    13     -2.8433  0.00000
    14      0.7354  0.00000
    15      0.7738  0.00000
    16      1.0050  0.00000
    17      2.1618  0.00000
    18      2.2904  0.00000
    19      2.3130  0.00000
    20      5.5801  0.00000
    21      5.5950  0.00000
    22      7.2245  0.00000
    23      7.2739  0.00000
    24     10.3628  0.00000
    25     11.1161  0.00000
    26     11.1691  0.00000
    27     18.3148  0.00000

 KPT          297  SPIN            1  KWEIGHT    3.3222591362126247E-003
     1    -19.1848  0.00000
     2    -18.4068  0.00000
     3    -10.4294  0.00000
     4     -7.9791  0.00000
     5     -7.9567  0.00000
     6     -7.0976  0.00000
     7     -6.9862  0.00000
     8     -6.8655  0.00000
     9     -5.7127  0.00000
    10     -3.0384  0.00000
    11     -3.0356  0.00000
    12     -2.8651  0.00000
    13     -2.8518  0.00000
    14      0.7390  0.00000
    15      0.7638  0.00000
    16      0.9955  0.00000
    17      2.1520  0.00000
    18      2.2992  0.00000
    19      2.3137  0.00000
    20      5.5936  0.00000
    21      5.6032  0.00000
    22      7.2352  0.00000
    23      7.2669  0.00000
    24     10.3569  0.00000
    25     11.1083  0.00000
    26     11.1426  0.00000
    27     18.3138  0.00000

 KPT          298  SPIN            1  KWEIGHT    3.3222591362126247E-003
     1    -19.1876  0.00000
     2    -18.4087  0.00000
     3    -10.4327  0.00000
     4     -7.9724  0.00000
     5     -7.9598  0.00000
     6     -7.0647  0.00000
     7     -6.9803  0.00000
     8     -6.8903  0.00000
     9     -5.7099  0.00000
    10     -3.0328  0.00000
    11     -3.0312  0.00000
    12     -2.8659  0.00000
    13     -2.8585  0.00000
    14      0.7419  0.00000
    15      0.7559  0.00000
    16      0.9880  0.00000
    17      2.1442  0.00000
    18      2.3061  0.00000
    19      2.3142  0.00000
    20      5.6041  0.00000
    21      5.6095  0.00000
    22      7.2436  0.00000
    23      7.2615  0.00000
    24     10.3524  0.00000
    25     11.1023  0.00000
    26     11.1217  0.00000
    27     18.3131  0.00000

 KPT          299  SPIN            1  KWEIGHT    3.3222591362126247E-003
     1    -19.1896  0.00000
     2    -18.4101  0.00000
     3    -10.4350  0.00000
     4     -7.9676  0.00000
     5     -7.9620  0.00000
     6     -7.0329  0.00000
     7     -6.9762  0.00000
     8     -6.9164  0.00000
     9     -5.7079  0.00000
    10     -3.0288  0.00000
    11     -3.0280  0.00000
    12     -2.8665  0.00000
    13     -2.8632  0.00000
    14      0.7440  0.00000
    15      0.7502  0.00000
    16      0.9826  0.00000
    17      2.1386  0.00000
    18      2.3110  0.00000
    19      2.3146  0.00000
    20      5.6117  0.00000
    21      5.6141  0.00000
    22      7.2496  0.00000
    23      7.2576  0.00000
    24     10.3492  0.00000
    25     11.0980  0.00000
    26     11.1067  0.00000
    27     18.3126  0.00000

 KPT          300  SPIN            1  KWEIGHT    3.3222591362126247E-003
     1    -19.1908  0.00000
     2    -18.4109  0.00000
     3    -10.4363  0.00000
     4     -7.9647  0.00000
     5     -7.9633  0.00000
     6     -7.0020  0.00000
     7     -6.9737  0.00000
     8     -6.9438  0.00000
     9     -5.7067  0.00000
    10     -3.0263  0.00000
    11     -3.0261  0.00000
    12     -2.8669  0.00000
    13     -2.8660  0.00000
    14      0.7452  0.00000
    15      0.7468  0.00000
    16      0.9794  0.00000
    17      2.1353  0.00000
    18      2.3140  0.00000
    19      2.3149  0.00000
    20      5.6162  0.00000
    21      5.6168  0.00000
    22      7.2533  0.00000
    23      7.2552  0.00000
    24     10.3473  0.00000
    25     11.0955  0.00000
    26     11.0976  0.00000
    27     18.3123  0.00000

 KPT          301  SPIN            1  KWEIGHT    3.3222591362126247E-003
     1    -19.1912  0.00000
     2    -18.4112  0.00000
     3    -10.4368  0.00000
     4     -7.9637  0.00000
     5     -7.9637  0.00000
     6     -6.9729  0.00000
     7     -6.9729  0.00000
     8     -6.9718  0.00000
     9     -5.7063  0.00000
    10     -3.0255  0.00000
    11     -3.0255  0.00000
    12     -2.8670  0.00000
    13     -2.8670  0.00000
    14      0.7457  0.00000
    15      0.7457  0.00000
    16      0.9783  0.00000
    17      2.1342  0.00000
    18      2.3150  0.00000
    19      2.3150  0.00000
    20      5.6177  0.00000
    21      5.6177  0.00000
    22      7.2545  0.00000
    23      7.2545  0.00000
    24     10.3467  0.00000
    25     11.0946  0.00000
    26     11.0946  0.00000
    27     18.3121  0.00000

