 KPT            1  SPIN            1  KWEIGHT    3.3222591362126247E-003
     1    -19.4334  0.00000
     2    -18.5559  0.00000
     3    -10.9290  0.00000
     4     -7.9850  0.00000
     5     -7.9850  0.00000
     6     -6.8808  0.00000
     7     -6.6134  0.00000
     8     -6.6134  0.00000
     9     -5.5071  0.00000
    10     -1.9629  0.00000
    11     -1.9629  0.00000
    12     -1.0557  0.00000
    13     -1.0557  0.00000
    14      8.1134  0.00000
    15     15.1628  0.00000
    16     16.4939  0.00000
    17     16.4939  0.00000

 KPT            2  SPIN            1  KWEIGHT    3.3222591362126247E-003
     1    -19.4331  0.00000
     2    -18.5557  0.00000
     3    -10.9286  0.00000
     4     -7.9858  0.00000
     5     -7.9846  0.00000
     6     -6.8839  0.00000
     7     -6.6141  0.00000
     8     -6.6112  0.00000
     9     -5.5075  0.00000
    10     -1.9633  0.00000
    11     -1.9632  0.00000
    12     -1.0554  0.00000
    13     -1.0551  0.00000
    14      8.1140  0.00000
    15     15.1628  0.00000
    16     16.4924  0.00000
    17     16.4934  0.00000

 KPT            3  SPIN            1  KWEIGHT    3.3222591362126247E-003
     1    -19.4321  0.00000
     2    -18.5550  0.00000
     3    -10.9273  0.00000
     4     -7.9882  0.00000
     5     -7.9834  0.00000
     6     -6.8930  0.00000
     7     -6.6160  0.00000
     8     -6.6048  0.00000
     9     -5.5086  0.00000
    10     -1.9645  0.00000
    11     -1.9640  0.00000
    12     -1.0544  0.00000
    13     -1.0531  0.00000
    14      8.1158  0.00000
    15     15.1629  0.00000
    16     16.4878  0.00000
    17     16.4918  0.00000

 KPT            4  SPIN            1  KWEIGHT    3.3222591362126247E-003
     1    -19.4305  0.00000
     2    -18.5538  0.00000
     3    -10.9251  0.00000
     4     -7.9922  0.00000
     5     -7.9814  0.00000
     6     -6.9072  0.00000
     7     -6.6193  0.00000
     8     -6.5951  0.00000
     9     -5.5105  0.00000
    10     -1.9665  0.00000
    11     -1.9654  0.00000
    12     -1.0527  0.00000
    13     -1.0500  0.00000
    14      8.1187  0.00000
    15     15.1630  0.00000
    16     16.4800  0.00000
    17     16.4891  0.00000

 KPT            5  SPIN            1  KWEIGHT    3.3222591362126247E-003
     1    -19.4282  0.00000
     2    -18.5522  0.00000
     3    -10.9220  0.00000
     4     -7.9977  0.00000
     5     -7.9785  0.00000
     6     -6.9256  0.00000
     7     -6.6238  0.00000
     8     -6.5829  0.00000
     9     -5.5131  0.00000
    10     -1.9692  0.00000
    11     -1.9674  0.00000
    12     -1.0504  0.00000
    13     -1.0455  0.00000
    14      8.1228  0.00000
    15     15.1632  0.00000
    16     16.4692  0.00000
    17     16.4854  0.00000

 KPT            6  SPIN            1  KWEIGHT    3.3222591362126247E-003
     1    -19.4253  0.00000
     2    -18.5501  0.00000
     3    -10.9181  0.00000
     4     -8.0048  0.00000
     5     -7.9748  0.00000
     6     -6.9474  0.00000
     7     -6.6296  0.00000
     8     -6.5692  0.00000
     9     -5.5164  0.00000
    10     -1.9728  0.00000
    11     -1.9699  0.00000
    12     -1.0474  0.00000
    13     -1.0398  0.00000
    14      8.1281  0.00000
    15     15.1634  0.00000
    16     16.4554  0.00000
    17     16.4806  0.00000

 KPT            7  SPIN            1  KWEIGHT    3.3222591362126247E-003
     1    -19.4217  0.00000
     2    -18.5476  0.00000
     3    -10.9133  0.00000
     4     -8.0135  0.00000
     5     -7.9703  0.00000
     6     -6.9718  0.00000
     7     -6.6366  0.00000
     8     -6.5547  0.00000
     9     -5.5205  0.00000
    10     -1.9770  0.00000
    11     -1.9730  0.00000
    12     -1.0436  0.00000
    13     -1.0329  0.00000
    14      8.1344  0.00000
    15     15.1635  0.00000
    16     16.4385  0.00000
    17     16.4747  0.00000

 KPT            8  SPIN            1  KWEIGHT    3.3222591362126247E-003
     1    -19.4175  0.00000
     2    -18.5446  0.00000
     3    -10.9077  0.00000
     4     -8.0237  0.00000
     5     -7.9650  0.00000
     6     -6.9983  0.00000
     7     -6.6449  0.00000
     8     -6.5399  0.00000
     9     -5.5254  0.00000
    10     -1.9820  0.00000
    11     -1.9766  0.00000
    12     -1.0391  0.00000
    13     -1.0248  0.00000
    14      8.1419  0.00000
    15     15.1637  0.00000
    16     16.4185  0.00000
    17     16.4677  0.00000

 KPT            9  SPIN            1  KWEIGHT    3.3222591362126247E-003
     1    -19.4127  0.00000
     2    -18.5411  0.00000
     3    -10.9012  0.00000
     4     -8.0354  0.00000
     5     -7.9590  0.00000
     6     -7.0265  0.00000
     7     -6.6544  0.00000
     8     -6.5252  0.00000
     9     -5.5311  0.00000
    10     -1.9877  0.00000
    11     -1.9807  0.00000
    12     -1.0339  0.00000
    13     -1.0154  0.00000
    14      8.1505  0.00000
    15     15.1638  0.00000
    16     16.3955  0.00000
    17     16.4597  0.00000

 KPT           10  SPIN            1  KWEIGHT    3.3222591362126247E-003
     1    -19.4072  0.00000
     2    -18.5372  0.00000
     3    -10.8938  0.00000
     4     -8.0486  0.00000
     5     -7.9521  0.00000
     6     -7.0561  0.00000
     7     -6.6651  0.00000
     8     -6.5109  0.00000
     9     -5.5375  0.00000
    10     -1.9940  0.00000
    11     -1.9854  0.00000
    12     -1.0279  0.00000
    13     -1.0049  0.00000
    14      8.1602  0.00000
    15     15.1638  0.00000
    16     16.3696  0.00000
    17     16.4504  0.00000

 KPT           11  SPIN            1  KWEIGHT    3.3222591362126247E-003
     1    -19.4011  0.00000
     2    -18.5328  0.00000
     3    -10.8856  0.00000
     4     -8.0633  0.00000
     5     -7.9444  0.00000
     6     -7.0870  0.00000
     7     -6.6770  0.00000
     8     -6.4973  0.00000
     9     -5.5447  0.00000
    10     -2.0010  0.00000
    11     -1.9906  0.00000
    12     -1.0211  0.00000
    13     -0.9933  0.00000
    14      8.1708  0.00000
    15     15.1637  0.00000
    16     16.3406  0.00000
    17     16.4401  0.00000

 KPT           12  SPIN            1  KWEIGHT    3.3222591362126247E-003
     1    -19.3943  0.00000
     2    -18.5280  0.00000
     3    -10.8766  0.00000
     4     -8.0794  0.00000
     5     -7.9359  0.00000
     6     -7.1189  0.00000
     7     -6.6900  0.00000
     8     -6.4844  0.00000
     9     -5.5528  0.00000
    10     -2.0085  0.00000
    11     -1.9962  0.00000
    12     -1.0134  0.00000
    13     -0.9805  0.00000
    14      8.1825  0.00000
    15     15.1634  0.00000
    16     16.3087  0.00000
    17     16.4286  0.00000

 KPT           13  SPIN            1  KWEIGHT    3.3222591362126247E-003
     1    -19.3869  0.00000
     2    -18.5227  0.00000
     3    -10.8668  0.00000
     4     -8.0970  0.00000
     5     -7.9267  0.00000
     6     -7.1517  0.00000
     7     -6.7041  0.00000
     8     -6.4724  0.00000
     9     -5.5616  0.00000
    10     -2.0166  0.00000
    11     -2.0024  0.00000
    12     -1.0049  0.00000
    13     -0.9667  0.00000
    14      8.1951  0.00000
    15     15.1630  0.00000
    16     16.2739  0.00000
    17     16.4160  0.00000

 KPT           14  SPIN            1  KWEIGHT    3.3222591362126247E-003
     1    -19.3789  0.00000
     2    -18.5170  0.00000
     3    -10.8561  0.00000
     4     -8.1160  0.00000
     5     -7.9167  0.00000
     6     -7.1853  0.00000
     7     -6.7193  0.00000
     8     -6.4615  0.00000
     9     -5.5713  0.00000
    10     -2.0251  0.00000
    11     -2.0090  0.00000
    12     -0.9954  0.00000
    13     -0.9517  0.00000
    14      8.2086  0.00000
    15     15.1624  0.00000
    16     16.2361  0.00000
    17     16.4022  0.00000

 KPT           15  SPIN            1  KWEIGHT    3.3222591362126247E-003
     1    -19.3702  0.00000
     2    -18.5108  0.00000
     3    -10.8447  0.00000
     4     -8.1363  0.00000
     5     -7.9059  0.00000
     6     -7.2197  0.00000
     7     -6.7356  0.00000
     8     -6.4517  0.00000
     9     -5.5818  0.00000
    10     -2.0341  0.00000
    11     -2.0161  0.00000
    12     -0.9850  0.00000
    13     -0.9358  0.00000
    14      8.2230  0.00000
    15     15.1614  0.00000
    16     16.1956  0.00000
    17     16.3872  0.00000

 KPT           16  SPIN            1  KWEIGHT    3.3222591362126247E-003
     1    -19.3610  0.00000
     2    -18.5041  0.00000
     3    -10.8324  0.00000
     4     -8.1580  0.00000
     5     -7.8944  0.00000
     6     -7.2548  0.00000
     7     -6.7528  0.00000
     8     -6.4431  0.00000
     9     -5.5932  0.00000
    10     -2.0435  0.00000
    11     -2.0237  0.00000
    12     -0.9736  0.00000
    13     -0.9189  0.00000
    14      8.2382  0.00000
    15     15.1602  0.00000
    16     16.1522  0.00000
    17     16.3710  0.00000

 KPT           17  SPIN            1  KWEIGHT    3.3222591362126247E-003
     1    -19.3510  0.00000
     2    -18.4971  0.00000
     3    -10.8194  0.00000
     4     -8.1809  0.00000
     5     -7.8822  0.00000
     6     -7.2905  0.00000
     7     -6.7711  0.00000
     8     -6.4357  0.00000
     9     -5.6055  0.00000
    10     -2.0533  0.00000
    11     -2.0317  0.00000
    12     -0.9612  0.00000
    13     -0.9010  0.00000
    14      8.2542  0.00000
    15     15.1586  0.00000
    16     16.1060  0.00000
    17     16.3535  0.00000

 KPT           18  SPIN            1  KWEIGHT    3.3222591362126247E-003
     1    -19.3405  0.00000
     2    -18.4895  0.00000
     3    -10.8057  0.00000
     4     -8.2051  0.00000
     5     -7.8692  0.00000
     6     -7.3267  0.00000
     7     -6.7902  0.00000
     8     -6.4296  0.00000
     9     -5.6186  0.00000
    10     -2.0633  0.00000
    11     -2.0400  0.00000
    12     -0.9477  0.00000
    13     -0.8823  0.00000
    14      8.2709  0.00000
    15     15.1566  0.00000
    16     16.0572  0.00000
    17     16.3348  0.00000

 KPT           19  SPIN            1  KWEIGHT    3.3222591362126247E-003
     1    -19.3294  0.00000
     2    -18.4816  0.00000
     3    -10.7912  0.00000
     4     -8.2306  0.00000
     5     -7.8555  0.00000
     6     -7.3636  0.00000
     7     -6.8103  0.00000
     8     -6.4247  0.00000
     9     -5.6326  0.00000
    10     -2.0735  0.00000
    11     -2.0488  0.00000
    12     -0.9332  0.00000
    13     -0.8627  0.00000
    14      8.2883  0.00000
    15     15.1541  0.00000
    16     16.0056  0.00000
    17     16.3148  0.00000

 KPT           20  SPIN            1  KWEIGHT    3.3222591362126247E-003
     1    -19.3176  0.00000
     2    -18.4732  0.00000
     3    -10.7760  0.00000
     4     -8.2572  0.00000
     5     -7.8411  0.00000
     6     -7.4009  0.00000
     7     -6.8312  0.00000
     8     -6.4212  0.00000
     9     -5.6474  0.00000
    10     -2.0840  0.00000
    11     -2.0579  0.00000
    12     -0.9175  0.00000
    13     -0.8422  0.00000
    14      8.3062  0.00000
    15     15.1511  0.00000
    16     15.9515  0.00000
    17     16.2936  0.00000

 KPT           21  SPIN            1  KWEIGHT    3.3222591362126247E-003
     1    -19.3053  0.00000
     2    -18.4644  0.00000
     3    -10.7600  0.00000
     4     -8.2850  0.00000
     5     -7.8260  0.00000
     6     -7.4387  0.00000
     7     -6.8530  0.00000
     8     -6.4191  0.00000
     9     -5.6632  0.00000
    10     -2.0945  0.00000
    11     -2.0674  0.00000
    12     -0.9006  0.00000
    13     -0.8210  0.00000
    14      8.3247  0.00000
    15     15.1475  0.00000
    16     15.8948  0.00000
    17     16.2710  0.00000

 KPT           22  SPIN            1  KWEIGHT    3.3222591362126247E-003
     1    -19.2923  0.00000
     2    -18.4551  0.00000
     3    -10.7435  0.00000
     4     -8.3138  0.00000
     5     -7.8103  0.00000
     6     -7.4770  0.00000
     7     -6.8755  0.00000
     8     -6.4183  0.00000
     9     -5.6798  0.00000
    10     -2.1051  0.00000
    11     -2.0772  0.00000
    12     -0.8826  0.00000
    13     -0.7990  0.00000
    14      8.3437  0.00000
    15     15.1432  0.00000
    16     15.8356  0.00000
    17     16.2471  0.00000

 KPT           23  SPIN            1  KWEIGHT    3.3222591362126247E-003
     1    -19.2788  0.00000
     2    -18.4455  0.00000
     3    -10.7262  0.00000
     4     -8.3437  0.00000
     5     -7.7939  0.00000
     6     -7.5157  0.00000
     7     -6.8987  0.00000
     8     -6.4189  0.00000
     9     -5.6974  0.00000
    10     -2.1158  0.00000
    11     -2.0873  0.00000
    12     -0.8633  0.00000
    13     -0.7763  0.00000
    14      8.3631  0.00000
    15     15.1383  0.00000
    16     15.7740  0.00000
    17     16.2219  0.00000

 KPT           24  SPIN            1  KWEIGHT    3.3222591362126247E-003
     1    -19.2647  0.00000
     2    -18.4354  0.00000
     3    -10.7083  0.00000
     4     -8.3747  0.00000
     5     -7.7768  0.00000
     6     -7.5549  0.00000
     7     -6.9227  0.00000
     8     -6.4209  0.00000
     9     -5.7158  0.00000
    10     -2.1264  0.00000
    11     -2.0977  0.00000
    12     -0.8428  0.00000
    13     -0.7530  0.00000
    14      8.3828  0.00000
    15     15.1327  0.00000
    16     15.7100  0.00000
    17     16.1953  0.00000

 KPT           25  SPIN            1  KWEIGHT    3.3222591362126247E-003
     1    -19.2499  0.00000
     2    -18.4249  0.00000
     3    -10.6899  0.00000
     4     -8.4066  0.00000
     5     -7.7591  0.00000
     6     -7.5944  0.00000
     7     -6.9473  0.00000
     8     -6.4242  0.00000
     9     -5.7351  0.00000
    10     -2.1369  0.00000
    11     -2.1084  0.00000
    12     -0.8211  0.00000
    13     -0.7290  0.00000
    14      8.4028  0.00000
    15     15.1262  0.00000
    16     15.6438  0.00000
    17     16.1673  0.00000

 KPT           26  SPIN            1  KWEIGHT    3.3222591362126247E-003
     1    -19.2346  0.00000
     2    -18.4140  0.00000
     3    -10.6708  0.00000
     4     -8.4393  0.00000
     5     -7.7408  0.00000
     6     -7.6344  0.00000
     7     -6.9725  0.00000
     8     -6.4288  0.00000
     9     -5.7553  0.00000
    10     -2.1473  0.00000
    11     -2.1193  0.00000
    12     -0.7980  0.00000
    13     -0.7045  0.00000
    14      8.4230  0.00000
    15     15.1189  0.00000
    16     15.5754  0.00000
    17     16.1380  0.00000

 KPT           27  SPIN            1  KWEIGHT    3.3222591362126247E-003
     1    -19.2188  0.00000
     2    -18.4027  0.00000
     3    -10.6512  0.00000
     4     -8.4730  0.00000
     5     -7.7219  0.00000
     6     -7.6747  0.00000
     7     -6.9982  0.00000
     8     -6.4347  0.00000
     9     -5.7763  0.00000
    10     -2.1574  0.00000
    11     -2.1303  0.00000
    12     -0.7737  0.00000
    13     -0.6795  0.00000
    14      8.4433  0.00000
    15     15.1107  0.00000
    16     15.5049  0.00000
    17     16.1072  0.00000

 KPT           28  SPIN            1  KWEIGHT    3.3222591362126247E-003
     1    -19.2023  0.00000
     2    -18.3910  0.00000
     3    -10.6311  0.00000
     4     -8.5075  0.00000
     5     -7.7155  0.00000
     6     -7.7025  0.00000
     7     -7.0245  0.00000
     8     -6.4420  0.00000
     9     -5.7982  0.00000
    10     -2.1674  0.00000
    11     -2.1416  0.00000
    12     -0.7481  0.00000
    13     -0.6540  0.00000
    14      8.4637  0.00000
    15     15.1015  0.00000
    16     15.4323  0.00000
    17     16.0751  0.00000

 KPT           29  SPIN            1  KWEIGHT    3.3222591362126247E-003
     1    -19.1853  0.00000
     2    -18.3789  0.00000
     3    -10.6106  0.00000
     4     -8.5427  0.00000
     5     -7.7566  0.00000
     6     -7.6825  0.00000
     7     -7.0513  0.00000
     8     -6.4505  0.00000
     9     -5.8210  0.00000
    10     -2.1771  0.00000
    11     -2.1530  0.00000
    12     -0.7212  0.00000
    13     -0.6280  0.00000
    14      8.4840  0.00000
    15     15.0914  0.00000
    16     15.3579  0.00000
    17     16.0415  0.00000

 KPT           30  SPIN            1  KWEIGHT    3.3222591362126247E-003
     1    -19.1678  0.00000
     2    -18.3664  0.00000
     3    -10.5896  0.00000
     4     -8.5787  0.00000
     5     -7.7980  0.00000
     6     -7.6619  0.00000
     7     -7.0785  0.00000
     8     -6.4602  0.00000
     9     -5.8445  0.00000
    10     -2.1864  0.00000
    11     -2.1646  0.00000
    12     -0.6930  0.00000
    13     -0.6016  0.00000
    14      8.5042  0.00000
    15     15.0801  0.00000
    16     15.2816  0.00000
    17     16.0065  0.00000

 KPT           31  SPIN            1  KWEIGHT    3.3222591362126247E-003
     1    -19.1497  0.00000
     2    -18.3535  0.00000
     3    -10.5682  0.00000
     4     -8.6152  0.00000
     5     -7.8399  0.00000
     6     -7.6409  0.00000
     7     -7.1061  0.00000
     8     -6.4711  0.00000
     9     -5.8688  0.00000
    10     -2.1954  0.00000
    11     -2.1762  0.00000
    12     -0.6634  0.00000
    13     -0.5749  0.00000
    14      8.5243  0.00000
    15     15.0678  0.00000
    16     15.2036  0.00000
    17     15.9701  0.00000

 KPT           32  SPIN            1  KWEIGHT    3.3222591362126247E-003
     1    -19.1311  0.00000
     2    -18.3403  0.00000
     3    -10.5465  0.00000
     4     -8.6524  0.00000
     5     -7.8820  0.00000
     6     -7.6193  0.00000
     7     -7.1341  0.00000
     8     -6.4831  0.00000
     9     -5.8938  0.00000
    10     -2.2040  0.00000
    11     -2.1879  0.00000
    12     -0.6326  0.00000
    13     -0.5478  0.00000
    14      8.5440  0.00000
    15     15.0543  0.00000
    16     15.1240  0.00000
    17     15.9322  0.00000

 KPT           33  SPIN            1  KWEIGHT    3.3222591362126247E-003
     1    -19.1120  0.00000
     2    -18.3267  0.00000
     3    -10.5246  0.00000
     4     -8.6901  0.00000
     5     -7.9246  0.00000
     6     -7.5973  0.00000
     7     -7.1624  0.00000
     8     -6.4962  0.00000
     9     -5.9196  0.00000
    10     -2.2122  0.00000
    11     -2.1996  0.00000
    12     -0.6004  0.00000
    13     -0.5205  0.00000
    14      8.5634  0.00000
    15     15.0396  0.00000
    16     15.0429  0.00000
    17     15.8929  0.00000

 KPT           34  SPIN            1  KWEIGHT    3.3222591362126247E-003
     1    -19.0923  0.00000
     2    -18.3127  0.00000
     3    -10.5024  0.00000
     4     -8.7283  0.00000
     5     -7.9674  0.00000
     6     -7.5749  0.00000
     7     -7.1910  0.00000
     8     -6.5104  0.00000
     9     -5.9460  0.00000
    10     -2.2200  0.00000
    11     -2.2114  0.00000
    12     -0.5670  0.00000
    13     -0.4929  0.00000
    14      8.5823  0.00000
    15     14.9604  0.00000
    16     15.0237  0.00000
    17     15.8521  0.00000

 KPT           35  SPIN            1  KWEIGHT    3.3222591362126247E-003
     1    -19.0722  0.00000
     2    -18.2984  0.00000
     3    -10.4800  0.00000
     4     -8.7669  0.00000
     5     -8.0106  0.00000
     6     -7.5521  0.00000
     7     -7.2198  0.00000
     8     -6.5255  0.00000
     9     -5.9730  0.00000
    10     -2.2272  0.00000
    11     -2.2231  0.00000
    12     -0.5324  0.00000
    13     -0.4651  0.00000
    14      8.6007  0.00000
    15     14.8767  0.00000
    16     15.0066  0.00000
    17     15.8100  0.00000

 KPT           36  SPIN            1  KWEIGHT    3.3222591362126247E-003
     1    -19.0515  0.00000
     2    -18.2837  0.00000
     3    -10.4575  0.00000
     4     -8.8058  0.00000
     5     -8.0542  0.00000
     6     -7.5288  0.00000
     7     -7.2489  0.00000
     8     -6.5416  0.00000
     9     -6.0006  0.00000
    10     -2.2348  0.00000
    11     -2.2340  0.00000
    12     -0.4965  0.00000
    13     -0.4371  0.00000
    14      8.6185  0.00000
    15     14.7919  0.00000
    16     14.9881  0.00000
    17     15.7664  0.00000

 KPT           37  SPIN            1  KWEIGHT    3.3222591362126247E-003
     1    -19.0304  0.00000
     2    -18.2687  0.00000
     3    -10.4350  0.00000
     4     -8.8450  0.00000
     5     -8.0981  0.00000
     6     -7.5052  0.00000
     7     -7.2781  0.00000
     8     -6.5585  0.00000
     9     -6.0287  0.00000
    10     -2.2464  0.00000
    11     -2.2403  0.00000
    12     -0.4593  0.00000
    13     -0.4090  0.00000
    14      8.6356  0.00000
    15     14.7061  0.00000
    16     14.9683  0.00000
    17     15.7213  0.00000

 KPT           38  SPIN            1  KWEIGHT    3.3222591362126247E-003
     1    -19.0087  0.00000
     2    -18.2534  0.00000
     3    -10.4126  0.00000
     4     -8.8843  0.00000
     5     -8.1423  0.00000
     6     -7.4813  0.00000
     7     -7.3075  0.00000
     8     -6.5762  0.00000
     9     -6.0573  0.00000
    10     -2.2579  0.00000
    11     -2.2461  0.00000
    12     -0.4210  0.00000
    13     -0.3808  0.00000
    14      8.6518  0.00000
    15     14.6194  0.00000
    16     14.9471  0.00000
    17     15.6749  0.00000

 KPT           39  SPIN            1  KWEIGHT    3.3222591362126247E-003
     1    -18.9867  0.00000
     2    -18.2378  0.00000
     3    -10.3904  0.00000
     4     -8.9237  0.00000
     5     -8.1868  0.00000
     6     -7.4570  0.00000
     7     -7.3370  0.00000
     8     -6.5947  0.00000
     9     -6.0862  0.00000
    10     -2.2693  0.00000
    11     -2.2513  0.00000
    12     -0.3815  0.00000
    13     -0.3525  0.00000
    14      8.6671  0.00000
    15     14.5320  0.00000
    16     14.9245  0.00000
    17     15.6271  0.00000

 KPT           40  SPIN            1  KWEIGHT    3.3222591362126247E-003
     1    -18.9641  0.00000
     2    -18.2218  0.00000
     3    -10.3684  0.00000
     4     -8.9632  0.00000
     5     -8.2316  0.00000
     6     -7.4325  0.00000
     7     -7.3666  0.00000
     8     -6.6138  0.00000
     9     -6.1155  0.00000
    10     -2.2805  0.00000
    11     -2.2559  0.00000
    12     -0.3409  0.00000
    13     -0.3242  0.00000
    14      8.6815  0.00000
    15     14.4440  0.00000
    16     14.9005  0.00000
    17     15.5780  0.00000

 KPT           41  SPIN            1  KWEIGHT    3.3222591362126247E-003
     1    -18.9412  0.00000
     2    -18.2055  0.00000
     3    -10.3467  0.00000
     4     -9.0025  0.00000
     5     -8.2767  0.00000
     6     -7.4077  0.00000
     7     -7.3962  0.00000
     8     -6.6335  0.00000
     9     -6.1450  0.00000
    10     -2.2915  0.00000
    11     -2.2601  0.00000
    12     -0.2992  0.00000
    13     -0.2958  0.00000
    14      8.6947  0.00000
    15     14.3557  0.00000
    16     14.8751  0.00000
    17     15.5275  0.00000

 KPT           42  SPIN            1  KWEIGHT    3.3222591362126247E-003
     1    -18.9178  0.00000
     2    -18.1890  0.00000
     3    -10.3256  0.00000
     4     -9.0415  0.00000
     5     -8.3221  0.00000
     6     -7.4258  0.00000
     7     -7.3827  0.00000
     8     -6.6538  0.00000
     9     -6.1748  0.00000
    10     -2.3023  0.00000
    11     -2.2637  0.00000
    12     -0.2676  0.00000
    13     -0.2564  0.00000
    14      8.7067  0.00000
    15     14.2671  0.00000
    16     14.8483  0.00000
    17     15.4757  0.00000

 KPT           43  SPIN            1  KWEIGHT    3.3222591362126247E-003
     1    -18.8940  0.00000
     2    -18.1722  0.00000
     3    -10.3051  0.00000
     4     -9.0802  0.00000
     5     -8.3678  0.00000
     6     -7.4554  0.00000
     7     -7.3575  0.00000
     8     -6.6745  0.00000
     9     -6.2046  0.00000
    10     -2.3128  0.00000
    11     -2.2667  0.00000
    12     -0.2393  0.00000
    13     -0.2126  0.00000
    14      8.7175  0.00000
    15     14.1783  0.00000
    16     14.8201  0.00000
    17     15.4226  0.00000

 KPT           44  SPIN            1  KWEIGHT    3.3222591362126247E-003
     1    -18.8698  0.00000
     2    -18.1551  0.00000
     3    -10.2855  0.00000
     4     -9.1184  0.00000
     5     -8.4138  0.00000
     6     -7.4850  0.00000
     7     -7.3322  0.00000
     8     -6.6957  0.00000
     9     -6.2344  0.00000
    10     -2.3231  0.00000
    11     -2.2692  0.00000
    12     -0.2112  0.00000
    13     -0.1678  0.00000
    14      8.7269  0.00000
    15     14.0897  0.00000
    16     14.7903  0.00000
    17     15.3683  0.00000

 KPT           45  SPIN            1  KWEIGHT    3.3222591362126247E-003
     1    -18.8452  0.00000
     2    -18.1377  0.00000
     3    -10.2668  0.00000
     4     -9.1560  0.00000
     5     -8.4600  0.00000
     6     -7.5145  0.00000
     7     -7.3067  0.00000
     8     -6.7172  0.00000
     9     -6.2642  0.00000
    10     -2.3330  0.00000
    11     -2.2712  0.00000
    12     -0.1831  0.00000
    13     -0.1221  0.00000
    14      8.7347  0.00000
    15     14.0012  0.00000
    16     14.7592  0.00000
    17     15.3128  0.00000

 KPT           46  SPIN            1  KWEIGHT    3.3222591362126247E-003
     1    -18.8203  0.00000
     2    -18.1201  0.00000
     3    -10.2493  0.00000
     4     -9.1926  0.00000
     5     -8.5065  0.00000
     6     -7.5439  0.00000
     7     -7.2811  0.00000
     8     -6.7391  0.00000
     9     -6.2938  0.00000
    10     -2.3426  0.00000
    11     -2.2726  0.00000
    12     -0.1552  0.00000
    13     -0.0754  0.00000
    14      8.7410  0.00000
    15     13.9132  0.00000
    16     14.7266  0.00000
    17     15.2560  0.00000

 KPT           47  SPIN            1  KWEIGHT    3.3222591362126247E-003
     1    -18.7950  0.00000
     2    -18.1023  0.00000
     3    -10.2333  0.00000
     4     -9.2283  0.00000
     5     -8.5532  0.00000
     6     -7.5731  0.00000
     7     -7.2555  0.00000
     8     -6.7611  0.00000
     9     -6.3232  0.00000
    10     -2.3519  0.00000
    11     -2.2735  0.00000
    12     -0.1275  0.00000
    13     -0.0280  0.00000
    14      8.7456  0.00000
    15     13.8257  0.00000
    16     14.6926  0.00000
    17     15.1982  0.00000

 KPT           48  SPIN            1  KWEIGHT    3.3222591362126247E-003
     1    -18.7693  0.00000
     2    -18.0842  0.00000
     3    -10.2189  0.00000
     4     -9.2626  0.00000
     5     -8.6001  0.00000
     6     -7.6022  0.00000
     7     -7.2298  0.00000
     8     -6.7833  0.00000
     9     -6.3523  0.00000
    10     -2.3607  0.00000
    11     -2.2740  0.00000
    12     -0.0999  0.00000
    13      0.0203  0.00000
    14      8.7485  0.00000
    15     13.7389  0.00000
    16     14.6572  0.00000
    17     15.1393  0.00000

 KPT           49  SPIN            1  KWEIGHT    3.3222591362126247E-003
     1    -18.7434  0.00000
     2    -18.0659  0.00000
     3    -10.2065  0.00000
     4     -9.2954  0.00000
     5     -8.6472  0.00000
     6     -7.6312  0.00000
     7     -7.2041  0.00000
     8     -6.8057  0.00000
     9     -6.3809  0.00000
    10     -2.3692  0.00000
    11     -2.2739  0.00000
    12     -0.0726  0.00000
    13      0.0693  0.00000
    14      8.7494  0.00000
    15     13.6530  0.00000
    16     14.6203  0.00000
    17     15.0793  0.00000

 KPT           50  SPIN            1  KWEIGHT    3.3222591362126247E-003
     1    -18.7171  0.00000
     2    -18.0475  0.00000
     3    -10.1964  0.00000
     4     -9.3263  0.00000
     5     -8.6945  0.00000
     6     -7.6599  0.00000
     7     -7.1785  0.00000
     8     -6.8281  0.00000
     9     -6.4090  0.00000
    10     -2.3772  0.00000
    11     -2.2734  0.00000
    12     -0.0455  0.00000
    13      0.1191  0.00000
    14      8.7484  0.00000
    15     13.5682  0.00000
    16     14.5821  0.00000
    17     15.0184  0.00000

 KPT           51  SPIN            1  KWEIGHT    3.3222591362126247E-003
     1    -18.6906  0.00000
     2    -18.0288  0.00000
     3    -10.1888  0.00000
     4     -9.3552  0.00000
     5     -8.7419  0.00000
     6     -7.6884  0.00000
     7     -7.1529  0.00000
     8     -6.8505  0.00000
     9     -6.4366  0.00000
    10     -2.3848  0.00000
    11     -2.2724  0.00000
    12     -0.0187  0.00000
    13      0.1694  0.00000
    14      8.7454  0.00000
    15     13.4846  0.00000
    16     14.5426  0.00000
    17     14.9565  0.00000

 KPT           52  SPIN            1  KWEIGHT    3.3222591362126247E-003
     1    -18.6638  0.00000
     2    -18.0100  0.00000
     3    -10.1842  0.00000
     4     -9.3817  0.00000
     5     -8.7894  0.00000
     6     -7.7166  0.00000
     7     -7.1274  0.00000
     8     -6.8729  0.00000
     9     -6.4634  0.00000
    10     -2.3919  0.00000
    11     -2.2710  0.00000
    12      0.0079  0.00000
    13      0.2204  0.00000
    14      8.7402  0.00000
    15     13.4025  0.00000
    16     14.5018  0.00000
    17     14.8938  0.00000

 KPT           53  SPIN            1  KWEIGHT    3.3222591362126247E-003
     1    -18.6368  0.00000
     2    -17.9911  0.00000
     3    -10.1827  0.00000
     4     -9.4056  0.00000
     5     -8.8370  0.00000
     6     -7.7446  0.00000
     7     -7.1020  0.00000
     8     -6.8952  0.00000
     9     -6.4894  0.00000
    10     -2.3985  0.00000
    11     -2.2692  0.00000
    12      0.0341  0.00000
    13      0.2719  0.00000
    14      8.7329  0.00000
    15     13.3218  0.00000
    16     14.4597  0.00000
    17     14.8303  0.00000

 KPT           54  SPIN            1  KWEIGHT    3.3222591362126247E-003
     1    -18.6095  0.00000
     2    -17.9720  0.00000
     3    -10.1847  0.00000
     4     -9.4266  0.00000
     5     -8.8846  0.00000
     6     -7.7723  0.00000
     7     -7.0768  0.00000
     8     -6.9174  0.00000
     9     -6.5146  0.00000
    10     -2.4046  0.00000
    11     -2.2671  0.00000
    12      0.0601  0.00000
    13      0.3240  0.00000
    14      8.7233  0.00000
    15     13.2429  0.00000
    16     14.4163  0.00000
    17     14.7661  0.00000

 KPT           55  SPIN            1  KWEIGHT    3.3222591362126247E-003
     1    -18.5821  0.00000
     2    -17.9527  0.00000
     3    -10.1902  0.00000
     4     -9.4445  0.00000
     5     -8.9323  0.00000
     6     -7.7997  0.00000
     7     -7.0518  0.00000
     8     -6.9394  0.00000
     9     -6.5387  0.00000
    10     -2.4102  0.00000
    11     -2.2645  0.00000
    12      0.0857  0.00000
    13      0.3764  0.00000
    14      8.7114  0.00000
    15     13.1659  0.00000
    16     14.3718  0.00000
    17     14.7012  0.00000

 KPT           56  SPIN            1  KWEIGHT    3.3222591362126247E-003
     1    -18.5544  0.00000
     2    -17.9334  0.00000
     3    -10.1995  0.00000
     4     -9.4594  0.00000
     5     -8.9799  0.00000
     6     -7.8267  0.00000
     7     -7.0271  0.00000
     8     -6.9612  0.00000
     9     -6.5618  0.00000
    10     -2.4153  0.00000
    11     -2.2617  0.00000
    12      0.1109  0.00000
    13      0.4292  0.00000
    14      8.6971  0.00000
    15     13.0908  0.00000
    16     14.3262  0.00000
    17     14.6357  0.00000

 KPT           57  SPIN            1  KWEIGHT    3.3222591362126247E-003
     1    -18.5267  0.00000
     2    -17.9140  0.00000
     3    -10.2125  0.00000
     4     -9.4713  0.00000
     5     -9.0275  0.00000
     6     -7.8534  0.00000
     7     -7.0025  0.00000
     8     -6.9828  0.00000
     9     -6.5838  0.00000
    10     -2.4197  0.00000
    11     -2.2585  0.00000
    12      0.1358  0.00000
    13      0.4824  0.00000
    14      8.6804  0.00000
    15     13.0179  0.00000
    16     14.2795  0.00000
    17     14.5697  0.00000

 KPT           58  SPIN            1  KWEIGHT    3.3222591362126247E-003
     1    -18.4988  0.00000
     2    -17.8945  0.00000
     3    -10.2290  0.00000
     4     -9.4804  0.00000
     5     -9.0750  0.00000
     6     -7.8797  0.00000
     7     -7.0041  0.00000
     8     -6.9783  0.00000
     9     -6.6045  0.00000
    10     -2.4237  0.00000
    11     -2.2550  0.00000
    12      0.1603  0.00000
    13      0.5358  0.00000
    14      8.6613  0.00000
    15     12.9473  0.00000
    16     14.2318  0.00000
    17     14.5033  0.00000

 KPT           59  SPIN            1  KWEIGHT    3.3222591362126247E-003
     1    -18.4708  0.00000
     2    -17.8750  0.00000
     3    -10.2489  0.00000
     4     -9.4868  0.00000
     5     -9.1224  0.00000
     6     -7.9056  0.00000
     7     -7.0252  0.00000
     8     -6.9544  0.00000
     9     -6.6240  0.00000
    10     -2.4270  0.00000
    11     -2.2513  0.00000
    12      0.1844  0.00000
    13      0.5894  0.00000
    14      8.6397  0.00000
    15     12.8789  0.00000
    16     14.1831  0.00000
    17     14.4366  0.00000

 KPT           60  SPIN            1  KWEIGHT    3.3222591362126247E-003
     1    -18.4427  0.00000
     2    -17.8555  0.00000
     3    -10.2717  0.00000
     4     -9.4909  0.00000
     5     -9.1696  0.00000
     6     -7.9312  0.00000
     7     -7.0458  0.00000
     8     -6.9308  0.00000
     9     -6.6420  0.00000
    10     -2.4298  0.00000
    11     -2.2473  0.00000
    12      0.2080  0.00000
    13      0.6432  0.00000
    14      8.6158  0.00000
    15     12.8131  0.00000
    16     14.1336  0.00000
    17     14.3695  0.00000

 KPT           61  SPIN            1  KWEIGHT    3.3222591362126247E-003
     1    -18.4146  0.00000
     2    -17.8359  0.00000
     3    -10.2973  0.00000
     4     -9.4931  0.00000
     5     -9.2166  0.00000
     6     -7.9563  0.00000
     7     -7.0662  0.00000
     8     -6.9076  0.00000
     9     -6.6587  0.00000
    10     -2.4320  0.00000
    11     -2.2432  0.00000
    12      0.2313  0.00000
    13      0.6970  0.00000
    14      8.5895  0.00000
    15     12.7497  0.00000
    16     14.0832  0.00000
    17     14.3023  0.00000

 KPT           62  SPIN            1  KWEIGHT    3.3222591362126247E-003
     1    -18.3864  0.00000
     2    -17.8164  0.00000
     3    -10.3252  0.00000
     4     -9.4937  0.00000
     5     -9.2634  0.00000
     6     -7.9809  0.00000
     7     -7.0861  0.00000
     8     -6.8848  0.00000
     9     -6.6739  0.00000
    10     -2.4336  0.00000
    11     -2.2388  0.00000
    12      0.2541  0.00000
    13      0.7509  0.00000
    14      8.5608  0.00000
    15     12.6890  0.00000
    16     14.0322  0.00000
    17     14.2350  0.00000

 KPT           63  SPIN            1  KWEIGHT    3.3222591362126247E-003
     1    -18.3583  0.00000
     2    -17.7969  0.00000
     3    -10.3551  0.00000
     4     -9.4931  0.00000
     5     -9.3098  0.00000
     6     -8.0052  0.00000
     7     -7.1057  0.00000
     8     -6.8624  0.00000
     9     -6.6875  0.00000
    10     -2.4346  0.00000
    11     -2.2343  0.00000
    12      0.2764  0.00000
    13      0.8047  0.00000
    14      8.5298  0.00000
    15     12.6309  0.00000
    16     13.9804  0.00000
    17     14.1676  0.00000

 KPT           64  SPIN            1  KWEIGHT    3.3222591362126247E-003
     1    -18.3302  0.00000
     2    -17.7774  0.00000
     3    -10.3866  0.00000
     4     -9.4915  0.00000
     5     -9.3559  0.00000
     6     -8.0289  0.00000
     7     -7.1248  0.00000
     8     -6.8405  0.00000
     9     -6.6996  0.00000
    10     -2.4351  0.00000
    11     -2.2296  0.00000
    12      0.2982  0.00000
    13      0.8584  0.00000
    14      8.4966  0.00000
    15     12.5754  0.00000
    16     13.9282  0.00000
    17     14.1004  0.00000

 KPT           65  SPIN            1  KWEIGHT    3.3222591362126247E-003
     1    -18.3022  0.00000
     2    -17.7580  0.00000
     3    -10.4194  0.00000
     4     -9.4894  0.00000
     5     -9.4016  0.00000
     6     -8.0522  0.00000
     7     -7.1435  0.00000
     8     -6.8190  0.00000
     9     -6.7101  0.00000
    10     -2.4350  0.00000
    11     -2.2249  0.00000
    12      0.3196  0.00000
    13      0.9120  0.00000
    14      8.4613  0.00000
    15     12.5226  0.00000
    16     13.8754  0.00000
    17     14.0333  0.00000

 KPT           66  SPIN            1  KWEIGHT    3.3222591362126247E-003
     1    -18.2743  0.00000
     2    -17.7388  0.00000
     3    -10.4534  0.00000
     4     -9.4868  0.00000
     5     -9.4469  0.00000
     6     -8.0749  0.00000
     7     -7.1617  0.00000
     8     -6.7981  0.00000
     9     -6.7191  0.00000
    10     -2.4343  0.00000
    11     -2.2200  0.00000
    12      0.3405  0.00000
    13      0.9653  0.00000
    14      8.4241  0.00000
    15     12.4725  0.00000
    16     13.8223  0.00000
    17     13.9665  0.00000

 KPT           67  SPIN            1  KWEIGHT    3.3222591362126247E-003
     1    -18.2465  0.00000
     2    -17.7196  0.00000
     3    -10.4881  0.00000
     4     -9.4916  0.00000
     5     -9.4842  0.00000
     6     -8.0972  0.00000
     7     -7.1795  0.00000
     8     -6.7776  0.00000
     9     -6.7264  0.00000
    10     -2.4331  0.00000
    11     -2.2151  0.00000
    12      0.3609  0.00000
    13      1.0183  0.00000
    14      8.3849  0.00000
    15     12.4250  0.00000
    16     13.7689  0.00000
    17     13.9001  0.00000

 KPT           68  SPIN            1  KWEIGHT    3.3222591362126247E-003
     1    -18.2189  0.00000
     2    -17.7006  0.00000
     3    -10.5235  0.00000
     4     -9.5359  0.00000
     5     -9.4815  0.00000
     6     -8.1190  0.00000
     7     -7.1968  0.00000
     8     -6.7577  0.00000
     9     -6.7322  0.00000
    10     -2.4314  0.00000
    11     -2.2101  0.00000
    12      0.3808  0.00000
    13      1.0710  0.00000
    14      8.3440  0.00000
    15     12.3801  0.00000
    16     13.7153  0.00000
    17     13.8341  0.00000

 KPT           69  SPIN            1  KWEIGHT    3.3222591362126247E-003
     1    -18.1916  0.00000
     2    -17.6818  0.00000
     3    -10.5592  0.00000
     4     -9.5795  0.00000
     5     -9.4791  0.00000
     6     -8.1402  0.00000
     7     -7.2137  0.00000
     8     -6.7383  0.00000
     9     -6.7364  0.00000
    10     -2.4291  0.00000
    11     -2.2052  0.00000
    12      0.4001  0.00000
    13      1.1232  0.00000
    14      8.3016  0.00000
    15     12.3378  0.00000
    16     13.6616  0.00000
    17     13.7687  0.00000

 KPT           70  SPIN            1  KWEIGHT    3.3222591362126247E-003
     1    -18.1644  0.00000
     2    -17.6631  0.00000
     3    -10.5952  0.00000
     4     -9.6225  0.00000
     5     -9.4769  0.00000
     6     -8.1608  0.00000
     7     -7.2300  0.00000
     8     -6.7390  0.00000
     9     -6.7195  0.00000
    10     -2.4264  0.00000
    11     -2.2002  0.00000
    12      0.4190  0.00000
    13      1.1749  0.00000
    14      8.2577  0.00000
    15     12.2980  0.00000
    16     13.6080  0.00000
    17     13.7040  0.00000

 KPT           71  SPIN            1  KWEIGHT    3.3222591362126247E-003
     1    -18.1375  0.00000
     2    -17.6447  0.00000
     3    -10.6312  0.00000
     4     -9.6648  0.00000
     5     -9.4751  0.00000
     6     -8.1809  0.00000
     7     -7.2458  0.00000
     8     -6.7402  0.00000
     9     -6.7013  0.00000
    10     -2.4232  0.00000
    11     -2.1952  0.00000
    12      0.4373  0.00000
    13      1.2260  0.00000
    14      8.2127  0.00000
    15     12.2607  0.00000
    16     13.5544  0.00000
    17     13.6400  0.00000

 KPT           72  SPIN            1  KWEIGHT    3.3222591362126247E-003
     1    -18.1110  0.00000
     2    -17.6265  0.00000
     3    -10.6672  0.00000
     4     -9.7063  0.00000
     5     -9.4737  0.00000
     6     -8.2005  0.00000
     7     -7.2612  0.00000
     8     -6.7400  0.00000
     9     -6.6836  0.00000
    10     -2.4195  0.00000
    11     -2.1903  0.00000
    12      0.4550  0.00000
    13      1.2765  0.00000
    14      8.1666  0.00000
    15     12.2257  0.00000
    16     13.5011  0.00000
    17     13.5769  0.00000

 KPT           73  SPIN            1  KWEIGHT    3.3222591362126247E-003
     1    -18.0848  0.00000
     2    -17.6086  0.00000
     3    -10.7030  0.00000
     4     -9.7470  0.00000
     5     -9.4728  0.00000
     6     -8.2195  0.00000
     7     -7.2760  0.00000
     8     -6.7383  0.00000
     9     -6.6666  0.00000
    10     -2.4155  0.00000
    11     -2.1854  0.00000
    12      0.4722  0.00000
    13      1.3262  0.00000
    14      8.1197  0.00000
    15     12.1929  0.00000
    16     13.4481  0.00000
    17     13.5147  0.00000

 KPT           74  SPIN            1  KWEIGHT    3.3222591362126247E-003
     1    -18.0590  0.00000
     2    -17.5910  0.00000
     3    -10.7385  0.00000
     4     -9.7869  0.00000
     5     -9.4724  0.00000
     6     -8.2379  0.00000
     7     -7.2903  0.00000
     8     -6.7354  0.00000
     9     -6.6501  0.00000
    10     -2.4110  0.00000
    11     -2.1806  0.00000
    12      0.4889  0.00000
    13      1.3752  0.00000
    14      8.0722  0.00000
    15     12.1624  0.00000
    16     13.3956  0.00000
    17     13.4537  0.00000

 KPT           75  SPIN            1  KWEIGHT    3.3222591362126247E-003
     1    -18.0336  0.00000
     2    -17.5737  0.00000
     3    -10.7736  0.00000
     4     -9.8259  0.00000
     5     -9.4725  0.00000
     6     -8.2557  0.00000
     7     -7.3041  0.00000
     8     -6.7313  0.00000
     9     -6.6343  0.00000
    10     -2.4062  0.00000
    11     -2.1759  0.00000
    12      0.5050  0.00000
    13      1.4232  0.00000
    14      8.0242  0.00000
    15     12.1339  0.00000
    16     13.3436  0.00000
    17     13.3937  0.00000

 KPT           76  SPIN            1  KWEIGHT    3.3222591362126247E-003
     1    -18.0087  0.00000
     2    -17.5568  0.00000
     3    -10.8081  0.00000
     4     -9.8639  0.00000
     5     -9.4731  0.00000
     6     -8.2728  0.00000
     7     -7.3173  0.00000
     8     -6.7261  0.00000
     9     -6.6191  0.00000
    10     -2.4011  0.00000
    11     -2.1713  0.00000
    12      0.5205  0.00000
    13      1.4704  0.00000
    14      7.9760  0.00000
    15     12.1075  0.00000
    16     13.2924  0.00000
    17     13.3351  0.00000

 KPT           77  SPIN            1  KWEIGHT    3.3222591362126247E-003
     1    -17.9844  0.00000
     2    -17.5402  0.00000
     3    -10.8421  0.00000
     4     -9.9009  0.00000
     5     -9.4742  0.00000
     6     -8.2894  0.00000
     7     -7.3300  0.00000
     8     -6.7199  0.00000
     9     -6.6046  0.00000
    10     -2.3958  0.00000
    11     -2.1669  0.00000
    12      0.5354  0.00000
    13      1.5164  0.00000
    14      7.9279  0.00000
    15     12.0829  0.00000
    16     13.2419  0.00000
    17     13.2778  0.00000

 KPT           78  SPIN            1  KWEIGHT    3.3222591362126247E-003
     1    -17.9606  0.00000
     2    -17.5241  0.00000
     3    -10.8753  0.00000
     4     -9.9369  0.00000
     5     -9.4757  0.00000
     6     -8.3054  0.00000
     7     -7.3422  0.00000
     8     -6.7127  0.00000
     9     -6.5906  0.00000
    10     -2.3901  0.00000
    11     -2.1625  0.00000
    12      0.5498  0.00000
    13      1.5614  0.00000
    14      7.8799  0.00000
    15     12.0601  0.00000
    16     13.1923  0.00000
    17     13.2220  0.00000

 KPT           79  SPIN            1  KWEIGHT    3.3222591362126247E-003
     1    -17.9374  0.00000
     2    -17.5084  0.00000
     3    -10.9078  0.00000
     4     -9.9717  0.00000
     5     -9.4777  0.00000
     6     -8.3207  0.00000
     7     -7.3539  0.00000
     8     -6.7048  0.00000
     9     -6.5773  0.00000
    10     -2.3843  0.00000
    11     -2.1583  0.00000
    12      0.5636  0.00000
    13      1.6053  0.00000
    14      7.8324  0.00000
    15     12.0390  0.00000
    16     13.1438  0.00000
    17     13.1677  0.00000

 KPT           80  SPIN            1  KWEIGHT    3.3222591362126247E-003
     1    -17.9148  0.00000
     2    -17.4932  0.00000
     3    -10.9395  0.00000
     4    -10.0054  0.00000
     5     -9.4800  0.00000
     6     -8.3354  0.00000
     7     -7.3651  0.00000
     8     -6.6961  0.00000
     9     -6.5647  0.00000
    10     -2.3784  0.00000
    11     -2.1543  0.00000
    12      0.5768  0.00000
    13      1.6478  0.00000
    14      7.7854  0.00000
    15     12.0195  0.00000
    16     13.0964  0.00000
    17     13.1150  0.00000

 KPT           81  SPIN            1  KWEIGHT    3.3222591362126247E-003
     1    -17.8929  0.00000
     2    -17.4784  0.00000
     3    -10.9702  0.00000
     4    -10.0379  0.00000
     5     -9.4826  0.00000
     6     -8.3495  0.00000
     7     -7.3757  0.00000
     8     -6.6869  0.00000
     9     -6.5526  0.00000
    10     -2.3723  0.00000
    11     -2.1504  0.00000
    12      0.5894  0.00000
    13      1.6890  0.00000
    14      7.7393  0.00000
    15     12.0015  0.00000
    16     13.0503  0.00000
    17     13.0641  0.00000

 KPT           82  SPIN            1  KWEIGHT    3.3222591362126247E-003
     1    -17.8718  0.00000
     2    -17.4642  0.00000
     3    -10.9999  0.00000
     4    -10.0691  0.00000
     5     -9.4855  0.00000
     6     -8.3629  0.00000
     7     -7.3858  0.00000
     8     -6.6772  0.00000
     9     -6.5412  0.00000
    10     -2.3662  0.00000
    11     -2.1467  0.00000
    12      0.6014  0.00000
    13      1.7288  0.00000
    14      7.6941  0.00000
    15     11.9850  0.00000
    16     13.0055  0.00000
    17     13.0151  0.00000

 KPT           83  SPIN            1  KWEIGHT    3.3222591362126247E-003
     1    -17.8514  0.00000
     2    -17.4505  0.00000
     3    -11.0285  0.00000
     4    -10.0991  0.00000
     5     -9.4887  0.00000
     6     -8.3757  0.00000
     7     -7.3953  0.00000
     8     -6.6671  0.00000
     9     -6.5304  0.00000
    10     -2.3600  0.00000
    11     -2.1431  0.00000
    12      0.6128  0.00000
    13      1.7672  0.00000
    14      7.6502  0.00000
    15     11.9698  0.00000
    16     12.9622  0.00000
    17     12.9680  0.00000

 KPT           84  SPIN            1  KWEIGHT    3.3222591362126247E-003
     1    -17.8319  0.00000
     2    -17.4373  0.00000
     3    -11.0560  0.00000
     4    -10.1277  0.00000
     5     -9.4920  0.00000
     6     -8.3878  0.00000
     7     -7.4044  0.00000
     8     -6.6569  0.00000
     9     -6.5203  0.00000
    10     -2.3539  0.00000
    11     -2.1398  0.00000
    12      0.6236  0.00000
    13      1.8039  0.00000
    14      7.6075  0.00000
    15     11.9558  0.00000
    16     12.9206  0.00000
    17     12.9228  0.00000

 KPT           85  SPIN            1  KWEIGHT    3.3222591362126247E-003
     1    -17.8132  0.00000
     2    -17.4248  0.00000
     3    -11.0823  0.00000
     4    -10.1549  0.00000
     5     -9.4955  0.00000
     6     -8.3992  0.00000
     7     -7.4129  0.00000
     8     -6.6465  0.00000
     9     -6.5107  0.00000
    10     -2.3478  0.00000
    11     -2.1366  0.00000
    12      0.6338  0.00000
    13      1.8391  0.00000
    14      7.5664  0.00000
    15     11.9430  0.00000
    16     12.8798  0.00000
    17     12.8806  0.00000

 KPT           86  SPIN            1  KWEIGHT    3.3222591362126247E-003
     1    -17.7954  0.00000
     2    -17.4129  0.00000
     3    -11.1073  0.00000
     4    -10.1807  0.00000
     5     -9.4990  0.00000
     6     -8.4100  0.00000
     7     -7.4209  0.00000
     8     -6.6361  0.00000
     9     -6.5018  0.00000
    10     -2.3418  0.00000
    11     -2.1337  0.00000
    12      0.6434  0.00000
    13      1.8725  0.00000
    14      7.5270  0.00000
    15     11.9313  0.00000
    16     12.8389  0.00000
    17     12.8425  0.00000

 KPT           87  SPIN            1  KWEIGHT    3.3222591362126247E-003
     1    -17.7785  0.00000
     2    -17.4016  0.00000
     3    -11.1310  0.00000
     4    -10.2051  0.00000
     5     -9.5026  0.00000
     6     -8.4201  0.00000
     7     -7.4283  0.00000
     8     -6.6258  0.00000
     9     -6.4935  0.00000
    10     -2.3360  0.00000
    11     -2.1309  0.00000
    12      0.6524  0.00000
    13      1.9042  0.00000
    14      7.4893  0.00000
    15     11.9207  0.00000
    16     12.8003  0.00000
    17     12.8062  0.00000

 KPT           88  SPIN            1  KWEIGHT    3.3222591362126247E-003
     1    -17.7626  0.00000
     2    -17.3910  0.00000
     3    -11.1533  0.00000
     4    -10.2279  0.00000
     5     -9.5061  0.00000
     6     -8.4295  0.00000
     7     -7.4353  0.00000
     8     -6.6157  0.00000
     9     -6.4858  0.00000
    10     -2.3304  0.00000
    11     -2.1283  0.00000
    12      0.6608  0.00000
    13      1.9340  0.00000
    14      7.4537  0.00000
    15     11.9111  0.00000
    16     12.7640  0.00000
    17     12.7720  0.00000

 KPT           89  SPIN            1  KWEIGHT    3.3222591362126247E-003
     1    -17.7477  0.00000
     2    -17.3811  0.00000
     3    -11.1742  0.00000
     4    -10.2492  0.00000
     5     -9.5096  0.00000
     6     -8.4383  0.00000
     7     -7.4417  0.00000
     8     -6.6059  0.00000
     9     -6.4787  0.00000
    10     -2.3250  0.00000
    11     -2.1259  0.00000
    12      0.6685  0.00000
    13      1.9619  0.00000
    14      7.4201  0.00000
    15     11.9024  0.00000
    16     12.7302  0.00000
    17     12.7399  0.00000

 KPT           90  SPIN            1  KWEIGHT    3.3222591362126247E-003
     1    -17.7339  0.00000
     2    -17.3719  0.00000
     3    -11.1937  0.00000
     4    -10.2689  0.00000
     5     -9.5129  0.00000
     6     -8.4463  0.00000
     7     -7.4476  0.00000
     8     -6.5965  0.00000
     9     -6.4722  0.00000
    10     -2.3199  0.00000
    11     -2.1237  0.00000
    12      0.6757  0.00000
    13      1.9878  0.00000
    14      7.3888  0.00000
    15     11.8945  0.00000
    16     12.6987  0.00000
    17     12.7100  0.00000

 KPT           91  SPIN            1  KWEIGHT    3.3222591362126247E-003
     1    -17.7212  0.00000
     2    -17.3634  0.00000
     3    -11.2116  0.00000
     4    -10.2871  0.00000
     5     -9.5161  0.00000
     6     -8.4537  0.00000
     7     -7.4530  0.00000
     8     -6.5877  0.00000
     9     -6.4663  0.00000
    10     -2.3151  0.00000
    11     -2.1217  0.00000
    12      0.6822  0.00000
    13      2.0117  0.00000
    14      7.3598  0.00000
    15     11.8875  0.00000
    16     12.6698  0.00000
    17     12.6824  0.00000

 KPT           92  SPIN            1  KWEIGHT    3.3222591362126247E-003
     1    -17.7095  0.00000
     2    -17.3557  0.00000
     3    -11.2279  0.00000
     4    -10.3035  0.00000
     5     -9.5192  0.00000
     6     -8.4604  0.00000
     7     -7.4579  0.00000
     8     -6.5794  0.00000
     9     -6.4609  0.00000
    10     -2.3106  0.00000
    11     -2.1199  0.00000
    12      0.6881  0.00000
    13      2.0334  0.00000
    14      7.3332  0.00000
    15     11.8813  0.00000
    16     12.6435  0.00000
    17     12.6572  0.00000

 KPT           93  SPIN            1  KWEIGHT    3.3222591362126247E-003
     1    -17.6990  0.00000
     2    -17.3487  0.00000
     3    -11.2426  0.00000
     4    -10.3184  0.00000
     5     -9.5220  0.00000
     6     -8.4663  0.00000
     7     -7.4622  0.00000
     8     -6.5717  0.00000
     9     -6.4562  0.00000
    10     -2.3065  0.00000
    11     -2.1183  0.00000
    12      0.6934  0.00000
    13      2.0531  0.00000
    14      7.3092  0.00000
    15     11.8759  0.00000
    16     12.6198  0.00000
    17     12.6344  0.00000

 KPT           94  SPIN            1  KWEIGHT    3.3222591362126247E-003
     1    -17.6897  0.00000
     2    -17.3425  0.00000
     3    -11.2557  0.00000
     4    -10.3315  0.00000
     5     -9.5245  0.00000
     6     -8.4716  0.00000
     7     -7.4660  0.00000
     8     -6.5648  0.00000
     9     -6.4520  0.00000
    10     -2.3028  0.00000
    11     -2.1169  0.00000
    12      0.6981  0.00000
    13      2.0705  0.00000
    14      7.2878  0.00000
    15     11.8711  0.00000
    16     12.5987  0.00000
    17     12.6141  0.00000

 KPT           95  SPIN            1  KWEIGHT    3.3222591362126247E-003
     1    -17.6815  0.00000
     2    -17.3371  0.00000
     3    -11.2671  0.00000
     4    -10.3429  0.00000
     5     -9.5267  0.00000
     6     -8.4762  0.00000
     7     -7.4694  0.00000
     8     -6.5587  0.00000
     9     -6.4484  0.00000
    10     -2.2996  0.00000
    11     -2.1157  0.00000
    12      0.7022  0.00000
    13      2.0857  0.00000
    14      7.2691  0.00000
    15     11.8671  0.00000
    16     12.5804  0.00000
    17     12.5964  0.00000

 KPT           96  SPIN            1  KWEIGHT    3.3222591362126247E-003
     1    -17.6746  0.00000
     2    -17.3325  0.00000
     3    -11.2768  0.00000
     4    -10.3527  0.00000
     5     -9.5287  0.00000
     6     -8.4801  0.00000
     7     -7.4722  0.00000
     8     -6.5535  0.00000
     9     -6.4453  0.00000
    10     -2.2968  0.00000
    11     -2.1146  0.00000
    12      0.7056  0.00000
    13      2.0987  0.00000
    14      7.2532  0.00000
    15     11.8637  0.00000
    16     12.5648  0.00000
    17     12.5814  0.00000

 KPT           97  SPIN            1  KWEIGHT    3.3222591362126247E-003
     1    -17.6689  0.00000
     2    -17.3288  0.00000
     3    -11.2848  0.00000
     4    -10.3606  0.00000
     5     -9.5303  0.00000
     6     -8.4833  0.00000
     7     -7.4745  0.00000
     8     -6.5491  0.00000
     9     -6.4428  0.00000
    10     -2.2945  0.00000
    11     -2.1138  0.00000
    12      0.7084  0.00000
    13      2.1093  0.00000
    14      7.2400  0.00000
    15     11.8609  0.00000
    16     12.5521  0.00000
    17     12.5690  0.00000

 KPT           98  SPIN            1  KWEIGHT    3.3222591362126247E-003
     1    -17.6645  0.00000
     2    -17.3258  0.00000
     3    -11.2910  0.00000
     4    -10.3668  0.00000
     5     -9.5316  0.00000
     6     -8.4857  0.00000
     7     -7.4763  0.00000
     8     -6.5456  0.00000
     9     -6.4409  0.00000
    10     -2.2927  0.00000
    11     -2.1131  0.00000
    12      0.7106  0.00000
    13      2.1176  0.00000
    14      7.2298  0.00000
    15     11.8588  0.00000
    16     12.5421  0.00000
    17     12.5593  0.00000

 KPT           99  SPIN            1  KWEIGHT    3.3222591362126247E-003
     1    -17.6613  0.00000
     2    -17.3237  0.00000
     3    -11.2955  0.00000
     4    -10.3713  0.00000
     5     -9.5325  0.00000
     6     -8.4875  0.00000
     7     -7.4775  0.00000
     8     -6.5431  0.00000
     9     -6.4395  0.00000
    10     -2.2914  0.00000
    11     -2.1127  0.00000
    12      0.7122  0.00000
    13      2.1236  0.00000
    14      7.2225  0.00000
    15     11.8573  0.00000
    16     12.5350  0.00000
    17     12.5524  0.00000

 KPT          100  SPIN            1  KWEIGHT    3.3222591362126247E-003
     1    -17.6594  0.00000
     2    -17.3225  0.00000
     3    -11.2981  0.00000
     4    -10.3739  0.00000
     5     -9.5331  0.00000
     6     -8.4886  0.00000
     7     -7.4783  0.00000
     8     -6.5416  0.00000
     9     -6.4387  0.00000
    10     -2.2906  0.00000
    11     -2.1124  0.00000
    12      0.7131  0.00000
    13      2.1271  0.00000
    14      7.2180  0.00000
    15     11.8564  0.00000
    16     12.5307  0.00000
    17     12.5482  0.00000

 KPT          101  SPIN            1  KWEIGHT    3.3222591362126247E-003
     1    -17.6588  0.00000
     2    -17.3220  0.00000
     3    -11.2990  0.00000
     4    -10.3748  0.00000
     5     -9.5333  0.00000
     6     -8.4889  0.00000
     7     -7.4785  0.00000
     8     -6.5411  0.00000
     9     -6.4384  0.00000
    10     -2.2903  0.00000
    11     -2.1123  0.00000
    12      0.7134  0.00000
    13      2.1283  0.00000
    14      7.2166  0.00000
    15     11.8561  0.00000
    16     12.5293  0.00000
    17     12.5468  0.00000

 KPT          102  SPIN            1  KWEIGHT    3.3222591362126247E-003
     1    -17.6587  0.00000
     2    -17.3220  0.00000
     3    -11.2989  0.00000
     4    -10.3748  0.00000
     5     -9.5332  0.00000
     6     -8.4890  0.00000
     7     -7.4785  0.00000
     8     -6.5446  0.00000
     9     -6.4354  0.00000
    10     -2.2912  0.00000
    11     -2.1113  0.00000
    12      0.7132  0.00000
    13      2.1284  0.00000
    14      7.2164  0.00000
    15     11.8552  0.00000
    16     12.5305  0.00000
    17     12.5470  0.00000

 KPT          103  SPIN            1  KWEIGHT    3.3222591362126247E-003
     1    -17.6586  0.00000
     2    -17.3219  0.00000
     3    -11.2984  0.00000
     4    -10.3748  0.00000
     5     -9.5330  0.00000
     6     -8.4893  0.00000
     7     -7.4785  0.00000
     8     -6.5541  0.00000
     9     -6.4274  0.00000
    10     -2.2936  0.00000
    11     -2.1085  0.00000
    12      0.7126  0.00000
    13      2.1288  0.00000
    14      7.2158  0.00000
    15     11.8524  0.00000
    16     12.5342  0.00000
    17     12.5478  0.00000

 KPT          104  SPIN            1  KWEIGHT    3.3222591362126247E-003
     1    -17.6583  0.00000
     2    -17.3217  0.00000
     3    -11.2975  0.00000
     4    -10.3749  0.00000
     5     -9.5326  0.00000
     6     -8.4899  0.00000
     7     -7.4785  0.00000
     8     -6.5676  0.00000
     9     -6.4163  0.00000
    10     -2.2975  0.00000
    11     -2.1039  0.00000
    12      0.7116  0.00000
    13      2.1293  0.00000
    14      7.2149  0.00000
    15     11.8478  0.00000
    16     12.5403  0.00000
    17     12.5489  0.00000

 KPT          105  SPIN            1  KWEIGHT    3.3222591362126247E-003
     1    -17.6580  0.00000
     2    -17.3214  0.00000
     3    -11.2964  0.00000
     4    -10.3749  0.00000
     5     -9.5322  0.00000
     6     -8.4906  0.00000
     7     -7.4785  0.00000
     8     -6.5838  0.00000
     9     -6.4036  0.00000
    10     -2.3026  0.00000
    11     -2.0978  0.00000
    12      0.7102  0.00000
    13      2.1301  0.00000
    14      7.2135  0.00000
    15     11.8415  0.00000
    16     12.5488  0.00000
    17     12.5506  0.00000

 KPT          106  SPIN            1  KWEIGHT    3.3222591362126247E-003
     1    -17.6576  0.00000
     2    -17.3210  0.00000
     3    -11.2949  0.00000
     4    -10.3749  0.00000
     5     -9.5316  0.00000
     6     -8.4916  0.00000
     7     -7.4785  0.00000
     8     -6.6017  0.00000
     9     -6.3900  0.00000
    10     -2.3089  0.00000
    11     -2.0903  0.00000
    12      0.7084  0.00000
    13      2.1310  0.00000
    14      7.2118  0.00000
    15     11.8337  0.00000
    16     12.5527  0.00000
    17     12.5594  0.00000

 KPT          107  SPIN            1  KWEIGHT    3.3222591362126247E-003
     1    -17.6571  0.00000
     2    -17.3205  0.00000
     3    -11.2931  0.00000
     4    -10.3749  0.00000
     5     -9.5308  0.00000
     6     -8.4928  0.00000
     7     -7.4786  0.00000
     8     -6.6210  0.00000
     9     -6.3761  0.00000
    10     -2.3160  0.00000
    11     -2.0817  0.00000
    12      0.7061  0.00000
    13      2.1322  0.00000
    14      7.2098  0.00000
    15     11.8245  0.00000
    16     12.5553  0.00000
    17     12.5720  0.00000

 KPT          108  SPIN            1  KWEIGHT    3.3222591362126247E-003
     1    -17.6565  0.00000
     2    -17.3200  0.00000
     3    -11.2909  0.00000
     4    -10.3750  0.00000
     5     -9.5299  0.00000
     6     -8.4941  0.00000
     7     -7.4786  0.00000
     8     -6.6412  0.00000
     9     -6.3622  0.00000
    10     -2.3237  0.00000
    11     -2.0722  0.00000
    12      0.7035  0.00000
    13      2.1336  0.00000
    14      7.2073  0.00000
    15     11.8140  0.00000
    16     12.5583  0.00000
    17     12.5864  0.00000

 KPT          109  SPIN            1  KWEIGHT    3.3222591362126247E-003
     1    -17.6558  0.00000
     2    -17.3194  0.00000
     3    -11.2884  0.00000
     4    -10.3750  0.00000
     5     -9.5289  0.00000
     6     -8.4957  0.00000
     7     -7.4786  0.00000
     8     -6.6622  0.00000
     9     -6.3485  0.00000
    10     -2.3321  0.00000
    11     -2.0618  0.00000
    12      0.7006  0.00000
    13      2.1352  0.00000
    14      7.2045  0.00000
    15     11.8024  0.00000
    16     12.5618  0.00000
    17     12.6026  0.00000

 KPT          110  SPIN            1  KWEIGHT    3.3222591362126247E-003
     1    -17.6550  0.00000
     2    -17.3187  0.00000
     3    -11.2856  0.00000
     4    -10.3751  0.00000
     5     -9.5278  0.00000
     6     -8.4975  0.00000
     7     -7.4786  0.00000
     8     -6.6840  0.00000
     9     -6.3349  0.00000
    10     -2.3408  0.00000
    11     -2.0507  0.00000
    12      0.6972  0.00000
    13      2.1370  0.00000
    14      7.2013  0.00000
    15     11.7899  0.00000
    16     12.5658  0.00000
    17     12.6202  0.00000

 KPT          111  SPIN            1  KWEIGHT    3.3222591362126247E-003
     1    -17.6541  0.00000
     2    -17.3179  0.00000
     3    -11.2824  0.00000
     4    -10.3752  0.00000
     5     -9.5265  0.00000
     6     -8.4995  0.00000
     7     -7.4787  0.00000
     8     -6.7064  0.00000
     9     -6.3217  0.00000
    10     -2.3499  0.00000
    11     -2.0390  0.00000
    12      0.6935  0.00000
    13      2.1390  0.00000
    14      7.1977  0.00000
    15     11.7766  0.00000
    16     12.5702  0.00000
    17     12.6393  0.00000

 KPT          112  SPIN            1  KWEIGHT    3.3222591362126247E-003
     1    -17.6531  0.00000
     2    -17.3170  0.00000
     3    -11.2790  0.00000
     4    -10.3753  0.00000
     5     -9.5251  0.00000
     6     -8.5016  0.00000
     7     -7.4787  0.00000
     8     -6.7294  0.00000
     9     -6.3087  0.00000
    10     -2.3593  0.00000
    11     -2.0268  0.00000
    12      0.6894  0.00000
    13      2.1413  0.00000
    14      7.1938  0.00000
    15     11.7627  0.00000
    16     12.5750  0.00000
    17     12.6595  0.00000

 KPT          113  SPIN            1  KWEIGHT    3.3222591362126247E-003
     1    -17.6521  0.00000
     2    -17.3161  0.00000
     3    -11.2752  0.00000
     4    -10.3754  0.00000
     5     -9.5236  0.00000
     6     -8.5040  0.00000
     7     -7.4788  0.00000
     8     -6.7530  0.00000
     9     -6.2961  0.00000
    10     -2.3689  0.00000
    11     -2.0141  0.00000
    12      0.6849  0.00000
    13      2.1437  0.00000
    14      7.1895  0.00000
    15     11.7482  0.00000
    16     12.5802  0.00000
    17     12.6809  0.00000

 KPT          114  SPIN            1  KWEIGHT    3.3222591362126247E-003
     1    -17.6509  0.00000
     2    -17.3151  0.00000
     3    -11.2710  0.00000
     4    -10.3755  0.00000
     5     -9.5219  0.00000
     6     -8.5065  0.00000
     7     -7.4790  0.00000
     8     -6.7772  0.00000
     9     -6.2839  0.00000
    10     -2.3787  0.00000
    11     -2.0010  0.00000
    12      0.6801  0.00000
    13      2.1463  0.00000
    14      7.1848  0.00000
    15     11.7333  0.00000
    16     12.5859  0.00000
    17     12.7032  0.00000

 KPT          115  SPIN            1  KWEIGHT    3.3222591362126247E-003
     1    -17.6497  0.00000
     2    -17.3140  0.00000
     3    -11.2666  0.00000
     4    -10.3756  0.00000
     5     -9.5201  0.00000
     6     -8.5091  0.00000
     7     -7.4791  0.00000
     8     -6.8018  0.00000
     9     -6.2720  0.00000
    10     -2.3886  0.00000
    11     -1.9875  0.00000
    12      0.6749  0.00000
    13      2.1491  0.00000
    14      7.1798  0.00000
    15     11.7180  0.00000
    16     12.5919  0.00000
    17     12.7265  0.00000

 KPT          116  SPIN            1  KWEIGHT    3.3222591362126247E-003
     1    -17.6484  0.00000
     2    -17.3128  0.00000
     3    -11.2618  0.00000
     4    -10.3758  0.00000
     5     -9.5182  0.00000
     6     -8.5120  0.00000
     7     -7.4793  0.00000
     8     -6.8270  0.00000
     9     -6.2604  0.00000
    10     -2.3986  0.00000
    11     -1.9737  0.00000
    12      0.6694  0.00000
    13      2.1521  0.00000
    14      7.1744  0.00000
    15     11.7025  0.00000
    16     12.5984  0.00000
    17     12.7504  0.00000

 KPT          117  SPIN            1  KWEIGHT    3.3222591362126247E-003
     1    -17.6470  0.00000
     2    -17.3115  0.00000
     3    -11.2566  0.00000
     4    -10.3760  0.00000
     5     -9.5162  0.00000
     6     -8.5149  0.00000
     7     -7.4795  0.00000
     8     -6.8527  0.00000
     9     -6.2493  0.00000
    10     -2.4087  0.00000
    11     -1.9595  0.00000
    12      0.6636  0.00000
    13      2.1553  0.00000
    14      7.1686  0.00000
    15     11.6869  0.00000
    16     12.6053  0.00000
    17     12.7751  0.00000

 KPT          118  SPIN            1  KWEIGHT    3.3222591362126247E-003
     1    -17.6455  0.00000
     2    -17.3102  0.00000
     3    -11.2512  0.00000
     4    -10.3762  0.00000
     5     -9.5141  0.00000
     6     -8.5181  0.00000
     7     -7.4798  0.00000
     8     -6.8789  0.00000
     9     -6.2385  0.00000
    10     -2.4189  0.00000
    11     -1.9450  0.00000
    12      0.6575  0.00000
    13      2.1587  0.00000
    14      7.1625  0.00000
    15     11.6711  0.00000
    16     12.6125  0.00000
    17     12.8004  0.00000

 KPT          119  SPIN            1  KWEIGHT    3.3222591362126247E-003
     1    -17.6439  0.00000
     2    -17.3088  0.00000
     3    -11.2454  0.00000
     4    -10.3764  0.00000
     5     -9.5118  0.00000
     6     -8.5213  0.00000
     7     -7.4801  0.00000
     8     -6.9056  0.00000
     9     -6.2280  0.00000
    10     -2.4292  0.00000
    11     -1.9302  0.00000
    12      0.6510  0.00000
    13      2.1622  0.00000
    14      7.1560  0.00000
    15     11.6553  0.00000
    16     12.6201  0.00000
    17     12.8262  0.00000

 KPT          120  SPIN            1  KWEIGHT    3.3222591362126247E-003
     1    -17.6422  0.00000
     2    -17.3073  0.00000
     3    -11.2393  0.00000
     4    -10.3766  0.00000
     5     -9.5095  0.00000
     6     -8.5247  0.00000
     7     -7.4805  0.00000
     8     -6.9327  0.00000
     9     -6.2179  0.00000
    10     -2.4395  0.00000
    11     -1.9151  0.00000
    12      0.6443  0.00000
    13      2.1660  0.00000
    14      7.1492  0.00000
    15     11.6395  0.00000
    16     12.6280  0.00000
    17     12.8525  0.00000

 KPT          121  SPIN            1  KWEIGHT    3.3222591362126247E-003
     1    -17.6405  0.00000
     2    -17.3057  0.00000
     3    -11.2329  0.00000
     4    -10.3769  0.00000
     5     -9.5070  0.00000
     6     -8.5282  0.00000
     7     -7.4809  0.00000
     8     -6.9603  0.00000
     9     -6.2082  0.00000
    10     -2.4499  0.00000
    11     -1.8998  0.00000
    12      0.6373  0.00000
    13      2.1699  0.00000
    14      7.1421  0.00000
    15     11.6238  0.00000
    16     12.6363  0.00000
    17     12.8792  0.00000

 KPT          122  SPIN            1  KWEIGHT    3.3222591362126247E-003
     1    -17.6386  0.00000
     2    -17.3041  0.00000
     3    -11.2262  0.00000
     4    -10.3772  0.00000
     5     -9.5044  0.00000
     6     -8.5318  0.00000
     7     -7.4814  0.00000
     8     -6.9884  0.00000
     9     -6.1988  0.00000
    10     -2.4604  0.00000
    11     -1.8842  0.00000
    12      0.6301  0.00000
    13      2.1739  0.00000
    14      7.1346  0.00000
    15     11.6081  0.00000
    16     12.6449  0.00000
    17     12.9062  0.00000

 KPT          123  SPIN            1  KWEIGHT    3.3222591362126247E-003
     1    -17.6367  0.00000
     2    -17.3024  0.00000
     3    -11.2191  0.00000
     4    -10.3776  0.00000
     5     -9.5017  0.00000
     6     -8.5355  0.00000
     7     -7.4820  0.00000
     8     -7.0168  0.00000
     9     -6.1897  0.00000
    10     -2.4709  0.00000
    11     -1.8684  0.00000
    12      0.6226  0.00000
    13      2.1782  0.00000
    14      7.1267  0.00000
    15     11.5926  0.00000
    16     12.6539  0.00000
    17     12.9335  0.00000

 KPT          124  SPIN            1  KWEIGHT    3.3222591362126247E-003
     1    -17.6347  0.00000
     2    -17.3006  0.00000
     3    -11.2117  0.00000
     4    -10.3779  0.00000
     5     -9.4989  0.00000
     6     -8.5393  0.00000
     7     -7.4826  0.00000
     8     -7.0457  0.00000
     9     -6.1809  0.00000
    10     -2.4815  0.00000
    11     -1.8523  0.00000
    12      0.6148  0.00000
    13      2.1826  0.00000
    14      7.1185  0.00000
    15     11.5772  0.00000
    16     12.6631  0.00000
    17     12.9611  0.00000

 KPT          125  SPIN            1  KWEIGHT    3.3222591362126247E-003
     1    -17.6326  0.00000
     2    -17.2987  0.00000
     3    -11.2040  0.00000
     4    -10.3784  0.00000
     5     -9.4961  0.00000
     6     -8.5432  0.00000
     7     -7.4834  0.00000
     8     -7.0750  0.00000
     9     -6.1725  0.00000
    10     -2.4921  0.00000
    11     -1.8360  0.00000
    12      0.6068  0.00000
    13      2.1871  0.00000
    14      7.1100  0.00000
    15     11.5620  0.00000
    16     12.6726  0.00000
    17     12.9890  0.00000

 KPT          126  SPIN            1  KWEIGHT    3.3222591362126247E-003
     1    -17.6305  0.00000
     2    -17.2968  0.00000
     3    -11.1960  0.00000
     4    -10.3788  0.00000
     5     -9.4931  0.00000
     6     -8.5472  0.00000
     7     -7.4842  0.00000
     8     -7.1047  0.00000
     9     -6.1644  0.00000
    10     -2.5027  0.00000
    11     -1.8194  0.00000
    12      0.5986  0.00000
    13      2.1918  0.00000
    14      7.1012  0.00000
    15     11.5469  0.00000
    16     12.6824  0.00000
    17     13.0170  0.00000

 KPT          127  SPIN            1  KWEIGHT    3.3222591362126247E-003
     1    -17.6282  0.00000
     2    -17.2948  0.00000
     3    -11.1877  0.00000
     4    -10.3793  0.00000
     5     -9.4900  0.00000
     6     -8.5512  0.00000
     7     -7.4851  0.00000
     8     -7.1349  0.00000
     9     -6.1565  0.00000
    10     -2.5134  0.00000
    11     -1.8027  0.00000
    12      0.5902  0.00000
    13      2.1967  0.00000
    14      7.0920  0.00000
    15     11.5321  0.00000
    16     12.6924  0.00000
    17     13.0451  0.00000

 KPT          128  SPIN            1  KWEIGHT    3.3222591362126247E-003
     1    -17.6259  0.00000
     2    -17.2928  0.00000
     3    -11.1790  0.00000
     4    -10.3798  0.00000
     5     -9.4868  0.00000
     6     -8.5552  0.00000
     7     -7.4861  0.00000
     8     -7.1654  0.00000
     9     -6.1489  0.00000
    10     -2.5242  0.00000
    11     -1.7857  0.00000
    12      0.5816  0.00000
    13      2.2017  0.00000
    14      7.0825  0.00000
    15     11.5175  0.00000
    16     12.7026  0.00000
    17     13.0733  0.00000

 KPT          129  SPIN            1  KWEIGHT    3.3222591362126247E-003
     1    -17.6235  0.00000
     2    -17.2907  0.00000
     3    -11.1700  0.00000
     4    -10.3804  0.00000
     5     -9.4836  0.00000
     6     -8.5593  0.00000
     7     -7.4872  0.00000
     8     -7.1962  0.00000
     9     -6.1416  0.00000
    10     -2.5350  0.00000
    11     -1.7686  0.00000
    12      0.5728  0.00000
    13      2.2068  0.00000
    14      7.0727  0.00000
    15     11.5032  0.00000
    16     12.7131  0.00000
    17     13.1017  0.00000

 KPT          130  SPIN            1  KWEIGHT    3.3222591362126247E-003
     1    -17.6211  0.00000
     2    -17.2885  0.00000
     3    -11.1608  0.00000
     4    -10.3811  0.00000
     5     -9.4803  0.00000
     6     -8.5634  0.00000
     7     -7.4884  0.00000
     8     -7.2275  0.00000
     9     -6.1346  0.00000
    10     -2.5458  0.00000
    11     -1.7512  0.00000
    12      0.5639  0.00000
    13      2.2120  0.00000
    14      7.0626  0.00000
    15     11.4891  0.00000
    16     12.7238  0.00000
    17     13.1300  0.00000

 KPT          131  SPIN            1  KWEIGHT    3.3222591362126247E-003
     1    -17.6186  0.00000
     2    -17.2863  0.00000
     3    -11.1512  0.00000
     4    -10.3818  0.00000
     5     -9.4769  0.00000
     6     -8.5676  0.00000
     7     -7.4898  0.00000
     8     -7.2591  0.00000
     9     -6.1278  0.00000
    10     -2.5567  0.00000
    11     -1.7337  0.00000
    12      0.5548  0.00000
    13      2.2174  0.00000
    14      7.0522  0.00000
    15     11.4753  0.00000
    16     12.7347  0.00000
    17     13.1584  0.00000

 KPT          132  SPIN            1  KWEIGHT    3.3222591362126247E-003
     1    -17.6160  0.00000
     2    -17.2840  0.00000
     3    -11.1413  0.00000
     4    -10.3825  0.00000
     5     -9.4734  0.00000
     6     -8.5717  0.00000
     7     -7.4912  0.00000
     8     -7.2910  0.00000
     9     -6.1212  0.00000
    10     -2.5677  0.00000
    11     -1.7160  0.00000
    12      0.5456  0.00000
    13      2.2229  0.00000
    14      7.0415  0.00000
    15     11.4617  0.00000
    16     12.7458  0.00000
    17     13.1867  0.00000

 KPT          133  SPIN            1  KWEIGHT    3.3222591362126247E-003
     1    -17.6133  0.00000
     2    -17.2816  0.00000
     3    -11.1310  0.00000
     4    -10.3833  0.00000
     5     -9.4699  0.00000
     6     -8.5759  0.00000
     7     -7.4928  0.00000
     8     -7.3233  0.00000
     9     -6.1148  0.00000
    10     -2.5787  0.00000
    11     -1.6981  0.00000
    12      0.5363  0.00000
    13      2.2286  0.00000
    14      7.0305  0.00000
    15     11.4484  0.00000
    16     12.7570  0.00000
    17     13.2151  0.00000

 KPT          134  SPIN            1  KWEIGHT    3.3222591362126247E-003
     1    -17.6106  0.00000
     2    -17.2792  0.00000
     3    -11.1205  0.00000
     4    -10.3842  0.00000
     5     -9.4663  0.00000
     6     -8.5800  0.00000
     7     -7.4945  0.00000
     8     -7.3558  0.00000
     9     -6.1087  0.00000
    10     -2.5897  0.00000
    11     -1.6801  0.00000
    12      0.5269  0.00000
    13      2.2343  0.00000
    14      7.0192  0.00000
    15     11.4354  0.00000
    16     12.7683  0.00000
    17     13.2433  0.00000

 KPT          135  SPIN            1  KWEIGHT    3.3222591362126247E-003
     1    -17.6078  0.00000
     2    -17.2767  0.00000
     3    -11.1097  0.00000
     4    -10.3851  0.00000
     5     -9.4626  0.00000
     6     -8.5841  0.00000
     7     -7.4963  0.00000
     8     -7.3887  0.00000
     9     -6.1027  0.00000
    10     -2.6008  0.00000
    11     -1.6619  0.00000
    12      0.5174  0.00000
    13      2.2401  0.00000
    14      7.0076  0.00000
    15     11.4227  0.00000
    16     12.7798  0.00000
    17     13.2715  0.00000

 KPT          136  SPIN            1  KWEIGHT    3.3222591362126247E-003
     1    -17.6049  0.00000
     2    -17.2742  0.00000
     3    -11.0986  0.00000
     4    -10.3861  0.00000
     5     -9.4589  0.00000
     6     -8.5882  0.00000
     7     -7.4982  0.00000
     8     -7.4219  0.00000
     9     -6.0970  0.00000
    10     -2.6119  0.00000
    11     -1.6435  0.00000
    12      0.5078  0.00000
    13      2.2461  0.00000
    14      6.9958  0.00000
    15     11.4103  0.00000
    16     12.7914  0.00000
    17     13.2995  0.00000

 KPT          137  SPIN            1  KWEIGHT    3.3222591362126247E-003
     1    -17.6020  0.00000
     2    -17.2716  0.00000
     3    -11.0871  0.00000
     4    -10.3871  0.00000
     5     -9.4551  0.00000
     6     -8.5922  0.00000
     7     -7.5003  0.00000
     8     -7.4554  0.00000
     9     -6.0914  0.00000
    10     -2.6231  0.00000
    11     -1.6251  0.00000
    12      0.4981  0.00000
    13      2.2521  0.00000
    14      6.9837  0.00000
    15     11.3981  0.00000
    16     12.8031  0.00000
    17     13.3274  0.00000

 KPT          138  SPIN            1  KWEIGHT    3.3222591362126247E-003
     1    -17.5990  0.00000
     2    -17.2690  0.00000
     3    -11.0754  0.00000
     4    -10.3883  0.00000
     5     -9.4513  0.00000
     6     -8.5962  0.00000
     7     -7.5025  0.00000
     8     -7.4892  0.00000
     9     -6.0860  0.00000
    10     -2.6344  0.00000
    11     -1.6065  0.00000
    12      0.4884  0.00000
    13      2.2582  0.00000
    14      6.9713  0.00000
    15     11.3863  0.00000
    16     12.8148  0.00000
    17     13.3551  0.00000

 KPT          139  SPIN            1  KWEIGHT    3.3222591362126247E-003
     1    -17.5960  0.00000
     2    -17.2663  0.00000
     3    -11.0633  0.00000
     4    -10.3895  0.00000
     5     -9.4475  0.00000
     6     -8.6001  0.00000
     7     -7.5232  0.00000
     8     -7.5049  0.00000
     9     -6.0807  0.00000
    10     -2.6457  0.00000
    11     -1.5878  0.00000
    12      0.4786  0.00000
    13      2.2644  0.00000
    14      6.9587  0.00000
    15     11.3747  0.00000
    16     12.8266  0.00000
    17     13.3827  0.00000

 KPT          140  SPIN            1  KWEIGHT    3.3222591362126247E-003
     1    -17.5929  0.00000
     2    -17.2636  0.00000
     3    -11.0510  0.00000
     4    -10.3907  0.00000
     5     -9.4436  0.00000
     6     -8.6040  0.00000
     7     -7.5574  0.00000
     8     -7.5074  0.00000
     9     -6.0756  0.00000
    10     -2.6570  0.00000
    11     -1.5689  0.00000
    12      0.4689  0.00000
    13      2.2707  0.00000
    14      6.9458  0.00000
    15     11.3635  0.00000
    16     12.8385  0.00000
    17     13.4100  0.00000

 KPT          141  SPIN            1  KWEIGHT    3.3222591362126247E-003
     1    -17.5897  0.00000
     2    -17.2608  0.00000
     3    -11.0384  0.00000
     4    -10.3921  0.00000
     5     -9.4397  0.00000
     6     -8.6078  0.00000
     7     -7.5919  0.00000
     8     -7.5100  0.00000
     9     -6.0706  0.00000
    10     -2.6684  0.00000
    11     -1.5500  0.00000
    12      0.4591  0.00000
    13      2.2771  0.00000
    14      6.9327  0.00000
    15     11.3525  0.00000
    16     12.8504  0.00000
    17     13.4371  0.00000

 KPT          142  SPIN            1  KWEIGHT    3.3222591362126247E-003
     1    -17.5866  0.00000
     2    -17.2580  0.00000
     3    -11.0255  0.00000
     4    -10.3935  0.00000
     5     -9.4357  0.00000
     6     -8.6115  0.00000
     7     -7.6267  0.00000
     8     -7.5128  0.00000
     9     -6.0657  0.00000
    10     -2.6798  0.00000
    11     -1.5310  0.00000
    12      0.4493  0.00000
    13      2.2835  0.00000
    14      6.9194  0.00000
    15     11.3418  0.00000
    16     12.8622  0.00000
    17     13.4640  0.00000

 KPT          143  SPIN            1  KWEIGHT    3.3222591362126247E-003
     1    -17.5833  0.00000
     2    -17.2552  0.00000
     3    -11.0122  0.00000
     4    -10.3950  0.00000
     5     -9.4318  0.00000
     6     -8.6151  0.00000
     7     -7.6616  0.00000
     8     -7.5157  0.00000
     9     -6.0609  0.00000
    10     -2.6913  0.00000
    11     -1.5119  0.00000
    12      0.4395  0.00000
    13      2.2900  0.00000
    14      6.9059  0.00000
    15     11.3314  0.00000
    16     12.8741  0.00000
    17     13.4906  0.00000

 KPT          144  SPIN            1  KWEIGHT    3.3222591362126247E-003
     1    -17.5800  0.00000
     2    -17.2523  0.00000
     3    -10.9987  0.00000
     4    -10.3966  0.00000
     5     -9.4278  0.00000
     6     -8.6186  0.00000
     7     -7.6967  0.00000
     8     -7.5188  0.00000
     9     -6.0562  0.00000
    10     -2.7028  0.00000
    11     -1.4928  0.00000
    12      0.4298  0.00000
    13      2.2966  0.00000
    14      6.8922  0.00000
    15     11.3213  0.00000
    16     12.8860  0.00000
    17     13.5169  0.00000

 KPT          145  SPIN            1  KWEIGHT    3.3222591362126247E-003
     1    -17.5767  0.00000
     2    -17.2494  0.00000
     3    -10.9849  0.00000
     4    -10.3982  0.00000
     5     -9.4238  0.00000
     6     -8.6220  0.00000
     7     -7.7320  0.00000
     8     -7.5220  0.00000
     9     -6.0516  0.00000
    10     -2.7143  0.00000
    11     -1.4735  0.00000
    12      0.4201  0.00000
    13      2.3032  0.00000
    14      6.8782  0.00000
    15     11.3115  0.00000
    16     12.8978  0.00000
    17     13.5429  0.00000

 KPT          146  SPIN            1  KWEIGHT    3.3222591362126247E-003
     1    -17.5733  0.00000
     2    -17.2464  0.00000
     3    -10.9709  0.00000
     4    -10.4000  0.00000
     5     -9.4199  0.00000
     6     -8.6253  0.00000
     7     -7.7675  0.00000
     8     -7.5254  0.00000
     9     -6.0471  0.00000
    10     -2.7259  0.00000
    11     -1.4543  0.00000
    12      0.4104  0.00000
    13      2.3098  0.00000
    14      6.8641  0.00000
    15     11.3020  0.00000
    16     12.9096  0.00000
    17     13.5686  0.00000

 KPT          147  SPIN            1  KWEIGHT    3.3222591362126247E-003
     1    -17.5699  0.00000
     2    -17.2435  0.00000
     3    -10.9565  0.00000
     4    -10.4018  0.00000
     5     -9.4159  0.00000
     6     -8.6284  0.00000
     7     -7.8031  0.00000
     8     -7.5289  0.00000
     9     -6.0427  0.00000
    10     -2.7375  0.00000
    11     -1.4350  0.00000
    12      0.4008  0.00000
    13      2.3165  0.00000
    14      6.8498  0.00000
    15     11.2927  0.00000
    16     12.9213  0.00000
    17     13.5940  0.00000

 KPT          148  SPIN            1  KWEIGHT    3.3222591362126247E-003
     1    -17.5665  0.00000
     2    -17.2404  0.00000
     3    -10.9419  0.00000
     4    -10.4037  0.00000
     5     -9.4119  0.00000
     6     -8.6315  0.00000
     7     -7.8389  0.00000
     8     -7.5325  0.00000
     9     -6.0383  0.00000
    10     -2.7491  0.00000
    11     -1.4157  0.00000
    12      0.3913  0.00000
    13      2.3232  0.00000
    14      6.8353  0.00000
    15     11.2838  0.00000
    16     12.9329  0.00000
    17     13.6190  0.00000

 KPT          149  SPIN            1  KWEIGHT    3.3222591362126247E-003
     1    -17.5630  0.00000
     2    -17.2374  0.00000
     3    -10.9270  0.00000
     4    -10.4057  0.00000
     5     -9.4080  0.00000
     6     -8.6344  0.00000
     7     -7.8747  0.00000
     8     -7.5364  0.00000
     9     -6.0339  0.00000
    10     -2.7608  0.00000
    11     -1.3963  0.00000
    12      0.3819  0.00000
    13      2.3300  0.00000
    14      6.8207  0.00000
    15     11.2751  0.00000
    16     12.9444  0.00000
    17     13.6437  0.00000

 KPT          150  SPIN            1  KWEIGHT    3.3222591362126247E-003
     1    -17.5595  0.00000
     2    -17.2343  0.00000
     3    -10.9118  0.00000
     4    -10.4077  0.00000
     5     -9.4041  0.00000
     6     -8.6371  0.00000
     7     -7.9107  0.00000
     8     -7.5403  0.00000
     9     -6.0296  0.00000
    10     -2.7725  0.00000
    11     -1.3770  0.00000
    12      0.3726  0.00000
    13      2.3368  0.00000
    14      6.8060  0.00000
    15     11.2666  0.00000
    16     12.9558  0.00000
    17     13.6680  0.00000

 KPT          151  SPIN            1  KWEIGHT    3.3222591362126247E-003
     1    -17.5560  0.00000
     2    -17.2313  0.00000
     3    -10.8963  0.00000
     4    -10.4099  0.00000
     5     -9.4002  0.00000
     6     -8.6397  0.00000
     7     -7.9468  0.00000
     8     -7.5444  0.00000
     9     -6.0254  0.00000
    10     -2.7842  0.00000
    11     -1.3577  0.00000
    12      0.3633  0.00000
    13      2.3436  0.00000
    14      6.7910  0.00000
    15     11.2585  0.00000
    16     12.9671  0.00000
    17     13.6918  0.00000

 KPT          152  SPIN            1  KWEIGHT    3.3222591362126247E-003
     1    -17.5524  0.00000
     2    -17.2282  0.00000
     3    -10.8806  0.00000
     4    -10.4121  0.00000
     5     -9.3964  0.00000
     6     -8.6422  0.00000
     7     -7.9829  0.00000
     8     -7.5486  0.00000
     9     -6.0211  0.00000
    10     -2.7959  0.00000
    11     -1.3383  0.00000
    12      0.3542  0.00000
    13      2.3504  0.00000
    14      6.7760  0.00000
    15     11.2506  0.00000
    16     12.9783  0.00000
    17     13.7153  0.00000

 KPT          153  SPIN            1  KWEIGHT    3.3222591362126247E-003
     1    -17.5488  0.00000
     2    -17.2251  0.00000
     3    -10.8645  0.00000
     4    -10.4144  0.00000
     5     -9.3926  0.00000
     6     -8.6445  0.00000
     7     -8.0192  0.00000
     8     -7.5530  0.00000
     9     -6.0169  0.00000
    10     -2.8076  0.00000
    11     -1.3191  0.00000
    12      0.3452  0.00000
    13      2.3572  0.00000
    14      6.7609  0.00000
    15     11.2429  0.00000
    16     12.9893  0.00000
    17     13.7383  0.00000

 KPT          154  SPIN            1  KWEIGHT    3.3222591362126247E-003
     1    -17.5452  0.00000
     2    -17.2219  0.00000
     3    -10.8483  0.00000
     4    -10.4168  0.00000
     5     -9.3889  0.00000
     6     -8.6467  0.00000
     7     -8.0554  0.00000
     8     -7.5575  0.00000
     9     -6.0127  0.00000
    10     -2.8193  0.00000
    11     -1.2999  0.00000
    12      0.3364  0.00000
    13      2.3640  0.00000
    14      6.7456  0.00000
    15     11.2355  0.00000
    16     13.0001  0.00000
    17     13.7610  0.00000

 KPT          155  SPIN            1  KWEIGHT    3.3222591362126247E-003
     1    -17.5416  0.00000
     2    -17.2188  0.00000
     3    -10.8317  0.00000
     4    -10.4193  0.00000
     5     -9.3852  0.00000
     6     -8.6487  0.00000
     7     -8.0917  0.00000
     8     -7.5622  0.00000
     9     -6.0084  0.00000
    10     -2.8310  0.00000
    11     -1.2807  0.00000
    12      0.3276  0.00000
    13      2.3708  0.00000
    14      6.7303  0.00000
    15     11.2284  0.00000
    16     13.0108  0.00000
    17     13.7831  0.00000

 KPT          156  SPIN            1  KWEIGHT    3.3222591362126247E-003
     1    -17.5380  0.00000
     2    -17.2156  0.00000
     3    -10.8149  0.00000
     4    -10.4218  0.00000
     5     -9.3816  0.00000
     6     -8.6505  0.00000
     7     -8.1279  0.00000
     8     -7.5670  0.00000
     9     -6.0042  0.00000
    10     -2.8427  0.00000
    11     -1.2616  0.00000
    12      0.3191  0.00000
    13      2.3776  0.00000
    14      6.7149  0.00000
    15     11.2215  0.00000
    16     13.0213  0.00000
    17     13.8048  0.00000

 KPT          157  SPIN            1  KWEIGHT    3.3222591362126247E-003
     1    -17.5343  0.00000
     2    -17.2125  0.00000
     3    -10.7979  0.00000
     4    -10.4245  0.00000
     5     -9.3781  0.00000
     6     -8.6522  0.00000
     7     -8.1642  0.00000
     8     -7.5718  0.00000
     9     -6.0000  0.00000
    10     -2.8543  0.00000
    11     -1.2426  0.00000
    12      0.3107  0.00000
    13      2.3844  0.00000
    14      6.6995  0.00000
    15     11.2148  0.00000
    16     13.0316  0.00000
    17     13.8261  0.00000

 KPT          158  SPIN            1  KWEIGHT    3.3222591362126247E-003
     1    -17.5307  0.00000
     2    -17.2093  0.00000
     3    -10.7806  0.00000
     4    -10.4272  0.00000
     5     -9.3747  0.00000
     6     -8.6537  0.00000
     7     -8.2004  0.00000
     8     -7.5769  0.00000
     9     -5.9958  0.00000
    10     -2.8660  0.00000
    11     -1.2237  0.00000
    12      0.3024  0.00000
    13      2.3912  0.00000
    14      6.6840  0.00000
    15     11.2084  0.00000
    16     13.0417  0.00000
    17     13.8469  0.00000

 KPT          159  SPIN            1  KWEIGHT    3.3222591362126247E-003
     1    -17.5270  0.00000
     2    -17.2062  0.00000
     3    -10.7630  0.00000
     4    -10.4299  0.00000
     5     -9.3715  0.00000
     6     -8.6550  0.00000
     7     -8.2365  0.00000
     8     -7.5820  0.00000
     9     -5.9916  0.00000
    10     -2.8776  0.00000
    11     -1.2049  0.00000
    12      0.2943  0.00000
    13      2.3979  0.00000
    14      6.6685  0.00000
    15     11.2022  0.00000
    16     13.0516  0.00000
    17     13.8671  0.00000

 KPT          160  SPIN            1  KWEIGHT    3.3222591362126247E-003
     1    -17.5234  0.00000
     2    -17.2031  0.00000
     3    -10.7452  0.00000
     4    -10.4328  0.00000
     5     -9.3683  0.00000
     6     -8.6562  0.00000
     7     -8.2726  0.00000
     8     -7.5872  0.00000
     9     -5.9873  0.00000
    10     -2.8892  0.00000
    11     -1.1863  0.00000
    12      0.2864  0.00000
    13      2.4046  0.00000
    14      6.6529  0.00000
    15     11.1963  0.00000
    16     13.0613  0.00000
    17     13.8869  0.00000

 KPT          161  SPIN            1  KWEIGHT    3.3222591362126247E-003
     1    -17.5197  0.00000
     2    -17.1999  0.00000
     3    -10.7272  0.00000
     4    -10.4357  0.00000
     5     -9.3653  0.00000
     6     -8.6572  0.00000
     7     -8.3085  0.00000
     8     -7.5926  0.00000
     9     -5.9831  0.00000
    10     -2.9007  0.00000
    11     -1.1678  0.00000
    12      0.2787  0.00000
    13      2.4113  0.00000
    14      6.6374  0.00000
    15     11.1905  0.00000
    16     13.0707  0.00000
    17     13.9062  0.00000

 KPT          162  SPIN            1  KWEIGHT    3.3222591362126247E-003
     1    -17.5161  0.00000
     2    -17.1968  0.00000
     3    -10.7089  0.00000
     4    -10.4386  0.00000
     5     -9.3624  0.00000
     6     -8.6580  0.00000
     7     -8.3443  0.00000
     8     -7.5980  0.00000
     9     -5.9788  0.00000
    10     -2.9121  0.00000
    11     -1.1494  0.00000
    12      0.2712  0.00000
    13      2.4179  0.00000
    14      6.6219  0.00000
    15     11.1850  0.00000
    16     13.0799  0.00000
    17     13.9250  0.00000

 KPT          163  SPIN            1  KWEIGHT    3.3222591362126247E-003
     1    -17.5124  0.00000
     2    -17.1937  0.00000
     3    -10.6904  0.00000
     4    -10.4416  0.00000
     5     -9.3597  0.00000
     6     -8.6586  0.00000
     7     -8.3800  0.00000
     8     -7.6036  0.00000
     9     -5.9745  0.00000
    10     -2.9235  0.00000
    11     -1.1312  0.00000
    12      0.2639  0.00000
    13      2.4245  0.00000
    14      6.6064  0.00000
    15     11.1797  0.00000
    16     13.0888  0.00000
    17     13.9433  0.00000

 KPT          164  SPIN            1  KWEIGHT    3.3222591362126247E-003
     1    -17.5088  0.00000
     2    -17.1906  0.00000
     3    -10.6716  0.00000
     4    -10.4447  0.00000
     5     -9.3572  0.00000
     6     -8.6591  0.00000
     7     -8.4154  0.00000
     8     -7.6092  0.00000
     9     -5.9701  0.00000
    10     -2.9348  0.00000
    11     -1.1132  0.00000
    12      0.2567  0.00000
    13      2.4310  0.00000
    14      6.5909  0.00000
    15     11.1746  0.00000
    16     13.0975  0.00000
    17     13.9610  0.00000

 KPT          165  SPIN            1  KWEIGHT    3.3222591362126247E-003
     1    -17.5052  0.00000
     2    -17.1875  0.00000
     3    -10.6526  0.00000
     4    -10.4478  0.00000
     5     -9.3549  0.00000
     6     -8.6595  0.00000
     7     -8.4507  0.00000
     8     -7.6149  0.00000
     9     -5.9658  0.00000
    10     -2.9461  0.00000
    11     -1.0954  0.00000
    12      0.2498  0.00000
    13      2.4374  0.00000
    14      6.5756  0.00000
    15     11.1697  0.00000
    16     13.1060  0.00000
    17     13.9783  0.00000

 KPT          166  SPIN            1  KWEIGHT    3.3222591362126247E-003
     1    -17.5016  0.00000
     2    -17.1844  0.00000
     3    -10.6334  0.00000
     4    -10.4510  0.00000
     5     -9.3529  0.00000
     6     -8.6597  0.00000
     7     -8.4856  0.00000
     8     -7.6206  0.00000
     9     -5.9614  0.00000
    10     -2.9572  0.00000
    11     -1.0779  0.00000
    12      0.2431  0.00000
    13      2.4438  0.00000
    14      6.5603  0.00000
    15     11.1650  0.00000
    16     13.1142  0.00000
    17     13.9950  0.00000

 KPT          167  SPIN            1  KWEIGHT    3.3222591362126247E-003
     1    -17.4981  0.00000
     2    -17.1814  0.00000
     3    -10.6140  0.00000
     4    -10.4542  0.00000
     5     -9.3511  0.00000
     6     -8.6597  0.00000
     7     -8.5203  0.00000
     8     -7.6264  0.00000
     9     -5.9571  0.00000
    10     -2.9682  0.00000
    11     -1.0605  0.00000
    12      0.2365  0.00000
    13      2.4501  0.00000
    14      6.5451  0.00000
    15     11.1604  0.00000
    16     13.1221  0.00000
    17     14.0111  0.00000

 KPT          168  SPIN            1  KWEIGHT    3.3222591362126247E-003
     1    -17.4946  0.00000
     2    -17.1784  0.00000
     3    -10.5944  0.00000
     4    -10.4574  0.00000
     5     -9.3496  0.00000
     6     -8.6595  0.00000
     7     -8.5546  0.00000
     8     -7.6323  0.00000
     9     -5.9527  0.00000
    10     -2.9791  0.00000
    11     -1.0434  0.00000
    12      0.2302  0.00000
    13      2.4563  0.00000
    14      6.5300  0.00000
    15     11.1561  0.00000
    16     13.1297  0.00000
    17     14.0267  0.00000

 KPT          169  SPIN            1  KWEIGHT    3.3222591362126247E-003
     1    -17.4911  0.00000
     2    -17.1754  0.00000
     3    -10.5745  0.00000
     4    -10.4607  0.00000
     5     -9.3485  0.00000
     6     -8.6593  0.00000
     7     -8.5885  0.00000
     8     -7.6382  0.00000
     9     -5.9483  0.00000
    10     -2.9899  0.00000
    11     -1.0266  0.00000
    12      0.2241  0.00000
    13      2.4624  0.00000
    14      6.5150  0.00000
    15     11.1520  0.00000
    16     13.1371  0.00000
    17     14.0418  0.00000

 KPT          170  SPIN            1  KWEIGHT    3.3222591362126247E-003
     1    -17.4876  0.00000
     2    -17.1725  0.00000
     3    -10.5544  0.00000
     4    -10.4640  0.00000
     5     -9.3477  0.00000
     6     -8.6588  0.00000
     7     -8.6220  0.00000
     8     -7.6441  0.00000
     9     -5.9439  0.00000
    10     -3.0006  0.00000
    11     -1.0101  0.00000
    12      0.2183  0.00000
    13      2.4684  0.00000
    14      6.5002  0.00000
    15     11.1480  0.00000
    16     13.1441  0.00000
    17     14.0564  0.00000

 KPT          171  SPIN            1  KWEIGHT    3.3222591362126247E-003
     1    -17.4842  0.00000
     2    -17.1696  0.00000
     3    -10.5342  0.00000
     4    -10.4673  0.00000
     5     -9.3473  0.00000
     6     -8.6583  0.00000
     7     -8.6550  0.00000
     8     -7.6501  0.00000
     9     -5.9394  0.00000
    10     -3.0111  0.00000
    11     -0.9938  0.00000
    12      0.2126  0.00000
    13      2.4743  0.00000
    14      6.4856  0.00000
    15     11.1442  0.00000
    16     13.1509  0.00000
    17     14.0704  0.00000

 KPT          172  SPIN            1  KWEIGHT    3.3222591362126247E-003
     1    -17.4809  0.00000
     2    -17.1668  0.00000
     3    -10.5137  0.00000
     4    -10.4706  0.00000
     5     -9.3475  0.00000
     6     -8.6873  0.00000
     7     -8.6576  0.00000
     8     -7.6560  0.00000
     9     -5.9350  0.00000
    10     -3.0214  0.00000
    11     -0.9779  0.00000
    12      0.2072  0.00000
    13      2.4802  0.00000
    14      6.4712  0.00000
    15     11.1406  0.00000
    16     13.1574  0.00000
    17     14.0838  0.00000

 KPT          173  SPIN            1  KWEIGHT    3.3222591362126247E-003
     1    -17.4775  0.00000
     2    -17.1640  0.00000
     3    -10.4930  0.00000
     4    -10.4739  0.00000
     5     -9.3481  0.00000
     6     -8.7191  0.00000
     7     -8.6568  0.00000
     8     -7.6620  0.00000
     9     -5.9306  0.00000
    10     -3.0316  0.00000
    11     -0.9623  0.00000
    12      0.2020  0.00000
    13      2.4859  0.00000
    14      6.4570  0.00000
    15     11.1371  0.00000
    16     13.1637  0.00000
    17     14.0967  0.00000

 KPT          174  SPIN            1  KWEIGHT    3.3222591362126247E-003
     1    -17.4743  0.00000
     2    -17.1612  0.00000
     3    -10.4772  0.00000
     4    -10.4722  0.00000
     5     -9.3494  0.00000
     6     -8.7501  0.00000
     7     -8.6558  0.00000
     8     -7.6679  0.00000
     9     -5.9262  0.00000
    10     -3.0416  0.00000
    11     -0.9470  0.00000
    12      0.1970  0.00000
    13      2.4914  0.00000
    14      6.4430  0.00000
    15     11.1338  0.00000
    16     13.1696  0.00000
    17     14.1091  0.00000

 KPT          175  SPIN            1  KWEIGHT    3.3222591362126247E-003
     1    -17.4711  0.00000
     2    -17.1585  0.00000
     3    -10.4805  0.00000
     4    -10.4512  0.00000
     5     -9.3514  0.00000
     6     -8.7803  0.00000
     7     -8.6548  0.00000
     8     -7.6738  0.00000
     9     -5.9218  0.00000
    10     -3.0514  0.00000
    11     -0.9321  0.00000
    12      0.1922  0.00000
    13      2.4969  0.00000
    14      6.4292  0.00000
    15     11.1307  0.00000
    16     13.1753  0.00000
    17     14.1209  0.00000

 KPT          176  SPIN            1  KWEIGHT    3.3222591362126247E-003
     1    -17.4679  0.00000
     2    -17.1559  0.00000
     3    -10.4837  0.00000
     4    -10.4300  0.00000
     5     -9.3541  0.00000
     6     -8.8095  0.00000
     7     -8.6537  0.00000
     8     -7.6797  0.00000
     9     -5.9175  0.00000
    10     -3.0609  0.00000
    11     -0.9176  0.00000
    12      0.1877  0.00000
    13      2.5022  0.00000
    14      6.4157  0.00000
    15     11.1277  0.00000
    16     13.1806  0.00000
    17     14.1322  0.00000

 KPT          177  SPIN            1  KWEIGHT    3.3222591362126247E-003
     1    -17.4648  0.00000
     2    -17.1533  0.00000
     3    -10.4870  0.00000
     4    -10.4086  0.00000
     5     -9.3577  0.00000
     6     -8.8377  0.00000
     7     -8.6524  0.00000
     8     -7.6855  0.00000
     9     -5.9132  0.00000
    10     -3.0703  0.00000
    11     -0.9035  0.00000
    12      0.1834  0.00000
    13      2.5074  0.00000
    14      6.4025  0.00000
    15     11.1248  0.00000
    16     13.1857  0.00000
    17     14.1430  0.00000

 KPT          178  SPIN            1  KWEIGHT    3.3222591362126247E-003
     1    -17.4618  0.00000
     2    -17.1508  0.00000
     3    -10.4902  0.00000
     4    -10.3871  0.00000
     5     -9.3623  0.00000
     6     -8.8647  0.00000
     7     -8.6511  0.00000
     8     -7.6913  0.00000
     9     -5.9089  0.00000
    10     -3.0794  0.00000
    11     -0.8898  0.00000
    12      0.1793  0.00000
    13      2.5125  0.00000
    14      6.3897  0.00000
    15     11.1221  0.00000
    16     13.1905  0.00000
    17     14.1532  0.00000

 KPT          179  SPIN            1  KWEIGHT    3.3222591362126247E-003
     1    -17.4589  0.00000
     2    -17.1483  0.00000
     3    -10.4934  0.00000
     4    -10.3655  0.00000
     5     -9.3680  0.00000
     6     -8.8904  0.00000
     7     -8.6497  0.00000
     8     -7.6970  0.00000
     9     -5.9047  0.00000
    10     -3.0883  0.00000
    11     -0.8765  0.00000
    12      0.1754  0.00000
    13      2.5174  0.00000
    14      6.3771  0.00000
    15     11.1196  0.00000
    16     13.1950  0.00000
    17     14.1629  0.00000

 KPT          180  SPIN            1  KWEIGHT    3.3222591362126247E-003
     1    -17.4561  0.00000
     2    -17.1459  0.00000
     3    -10.4965  0.00000
     4    -10.3437  0.00000
     5     -9.3749  0.00000
     6     -8.9147  0.00000
     7     -8.6483  0.00000
     8     -7.7026  0.00000
     9     -5.9006  0.00000
    10     -3.0969  0.00000
    11     -0.8636  0.00000
    12      0.1717  0.00000
    13      2.5221  0.00000
    14      6.3649  0.00000
    15     11.1172  0.00000
    16     13.1993  0.00000
    17     14.1721  0.00000

 KPT          181  SPIN            1  KWEIGHT    3.3222591362126247E-003
     1    -17.4533  0.00000
     2    -17.1436  0.00000
     3    -10.4996  0.00000
     4    -10.3218  0.00000
     5     -9.3832  0.00000
     6     -8.9374  0.00000
     7     -8.6468  0.00000
     8     -7.7081  0.00000
     9     -5.8965  0.00000
    10     -3.1052  0.00000
    11     -0.8512  0.00000
    12      0.1683  0.00000
    13      2.5267  0.00000
    14      6.3531  0.00000
    15     11.1149  0.00000
    16     13.2033  0.00000
    17     14.1808  0.00000

 KPT          182  SPIN            1  KWEIGHT    3.3222591362126247E-003
     1    -17.4506  0.00000
     2    -17.1414  0.00000
     3    -10.5026  0.00000
     4    -10.2998  0.00000
     5     -9.3928  0.00000
     6     -8.9585  0.00000
     7     -8.6452  0.00000
     8     -7.7134  0.00000
     9     -5.8925  0.00000
    10     -3.1133  0.00000
    11     -0.8393  0.00000
    12      0.1650  0.00000
    13      2.5311  0.00000
    14      6.3416  0.00000
    15     11.1127  0.00000
    16     13.2070  0.00000
    17     14.1889  0.00000

 KPT          183  SPIN            1  KWEIGHT    3.3222591362126247E-003
     1    -17.4480  0.00000
     2    -17.1393  0.00000
     3    -10.5055  0.00000
     4    -10.2777  0.00000
     5     -9.4039  0.00000
     6     -8.9778  0.00000
     7     -8.6437  0.00000
     8     -7.7186  0.00000
     9     -5.8886  0.00000
    10     -3.1210  0.00000
    11     -0.8279  0.00000
    12      0.1620  0.00000
    13      2.5354  0.00000
    14      6.3306  0.00000
    15     11.1107  0.00000
    16     13.2104  0.00000
    17     14.1966  0.00000

 KPT          184  SPIN            1  KWEIGHT    3.3222591362126247E-003
     1    -17.4455  0.00000
     2    -17.1372  0.00000
     3    -10.5083  0.00000
     4    -10.2555  0.00000
     5     -9.4165  0.00000
     6     -8.9953  0.00000
     7     -8.6421  0.00000
     8     -7.7237  0.00000
     9     -5.8848  0.00000
    10     -3.1284  0.00000
    11     -0.8169  0.00000
    12      0.1592  0.00000
    13      2.5394  0.00000
    14      6.3200  0.00000
    15     11.1088  0.00000
    16     13.2136  0.00000
    17     14.2037  0.00000

 KPT          185  SPIN            1  KWEIGHT    3.3222591362126247E-003
     1    -17.4432  0.00000
     2    -17.1352  0.00000
     3    -10.5111  0.00000
     4    -10.2333  0.00000
     5     -9.4305  0.00000
     6     -9.0110  0.00000
     7     -8.6405  0.00000
     8     -7.7286  0.00000
     9     -5.8812  0.00000
    10     -3.1355  0.00000
    11     -0.8065  0.00000
    12      0.1566  0.00000
    13      2.5433  0.00000
    14      6.3098  0.00000
    15     11.1070  0.00000
    16     13.2165  0.00000
    17     14.2103  0.00000

 KPT          186  SPIN            1  KWEIGHT    3.3222591362126247E-003
     1    -17.4409  0.00000
     2    -17.1334  0.00000
     3    -10.5138  0.00000
     4    -10.2110  0.00000
     5     -9.4460  0.00000
     6     -9.0249  0.00000
     7     -8.6389  0.00000
     8     -7.7333  0.00000
     9     -5.8777  0.00000
    10     -3.1423  0.00000
    11     -0.7967  0.00000
    12      0.1541  0.00000
    13      2.5470  0.00000
    14      6.3001  0.00000
    15     11.1054  0.00000
    16     13.2192  0.00000
    17     14.2165  0.00000

 KPT          187  SPIN            1  KWEIGHT    3.3222591362126247E-003
     1    -17.4387  0.00000
     2    -17.1316  0.00000
     3    -10.5163  0.00000
     4    -10.1888  0.00000
     5     -9.4628  0.00000
     6     -9.0370  0.00000
     7     -8.6373  0.00000
     8     -7.7378  0.00000
     9     -5.8743  0.00000
    10     -3.1487  0.00000
    11     -0.7873  0.00000
    12      0.1519  0.00000
    13      2.5505  0.00000
    14      6.2909  0.00000
    15     11.1038  0.00000
    16     13.2216  0.00000
    17     14.2222  0.00000

 KPT          188  SPIN            1  KWEIGHT    3.3222591362126247E-003
     1    -17.4367  0.00000
     2    -17.1299  0.00000
     3    -10.5187  0.00000
     4    -10.1666  0.00000
     5     -9.4808  0.00000
     6     -9.0476  0.00000
     7     -8.6358  0.00000
     8     -7.7421  0.00000
     9     -5.8710  0.00000
    10     -3.1547  0.00000
    11     -0.7786  0.00000
    12      0.1499  0.00000
    13      2.5538  0.00000
    14      6.2822  0.00000
    15     11.1024  0.00000
    16     13.2238  0.00000
    17     14.2274  0.00000

 KPT          189  SPIN            1  KWEIGHT    3.3222591362126247E-003
     1    -17.4347  0.00000
     2    -17.1283  0.00000
     3    -10.5210  0.00000
     4    -10.1444  0.00000
     5     -9.4997  0.00000
     6     -9.0566  0.00000
     7     -8.6343  0.00000
     8     -7.7462  0.00000
     9     -5.8680  0.00000
    10     -3.1604  0.00000
    11     -0.7704  0.00000
    12      0.1480  0.00000
    13      2.5569  0.00000
    14      6.2741  0.00000
    15     11.1011  0.00000
    16     13.2258  0.00000
    17     14.2322  0.00000

 KPT          190  SPIN            1  KWEIGHT    3.3222591362126247E-003
     1    -17.4330  0.00000
     2    -17.1269  0.00000
     3    -10.5232  0.00000
     4    -10.1225  0.00000
     5     -9.5195  0.00000
     6     -9.0643  0.00000
     7     -8.6329  0.00000
     8     -7.7500  0.00000
     9     -5.8651  0.00000
    10     -3.1656  0.00000
    11     -0.7628  0.00000
    12      0.1464  0.00000
    13      2.5597  0.00000
    14      6.2665  0.00000
    15     11.0999  0.00000
    16     13.2275  0.00000
    17     14.2365  0.00000

 KPT          191  SPIN            1  KWEIGHT    3.3222591362126247E-003
     1    -17.4313  0.00000
     2    -17.1255  0.00000
     3    -10.5252  0.00000
     4    -10.1007  0.00000
     5     -9.5397  0.00000
     6     -9.0707  0.00000
     7     -8.6315  0.00000
     8     -7.7536  0.00000
     9     -5.8624  0.00000
    10     -3.1705  0.00000
    11     -0.7558  0.00000
    12      0.1449  0.00000
    13      2.5624  0.00000
    14      6.2595  0.00000
    15     11.0988  0.00000
    16     13.2291  0.00000
    17     14.2404  0.00000

 KPT          192  SPIN            1  KWEIGHT    3.3222591362126247E-003
     1    -17.4298  0.00000
     2    -17.1243  0.00000
     3    -10.5271  0.00000
     4    -10.0793  0.00000
     5     -9.5603  0.00000
     6     -9.0761  0.00000
     7     -8.6302  0.00000
     8     -7.7568  0.00000
     9     -5.8599  0.00000
    10     -3.1749  0.00000
    11     -0.7495  0.00000
    12      0.1435  0.00000
    13      2.5648  0.00000
    14      6.2530  0.00000
    15     11.0978  0.00000
    16     13.2304  0.00000
    17     14.2439  0.00000

 KPT          193  SPIN            1  KWEIGHT    3.3222591362126247E-003
     1    -17.4284  0.00000
     2    -17.1231  0.00000
     3    -10.5288  0.00000
     4    -10.0584  0.00000
     5     -9.5810  0.00000
     6     -9.0805  0.00000
     7     -8.6290  0.00000
     8     -7.7598  0.00000
     9     -5.8576  0.00000
    10     -3.1789  0.00000
    11     -0.7437  0.00000
    12      0.1424  0.00000
    13      2.5670  0.00000
    14      6.2472  0.00000
    15     11.0969  0.00000
    16     13.2316  0.00000
    17     14.2469  0.00000

 KPT          194  SPIN            1  KWEIGHT    3.3222591362126247E-003
     1    -17.4271  0.00000
     2    -17.1221  0.00000
     3    -10.5304  0.00000
     4    -10.0381  0.00000
     5     -9.6013  0.00000
     6     -9.0841  0.00000
     7     -8.6279  0.00000
     8     -7.7625  0.00000
     9     -5.8556  0.00000
    10     -3.1824  0.00000
    11     -0.7386  0.00000
    12      0.1414  0.00000
    13      2.5689  0.00000
    14      6.2420  0.00000
    15     11.0961  0.00000
    16     13.2326  0.00000
    17     14.2495  0.00000

 KPT          195  SPIN            1  KWEIGHT    3.3222591362126247E-003
     1    -17.4260  0.00000
     2    -17.1212  0.00000
     3    -10.5317  0.00000
     4    -10.0187  0.00000
     5     -9.6210  0.00000
     6     -9.0870  0.00000
     7     -8.6270  0.00000
     8     -7.7649  0.00000
     9     -5.8538  0.00000
    10     -3.1856  0.00000
    11     -0.7342  0.00000
    12      0.1405  0.00000
    13      2.5706  0.00000
    14      6.2374  0.00000
    15     11.0954  0.00000
    16     13.2334  0.00000
    17     14.2518  0.00000

 KPT          196  SPIN            1  KWEIGHT    3.3222591362126247E-003
     1    -17.4251  0.00000
     2    -17.1205  0.00000
     3    -10.5329  0.00000
     4    -10.0005  0.00000
     5     -9.6396  0.00000
     6     -9.0892  0.00000
     7     -8.6261  0.00000
     8     -7.7669  0.00000
     9     -5.8522  0.00000
    10     -3.1882  0.00000
    11     -0.7304  0.00000
    12      0.1398  0.00000
    13      2.5721  0.00000
    14      6.2335  0.00000
    15     11.0949  0.00000
    16     13.2341  0.00000
    17     14.2537  0.00000

 KPT          197  SPIN            1  KWEIGHT    3.3222591362126247E-003
     1    -17.4243  0.00000
     2    -17.1199  0.00000
     3    -10.5339  0.00000
     4     -9.9841  0.00000
     5     -9.6565  0.00000
     6     -9.0909  0.00000
     7     -8.6254  0.00000
     8     -7.7686  0.00000
     9     -5.8509  0.00000
    10     -3.1904  0.00000
    11     -0.7273  0.00000
    12      0.1393  0.00000
    13      2.5733  0.00000
    14      6.2303  0.00000
    15     11.0944  0.00000
    16     13.2346  0.00000
    17     14.2551  0.00000

 KPT          198  SPIN            1  KWEIGHT    3.3222591362126247E-003
     1    -17.4237  0.00000
     2    -17.1194  0.00000
     3    -10.5347  0.00000
     4     -9.9700  0.00000
     5     -9.6711  0.00000
     6     -9.0922  0.00000
     7     -8.6249  0.00000
     8     -7.7699  0.00000
     9     -5.8499  0.00000
    10     -3.1921  0.00000
    11     -0.7249  0.00000
    12      0.1389  0.00000
    13      2.5743  0.00000
    14      6.2278  0.00000
    15     11.0940  0.00000
    16     13.2350  0.00000
    17     14.2563  0.00000

 KPT          199  SPIN            1  KWEIGHT    3.3222591362126247E-003
     1    -17.4233  0.00000
     2    -17.1190  0.00000
     3    -10.5352  0.00000
     4     -9.9590  0.00000
     5     -9.6825  0.00000
     6     -9.0930  0.00000
     7     -8.6244  0.00000
     8     -7.7709  0.00000
     9     -5.8492  0.00000
    10     -3.1933  0.00000
    11     -0.7231  0.00000
    12      0.1386  0.00000
    13      2.5749  0.00000
    14      6.2260  0.00000
    15     11.0938  0.00000
    16     13.2352  0.00000
    17     14.2571  0.00000

 KPT          200  SPIN            1  KWEIGHT    3.3222591362126247E-003
     1    -17.4230  0.00000
     2    -17.1188  0.00000
     3    -10.5356  0.00000
     4     -9.9520  0.00000
     5     -9.6898  0.00000
     6     -9.0935  0.00000
     7     -8.6242  0.00000
     8     -7.7715  0.00000
     9     -5.8487  0.00000
    10     -3.1941  0.00000
    11     -0.7221  0.00000
    12      0.1384  0.00000
    13      2.5754  0.00000
    14      6.2248  0.00000
    15     11.0936  0.00000
    16     13.2354  0.00000
    17     14.2576  0.00000

 KPT          201  SPIN            1  KWEIGHT    3.3222591362126247E-003
     1    -17.4229  0.00000
     2    -17.1187  0.00000
     3    -10.5357  0.00000
     4     -9.9496  0.00000
     5     -9.6924  0.00000
     6     -9.0936  0.00000
     7     -8.6241  0.00000
     8     -7.7717  0.00000
     9     -5.8486  0.00000
    10     -3.1943  0.00000
    11     -0.7217  0.00000
    12      0.1383  0.00000
    13      2.5755  0.00000
    14      6.2245  0.00000
    15     11.0936  0.00000
    16     13.2354  0.00000
    17     14.2577  0.00000

 KPT          202  SPIN            1  KWEIGHT    3.3222591362126247E-003
     1    -17.4233  0.00000
     2    -17.1190  0.00000
     3    -10.5352  0.00000
     4     -9.9589  0.00000
     5     -9.6825  0.00000
     6     -9.0931  0.00000
     7     -8.6245  0.00000
     8     -7.7709  0.00000
     9     -5.8492  0.00000
    10     -3.1933  0.00000
    11     -0.7231  0.00000
    12      0.1386  0.00000
    13      2.5749  0.00000
    14      6.2260  0.00000
    15     11.0938  0.00000
    16     13.2352  0.00000
    17     14.2571  0.00000

 KPT          203  SPIN            1  KWEIGHT    3.3222591362126247E-003
     1    -17.4244  0.00000
     2    -17.1199  0.00000
     3    -10.5337  0.00000
     4     -9.9833  0.00000
     5     -9.6564  0.00000
     6     -9.0917  0.00000
     7     -8.6255  0.00000
     8     -7.7685  0.00000
     9     -5.8511  0.00000
    10     -3.1903  0.00000
    11     -0.7274  0.00000
    12      0.1391  0.00000
    13      2.5732  0.00000
    14      6.2306  0.00000
    15     11.0944  0.00000
    16     13.2349  0.00000
    17     14.2554  0.00000

 KPT          204  SPIN            1  KWEIGHT    3.3222591362126247E-003
     1    -17.4264  0.00000
     2    -17.1215  0.00000
     3    -10.5311  0.00000
     4    -10.0164  0.00000
     5     -9.6204  0.00000
     6     -9.0895  0.00000
     7     -8.6273  0.00000
     8     -7.7644  0.00000
     9     -5.8543  0.00000
    10     -3.1853  0.00000
    11     -0.7345  0.00000
    12      0.1400  0.00000
    13      2.5703  0.00000
    14      6.2383  0.00000
    15     11.0955  0.00000
    16     13.2343  0.00000
    17     14.2528  0.00000

 KPT          205  SPIN            1  KWEIGHT    3.3222591362126247E-003
     1    -17.4291  0.00000
     2    -17.1236  0.00000
     3    -10.5274  0.00000
     4    -10.0537  0.00000
     5     -9.5787  0.00000
     6     -9.0867  0.00000
     7     -8.6298  0.00000
     8     -7.7587  0.00000
     9     -5.8588  0.00000
    10     -3.1783  0.00000
    11     -0.7445  0.00000
    12      0.1412  0.00000
    13      2.5661  0.00000
    14      6.2493  0.00000
    15     11.0971  0.00000
    16     13.2338  0.00000
    17     14.2492  0.00000

 KPT          206  SPIN            1  KWEIGHT    3.3222591362126247E-003
     1    -17.4328  0.00000
     2    -17.1265  0.00000
     3    -10.5225  0.00000
     4    -10.0924  0.00000
     5     -9.5339  0.00000
     6     -9.0833  0.00000
     7     -8.6330  0.00000
     8     -7.7513  0.00000
     9     -5.8647  0.00000
    10     -3.1693  0.00000
    11     -0.7574  0.00000
    12      0.1425  0.00000
    13      2.5607  0.00000
    14      6.2635  0.00000
    15     11.0992  0.00000
    16     13.2334  0.00000
    17     14.2449  0.00000

 KPT          207  SPIN            1  KWEIGHT    3.3222591362126247E-003
     1    -17.4373  0.00000
     2    -17.1300  0.00000
     3    -10.5164  0.00000
     4    -10.1314  0.00000
     5     -9.4876  0.00000
     6     -9.0792  0.00000
     7     -8.6369  0.00000
     8     -7.7423  0.00000
     9     -5.8719  0.00000
    10     -3.1584  0.00000
    11     -0.7731  0.00000
    12      0.1440  0.00000
    13      2.5539  0.00000
    14      6.2811  0.00000
    15     11.1019  0.00000
    16     13.2331  0.00000
    17     14.2400  0.00000

 KPT          208  SPIN            1  KWEIGHT    3.3222591362126247E-003
     1    -17.4427  0.00000
     2    -17.1342  0.00000
     3    -10.5090  0.00000
     4    -10.1697  0.00000
     5     -9.4405  0.00000
     6     -9.0744  0.00000
     7     -8.6413  0.00000
     8     -7.7317  0.00000
     9     -5.8803  0.00000
    10     -3.1457  0.00000
    11     -0.7915  0.00000
    12      0.1456  0.00000
    13      2.5458  0.00000
    14      6.3019  0.00000
    15     11.1051  0.00000
    16     13.2332  0.00000
    17     14.2345  0.00000

 KPT          209  SPIN            1  KWEIGHT    3.3222591362126247E-003
     1    -17.4491  0.00000
     2    -17.1391  0.00000
     3    -10.5002  0.00000
     4    -10.2068  0.00000
     5     -9.3933  0.00000
     6     -9.0686  0.00000
     7     -8.6462  0.00000
     8     -7.7196  0.00000
     9     -5.8901  0.00000
    10     -3.1312  0.00000
    11     -0.8127  0.00000
    12      0.1472  0.00000
    13      2.5363  0.00000
    14      6.3261  0.00000
    15     11.1090  0.00000
    16     13.2338  0.00000
    17     14.2286  0.00000

 KPT          210  SPIN            1  KWEIGHT    3.3222591362126247E-003
     1    -17.4565  0.00000
     2    -17.1448  0.00000
     3    -10.4900  0.00000
     4    -10.2425  0.00000
     5     -9.3469  0.00000
     6     -9.0614  0.00000
     7     -8.6516  0.00000
     8     -7.7061  0.00000
     9     -5.9010  0.00000
    10     -3.1150  0.00000
    11     -0.8365  0.00000
    12      0.1487  0.00000
    13      2.5254  0.00000
    14      6.3535  0.00000
    15     11.1136  0.00000
    16     13.2348  0.00000
    17     14.2224  0.00000

 KPT          211  SPIN            1  KWEIGHT    3.3222591362126247E-003
     1    -17.4649  0.00000
     2    -17.1512  0.00000
     3    -10.4784  0.00000
     4    -10.2764  0.00000
     5     -9.3021  0.00000
     6     -9.0523  0.00000
     7     -8.6574  0.00000
     8     -7.6912  0.00000
     9     -5.9131  0.00000
    10     -3.0973  0.00000
    11     -0.8628  0.00000
    12      0.1502  0.00000
    13      2.5131  0.00000
    14      6.3842  0.00000
    15     11.1188  0.00000
    16     13.2366  0.00000
    17     14.2160  0.00000

 KPT          212  SPIN            1  KWEIGHT    3.3222591362126247E-003
     1    -17.4742  0.00000
     2    -17.1583  0.00000
     3    -10.4653  0.00000
     4    -10.3085  0.00000
     5     -9.2600  0.00000
     6     -9.0401  0.00000
     7     -8.6634  0.00000
     8     -7.6750  0.00000
     9     -5.9263  0.00000
    10     -3.0782  0.00000
    11     -0.8915  0.00000
    12      0.1515  0.00000
    13      2.4993  0.00000
    14      6.4182  0.00000
    15     11.1249  0.00000
    16     13.2391  0.00000
    17     14.2096  0.00000

 KPT          213  SPIN            1  KWEIGHT    3.3222591362126247E-003
     1    -17.4846  0.00000
     2    -17.1661  0.00000
     3    -10.4507  0.00000
     4    -10.3385  0.00000
     5     -9.2224  0.00000
     6     -9.0236  0.00000
     7     -8.6695  0.00000
     8     -7.6576  0.00000
     9     -5.9404  0.00000
    10     -3.0578  0.00000
    11     -0.9226  0.00000
    12      0.1525  0.00000
    13      2.4840  0.00000
    14      6.4552  0.00000
    15     11.1319  0.00000
    16     13.2425  0.00000
    17     14.2032  0.00000

 KPT          214  SPIN            1  KWEIGHT    3.3222591362126247E-003
     1    -17.4960  0.00000
     2    -17.1747  0.00000
     3    -10.4346  0.00000
     4    -10.3665  0.00000
     5     -9.1908  0.00000
     6     -9.0011  0.00000
     7     -8.6758  0.00000
     8     -7.6391  0.00000
     9     -5.9554  0.00000
    10     -3.0363  0.00000
    11     -0.9557  0.00000
    12      0.1533  0.00000
    13      2.4673  0.00000
    14      6.4954  0.00000
    15     11.1397  0.00000
    16     13.2468  0.00000
    17     14.1969  0.00000

 KPT          215  SPIN            1  KWEIGHT    3.3222591362126247E-003
     1    -17.5085  0.00000
     2    -17.1841  0.00000
     3    -10.4170  0.00000
     4    -10.3923  0.00000
     5     -9.1664  0.00000
     6     -8.9716  0.00000
     7     -8.6820  0.00000
     8     -7.6195  0.00000
     9     -5.9711  0.00000
    10     -3.0137  0.00000
    11     -0.9909  0.00000
    12      0.1538  0.00000
    13      2.4490  0.00000
    14      6.5385  0.00000
    15     11.1486  0.00000
    16     13.2522  0.00000
    17     14.1908  0.00000

 KPT          216  SPIN            1  KWEIGHT    3.3222591362126247E-003
     1    -17.5220  0.00000
     2    -17.1941  0.00000
     3    -10.4158  0.00000
     4    -10.3977  0.00000
     5     -9.1488  0.00000
     6     -8.9356  0.00000
     7     -8.6882  0.00000
     8     -7.5990  0.00000
     9     -5.9876  0.00000
    10     -2.9904  0.00000
    11     -1.0280  0.00000
    12      0.1539  0.00000
    13      2.4292  0.00000
    14      6.5845  0.00000
    15     11.1585  0.00000
    16     13.2588  0.00000
    17     14.1850  0.00000

 KPT          217  SPIN            1  KWEIGHT    3.3222591362126247E-003
     1    -17.5365  0.00000
     2    -17.2049  0.00000
     3    -10.4371  0.00000
     4    -10.3769  0.00000
     5     -9.1367  0.00000
     6     -8.8945  0.00000
     7     -8.6942  0.00000
     8     -7.5777  0.00000
     9     -6.0045  0.00000
    10     -2.9664  0.00000
    11     -1.0667  0.00000
    12      0.1536  0.00000
    13      2.4078  0.00000
    14      6.6333  0.00000
    15     11.1697  0.00000
    16     13.2666  0.00000
    17     14.1797  0.00000

 KPT          218  SPIN            1  KWEIGHT    3.3222591362126247E-003
     1    -17.5521  0.00000
     2    -17.2165  0.00000
     3    -10.4561  0.00000
     4    -10.3544  0.00000
     5     -9.1286  0.00000
     6     -8.8500  0.00000
     7     -8.6999  0.00000
     8     -7.5555  0.00000
     9     -6.0220  0.00000
    10     -2.9419  0.00000
    11     -1.1069  0.00000
    12      0.1529  0.00000
    13      2.3848  0.00000
    14      6.6848  0.00000
    15     11.1820  0.00000
    16     13.2757  0.00000
    17     14.1750  0.00000

 KPT          219  SPIN            1  KWEIGHT    3.3222591362126247E-003
     1    -17.5687  0.00000
     2    -17.2288  0.00000
     3    -10.4727  0.00000
     4    -10.3303  0.00000
     5     -9.1233  0.00000
     6     -8.8033  0.00000
     7     -8.7052  0.00000
     8     -7.5326  0.00000
     9     -6.0398  0.00000
    10     -2.9171  0.00000
    11     -1.1484  0.00000
    12      0.1516  0.00000
    13      2.3603  0.00000
    14      6.7387  0.00000
    15     11.1957  0.00000
    16     13.2862  0.00000
    17     14.1708  0.00000

 KPT          220  SPIN            1  KWEIGHT    3.3222591362126247E-003
     1    -17.5863  0.00000
     2    -17.2417  0.00000
     3    -10.4870  0.00000
     4    -10.3045  0.00000
     5     -9.1202  0.00000
     6     -8.7551  0.00000
     7     -8.7101  0.00000
     8     -7.5091  0.00000
     9     -6.0578  0.00000
    10     -2.8921  0.00000
    11     -1.1910  0.00000
    12      0.1498  0.00000
    13      2.3343  0.00000
    14      6.7950  0.00000
    15     11.2107  0.00000
    16     13.2982  0.00000
    17     14.1673  0.00000

 KPT          221  SPIN            1  KWEIGHT    3.3222591362126247E-003
     1    -17.6049  0.00000
     2    -17.2554  0.00000
     3    -10.4990  0.00000
     4    -10.2772  0.00000
     5     -9.1187  0.00000
     6     -8.7146  0.00000
     7     -8.7061  0.00000
     8     -7.4851  0.00000
     9     -6.0759  0.00000
    10     -2.8671  0.00000
    11     -1.2346  0.00000
    12      0.1474  0.00000
    13      2.3066  0.00000
    14      6.8535  0.00000
    15     11.2273  0.00000
    16     13.3117  0.00000
    17     14.1647  0.00000

 KPT          222  SPIN            1  KWEIGHT    3.3222591362126247E-003
     1    -17.6246  0.00000
     2    -17.2698  0.00000
     3    -10.5087  0.00000
     4    -10.2482  0.00000
     5     -9.1186  0.00000
     6     -8.7185  0.00000
     7     -8.6567  0.00000
     8     -7.4605  0.00000
     9     -6.0941  0.00000
    10     -2.8423  0.00000
    11     -1.2789  0.00000
    12      0.1444  0.00000
    13      2.2774  0.00000
    14      6.9141  0.00000
    15     11.2455  0.00000
    16     13.3267  0.00000
    17     14.1629  0.00000

 KPT          223  SPIN            1  KWEIGHT    3.3222591362126247E-003
     1    -17.6452  0.00000
     2    -17.2848  0.00000
     3    -10.5161  0.00000
     4    -10.2175  0.00000
     5     -9.1197  0.00000
     6     -8.7218  0.00000
     7     -8.6069  0.00000
     8     -7.4355  0.00000
     9     -6.1122  0.00000
    10     -2.8177  0.00000
    11     -1.3237  0.00000
    12      0.1408  0.00000
    13      2.2467  0.00000
    14      6.9765  0.00000
    15     11.2653  0.00000
    16     13.3433  0.00000
    17     14.1620  0.00000

 KPT          224  SPIN            1  KWEIGHT    3.3222591362126247E-003
     1    -17.6668  0.00000
     2    -17.3005  0.00000
     3    -10.5211  0.00000
     4    -10.1852  0.00000
     5     -9.1220  0.00000
     6     -8.7245  0.00000
     7     -8.5572  0.00000
     8     -7.4101  0.00000
     9     -6.1302  0.00000
    10     -2.7937  0.00000
    11     -1.3687  0.00000
    12      0.1364  0.00000
    13      2.2144  0.00000
    14      7.0407  0.00000
    15     11.2868  0.00000
    16     13.3615  0.00000
    17     14.1623  0.00000

 KPT          225  SPIN            1  KWEIGHT    3.3222591362126247E-003
     1    -17.6893  0.00000
     2    -17.3168  0.00000
     3    -10.5239  0.00000
     4    -10.1514  0.00000
     5     -9.1253  0.00000
     6     -8.7264  0.00000
     7     -8.5074  0.00000
     8     -7.3843  0.00000
     9     -6.1480  0.00000
    10     -2.7703  0.00000
    11     -1.4139  0.00000
    12      0.1314  0.00000
    13      2.1805  0.00000
    14      7.1063  0.00000
    15     11.3102  0.00000
    16     13.3814  0.00000
    17     14.1636  0.00000

 KPT          226  SPIN            1  KWEIGHT    3.3222591362126247E-003
     1    -17.7127  0.00000
     2    -17.3337  0.00000
     3    -10.5245  0.00000
     4    -10.1159  0.00000
     5     -9.1296  0.00000
     6     -8.7276  0.00000
     7     -8.4578  0.00000
     8     -7.3583  0.00000
     9     -6.1655  0.00000
    10     -2.7476  0.00000
    11     -1.4589  0.00000
    12      0.1257  0.00000
    13      2.1452  0.00000
    14      7.1733  0.00000
    15     11.3355  0.00000
    16     13.4029  0.00000
    17     14.1661  0.00000

 KPT          227  SPIN            1  KWEIGHT    3.3222591362126247E-003
     1    -17.7369  0.00000
     2    -17.3512  0.00000
     3    -10.5229  0.00000
     4    -10.0788  0.00000
     5     -9.1350  0.00000
     6     -8.7280  0.00000
     7     -8.4085  0.00000
     8     -7.3321  0.00000
     9     -6.1826  0.00000
    10     -2.7258  0.00000
    11     -1.5036  0.00000
    12      0.1192  0.00000
    13      2.1084  0.00000
    14      7.2414  0.00000
    15     11.3628  0.00000
    16     13.4261  0.00000
    17     14.1700  0.00000

 KPT          228  SPIN            1  KWEIGHT    3.3222591362126247E-003
     1    -17.7620  0.00000
     2    -17.3693  0.00000
     3    -10.5192  0.00000
     4    -10.0403  0.00000
     5     -9.1414  0.00000
     6     -8.7275  0.00000
     7     -8.3594  0.00000
     8     -7.3057  0.00000
     9     -6.1994  0.00000
    10     -2.7051  0.00000
    11     -1.5477  0.00000
    12      0.1120  0.00000
    13      2.0700  0.00000
    14      7.3104  0.00000
    15     11.3922  0.00000
    16     13.4509  0.00000
    17     14.1751  0.00000

 KPT          229  SPIN            1  KWEIGHT    3.3222591362126247E-003
     1    -17.7879  0.00000
     2    -17.3879  0.00000
     3    -10.5133  0.00000
     4    -10.0001  0.00000
     5     -9.1488  0.00000
     6     -8.7262  0.00000
     7     -8.3107  0.00000
     8     -7.2792  0.00000
     9     -6.2157  0.00000
    10     -2.6855  0.00000
    11     -1.5911  0.00000
    12      0.1040  0.00000
    13      2.0303  0.00000
    14      7.3800  0.00000
    15     11.4238  0.00000
    16     13.4773  0.00000
    17     14.1817  0.00000

 KPT          230  SPIN            1  KWEIGHT    3.3222591362126247E-003
     1    -17.8146  0.00000
     2    -17.4070  0.00000
     3    -10.5055  0.00000
     4     -9.9585  0.00000
     5     -9.1573  0.00000
     6     -8.7239  0.00000
     7     -8.2623  0.00000
     8     -7.2525  0.00000
     9     -6.2316  0.00000
    10     -2.6672  0.00000
    11     -1.6334  0.00000
    12      0.0953  0.00000
    13      1.9891  0.00000
    14      7.4502  0.00000
    15     11.4576  0.00000
    16     13.5053  0.00000
    17     14.1898  0.00000

 KPT          231  SPIN            1  KWEIGHT    3.3222591362126247E-003
     1    -17.8420  0.00000
     2    -17.4266  0.00000
     3    -10.4956  0.00000
     4     -9.9155  0.00000
     5     -9.1667  0.00000
     6     -8.7207  0.00000
     7     -8.2143  0.00000
     8     -7.2258  0.00000
     9     -6.2470  0.00000
    10     -2.6502  0.00000
    11     -1.6745  0.00000
    12      0.0858  0.00000
    13      1.9465  0.00000
    14      7.5206  0.00000
    15     11.4937  0.00000
    16     13.5349  0.00000
    17     14.1995  0.00000

 KPT          232  SPIN            1  KWEIGHT    3.3222591362126247E-003
     1    -17.8701  0.00000
     2    -17.4467  0.00000
     3    -10.4839  0.00000
     4     -9.8710  0.00000
     5     -9.1772  0.00000
     6     -8.7165  0.00000
     7     -8.1668  0.00000
     8     -7.1991  0.00000
     9     -6.2619  0.00000
    10     -2.6347  0.00000
    11     -1.7142  0.00000
    12      0.0755  0.00000
    13      1.9026  0.00000
    14      7.5910  0.00000
    15     11.5322  0.00000
    16     13.5660  0.00000
    17     14.2108  0.00000

 KPT          233  SPIN            1  KWEIGHT    3.3222591362126247E-003
     1    -17.8988  0.00000
     2    -17.4671  0.00000
     3    -10.4704  0.00000
     4     -9.8252  0.00000
     5     -9.1886  0.00000
     6     -8.7113  0.00000
     7     -8.1198  0.00000
     8     -7.1724  0.00000
     9     -6.2762  0.00000
    10     -2.6208  0.00000
    11     -1.7524  0.00000
    12      0.0644  0.00000
    13      1.8574  0.00000
    14      7.6612  0.00000
    15     11.5732  0.00000
    16     13.5986  0.00000
    17     14.2237  0.00000

 KPT          234  SPIN            1  KWEIGHT    3.3222591362126247E-003
     1    -17.9281  0.00000
     2    -17.4880  0.00000
     3    -10.4552  0.00000
     4     -9.7781  0.00000
     5     -9.2010  0.00000
     6     -8.7050  0.00000
     7     -8.0733  0.00000
     8     -7.1458  0.00000
     9     -6.2901  0.00000
    10     -2.6085  0.00000
    11     -1.7887  0.00000
    12      0.0526  0.00000
    13      1.8109  0.00000
    14      7.7309  0.00000
    15     11.6167  0.00000
    16     13.6326  0.00000
    17     14.2385  0.00000

 KPT          235  SPIN            1  KWEIGHT    3.3222591362126247E-003
     1    -17.9580  0.00000
     2    -17.5093  0.00000
     3    -10.4383  0.00000
     4     -9.7297  0.00000
     5     -9.2143  0.00000
     6     -8.6977  0.00000
     7     -8.0273  0.00000
     8     -7.1193  0.00000
     9     -6.3035  0.00000
    10     -2.5978  0.00000
    11     -1.8231  0.00000
    12      0.0400  0.00000
    13      1.7632  0.00000
    14      7.7998  0.00000
    15     11.6628  0.00000
    16     13.6680  0.00000
    17     14.2550  0.00000

 KPT          236  SPIN            1  KWEIGHT    3.3222591362126247E-003
     1    -17.9884  0.00000
     2    -17.5309  0.00000
     3    -10.4200  0.00000
     4     -9.6801  0.00000
     5     -9.2284  0.00000
     6     -8.6892  0.00000
     7     -7.9819  0.00000
     8     -7.0928  0.00000
     9     -6.3164  0.00000
    10     -2.5888  0.00000
    11     -1.8554  0.00000
    12      0.0267  0.00000
    13      1.7144  0.00000
    14      7.8679  0.00000
    15     11.7115  0.00000
    16     13.7046  0.00000
    17     14.2734  0.00000

 KPT          237  SPIN            1  KWEIGHT    3.3222591362126247E-003
     1    -18.0192  0.00000
     2    -17.5528  0.00000
     3    -10.4002  0.00000
     4     -9.6293  0.00000
     5     -9.2433  0.00000
     6     -8.6796  0.00000
     7     -7.9372  0.00000
     8     -7.0666  0.00000
     9     -6.3288  0.00000
    10     -2.5814  0.00000
    11     -1.8855  0.00000
    12      0.0126  0.00000
    13      1.6643  0.00000
    14      7.9347  0.00000
    15     11.7630  0.00000
    16     13.7424  0.00000
    17     14.2937  0.00000

 KPT          238  SPIN            1  KWEIGHT    3.3222591362126247E-003
     1    -18.0505  0.00000
     2    -17.5750  0.00000
     3    -10.3792  0.00000
     4     -9.5775  0.00000
     5     -9.2589  0.00000
     6     -8.6688  0.00000
     7     -7.8932  0.00000
     8     -7.0405  0.00000
     9     -6.3407  0.00000
    10     -2.5756  0.00000
    11     -1.9134  0.00000
    12     -0.0022  0.00000
    13      1.6133  0.00000
    14      8.0000  0.00000
    15     11.8172  0.00000
    16     13.7813  0.00000
    17     14.3159  0.00000

 KPT          239  SPIN            1  KWEIGHT    3.3222591362126247E-003
     1    -18.0822  0.00000
     2    -17.5974  0.00000
     3    -10.3571  0.00000
     4     -9.5247  0.00000
     5     -9.2750  0.00000
     6     -8.6569  0.00000
     7     -7.8499  0.00000
     8     -7.0146  0.00000
     9     -6.3521  0.00000
    10     -2.5714  0.00000
    11     -1.9390  0.00000
    12     -0.0177  0.00000
    13      1.5611  0.00000
    14      8.0636  0.00000
    15     11.8742  0.00000
    16     13.8212  0.00000
    17     14.3400  0.00000

 KPT          240  SPIN            1  KWEIGHT    3.3222591362126247E-003
     1    -18.1141  0.00000
     2    -17.6200  0.00000
     3    -10.3340  0.00000
     4     -9.4710  0.00000
     5     -9.2916  0.00000
     6     -8.6437  0.00000
     7     -7.8074  0.00000
     8     -6.9889  0.00000
     9     -6.3630  0.00000
    10     -2.5685  0.00000
    11     -1.9623  0.00000
    12     -0.0339  0.00000
    13      1.5080  0.00000
    14      8.1253  0.00000
    15     11.9341  0.00000
    16     13.8620  0.00000
    17     14.3662  0.00000

 KPT          241  SPIN            1  KWEIGHT    3.3222591362126247E-003
     1    -18.1464  0.00000
     2    -17.6429  0.00000
     3    -10.3102  0.00000
     4     -9.4164  0.00000
     5     -9.3084  0.00000
     6     -8.6292  0.00000
     7     -7.7659  0.00000
     8     -6.9635  0.00000
     9     -6.3734  0.00000
    10     -2.5669  0.00000
    11     -1.9835  0.00000
    12     -0.0507  0.00000
    13      1.4540  0.00000
    14      8.1849  0.00000
    15     11.9969  0.00000
    16     13.9036  0.00000
    17     14.3943  0.00000

 KPT          242  SPIN            1  KWEIGHT    3.3222591362126247E-003
     1    -18.1789  0.00000
     2    -17.6659  0.00000
     3    -10.2859  0.00000
     4     -9.3611  0.00000
     5     -9.3253  0.00000
     6     -8.6134  0.00000
     7     -7.7254  0.00000
     8     -6.9384  0.00000
     9     -6.3832  0.00000
    10     -2.5663  0.00000
    11     -2.0025  0.00000
    12     -0.0682  0.00000
    13      1.3992  0.00000
    14      8.2420  0.00000
    15     12.0626  0.00000
    16     13.9459  0.00000
    17     14.4244  0.00000

 KPT          243  SPIN            1  KWEIGHT    3.3222591362126247E-003
     1    -18.2116  0.00000
     2    -17.6890  0.00000
     3    -10.2613  0.00000
     4     -9.3421  0.00000
     5     -9.3052  0.00000
     6     -8.5962  0.00000
     7     -7.6861  0.00000
     8     -6.9135  0.00000
     9     -6.3923  0.00000
    10     -2.5665  0.00000
    11     -2.0195  0.00000
    12     -0.0862  0.00000
    13      1.3435  0.00000
    14      8.2966  0.00000
    15     12.1312  0.00000
    16     13.9889  0.00000
    17     14.4564  0.00000

 KPT          244  SPIN            1  KWEIGHT    3.3222591362126247E-003
     1    -18.2445  0.00000
     2    -17.7123  0.00000
     3    -10.2367  0.00000
     4     -9.3583  0.00000
     5     -9.2488  0.00000
     6     -8.5776  0.00000
     7     -7.6480  0.00000
     8     -6.8890  0.00000
     9     -6.4008  0.00000
    10     -2.5672  0.00000
    11     -2.0348  0.00000
    12     -0.1049  0.00000
    13      1.2871  0.00000
    14      8.3485  0.00000
    15     12.2027  0.00000
    16     14.0323  0.00000
    17     14.4904  0.00000

 KPT          245  SPIN            1  KWEIGHT    3.3222591362126247E-003
     1    -18.2775  0.00000
     2    -17.7356  0.00000
     3    -10.2126  0.00000
     4     -9.3738  0.00000
     5     -9.1921  0.00000
     6     -8.5575  0.00000
     7     -7.6114  0.00000
     8     -6.8649  0.00000
     9     -6.4084  0.00000
    10     -2.5682  0.00000
    11     -2.0483  0.00000
    12     -0.1241  0.00000
    13      1.2300  0.00000
    14      8.3974  0.00000
    15     12.2771  0.00000
    16     14.0760  0.00000
    17     14.5264  0.00000

 KPT          246  SPIN            1  KWEIGHT    3.3222591362126247E-003
     1    -18.3105  0.00000
     2    -17.7589  0.00000
     3    -10.1892  0.00000
     4     -9.3881  0.00000
     5     -9.1351  0.00000
     6     -8.5358  0.00000
     7     -7.5765  0.00000
     8     -6.8411  0.00000
     9     -6.4150  0.00000
    10     -2.5693  0.00000
    11     -2.0605  0.00000
    12     -0.1438  0.00000
    13      1.1723  0.00000
    14      8.4433  0.00000
    15     12.3543  0.00000
    16     14.1200  0.00000
    17     14.5641  0.00000

 KPT          247  SPIN            1  KWEIGHT    3.3222591362126247E-003
     1    -18.3436  0.00000
     2    -17.7823  0.00000
     3    -10.1670  0.00000
     4     -9.4007  0.00000
     5     -9.0780  0.00000
     6     -8.5125  0.00000
     7     -7.5434  0.00000
     8     -6.8177  0.00000
     9     -6.4205  0.00000
    10     -2.5701  0.00000
    11     -2.0713  0.00000
    12     -0.1640  0.00000
    13      1.1140  0.00000
    14      8.4860  0.00000
    15     12.4343  0.00000
    16     14.1642  0.00000
    17     14.6037  0.00000

 KPT          248  SPIN            1  KWEIGHT    3.3222591362126247E-003
     1    -18.3767  0.00000
     2    -17.8057  0.00000
     3    -10.1467  0.00000
     4     -9.4112  0.00000
     5     -9.0210  0.00000
     6     -8.4874  0.00000
     7     -7.5124  0.00000
     8     -6.7947  0.00000
     9     -6.4247  0.00000
    10     -2.5706  0.00000
    11     -2.0810  0.00000
    12     -0.1847  0.00000
    13      1.0553  0.00000
    14      8.5254  0.00000
    15     12.5170  0.00000
    16     14.2084  0.00000
    17     14.6451  0.00000

 KPT          249  SPIN            1  KWEIGHT    3.3222591362126247E-003
     1    -18.4097  0.00000
     2    -17.8290  0.00000
     3    -10.1286  0.00000
     4     -9.4189  0.00000
     5     -8.9643  0.00000
     6     -8.4604  0.00000
     7     -7.4837  0.00000
     8     -6.7722  0.00000
     9     -6.4273  0.00000
    10     -2.5704  0.00000
    11     -2.0898  0.00000
    12     -0.2058  0.00000
    13      0.9961  0.00000
    14      8.5614  0.00000
    15     12.6024  0.00000
    16     14.2524  0.00000
    17     14.6881  0.00000

 KPT          250  SPIN            1  KWEIGHT    3.3222591362126247E-003
     1    -18.4427  0.00000
     2    -17.8523  0.00000
     3    -10.1135  0.00000
     4     -9.4234  0.00000
     5     -8.9081  0.00000
     6     -8.4314  0.00000
     7     -7.4576  0.00000
     8     -6.7500  0.00000
     9     -6.4282  0.00000
    10     -2.5695  0.00000
    11     -2.0977  0.00000
    12     -0.2273  0.00000
    13      0.9366  0.00000
    14      8.5941  0.00000
    15     12.6903  0.00000
    16     14.2963  0.00000
    17     14.7326  0.00000

 KPT          251  SPIN            1  KWEIGHT    3.3222591362126247E-003
     1    -18.4755  0.00000
     2    -17.8755  0.00000
     3    -10.1019  0.00000
     4     -9.4240  0.00000
     5     -8.8526  0.00000
     6     -8.4004  0.00000
     7     -7.4343  0.00000
     8     -6.7284  0.00000
     9     -6.4271  0.00000
    10     -2.5676  0.00000
    11     -2.1049  0.00000
    12     -0.2491  0.00000
    13      0.8767  0.00000
    14      8.6234  0.00000
    15     12.7807  0.00000
    16     14.3399  0.00000
    17     14.7787  0.00000

 KPT          252  SPIN            1  KWEIGHT    3.3222591362126247E-003
     1    -18.5082  0.00000
     2    -17.8986  0.00000
     3    -10.0941  0.00000
     4     -9.4203  0.00000
     5     -8.7981  0.00000
     6     -8.3670  0.00000
     7     -7.4141  0.00000
     8     -6.7072  0.00000
     9     -6.4238  0.00000
    10     -2.5647  0.00000
    11     -2.1114  0.00000
    12     -0.2712  0.00000
    13      0.8167  0.00000
    14      8.6493  0.00000
    15     12.8733  0.00000
    16     14.3830  0.00000
    17     14.8260  0.00000

 KPT          253  SPIN            1  KWEIGHT    3.3222591362126247E-003
     1    -18.5406  0.00000
     2    -17.9215  0.00000
     3    -10.0906  0.00000
     4     -9.4120  0.00000
     5     -8.7446  0.00000
     6     -8.3314  0.00000
     7     -7.3971  0.00000
     8     -6.6865  0.00000
     9     -6.4181  0.00000
    10     -2.5608  0.00000
    11     -2.1174  0.00000
    12     -0.2937  0.00000
    13      0.7565  0.00000
    14      8.6717  0.00000
    15     12.9680  0.00000
    16     14.4255  0.00000
    17     14.8746  0.00000

 KPT          254  SPIN            1  KWEIGHT    3.3222591362126247E-003
     1    -18.5729  0.00000
     2    -17.9443  0.00000
     3    -10.0915  0.00000
     4     -9.3991  0.00000
     5     -8.6925  0.00000
     6     -8.2932  0.00000
     7     -7.3836  0.00000
     8     -6.6664  0.00000
     9     -6.4098  0.00000
    10     -2.5557  0.00000
    11     -2.1229  0.00000
    12     -0.3163  0.00000
    13      0.6962  0.00000
    14      8.6909  0.00000
    15     13.0647  0.00000
    16     14.4674  0.00000
    17     14.9244  0.00000

 KPT          255  SPIN            1  KWEIGHT    3.3222591362126247E-003
     1    -18.6048  0.00000
     2    -17.9669  0.00000
     3    -10.0965  0.00000
     4     -9.3815  0.00000
     5     -8.6418  0.00000
     6     -8.2526  0.00000
     7     -7.3735  0.00000
     8     -6.6468  0.00000
     9     -6.3989  0.00000
    10     -2.5495  0.00000
    11     -2.1280  0.00000
    12     -0.3392  0.00000
    13      0.6358  0.00000
    14      8.7067  0.00000
    15     13.1633  0.00000
    16     14.5086  0.00000
    17     14.9750  0.00000

 KPT          256  SPIN            1  KWEIGHT    3.3222591362126247E-003
     1    -18.6365  0.00000
     2    -17.9893  0.00000
     3    -10.1055  0.00000
     4     -9.3597  0.00000
     5     -8.5927  0.00000
     6     -8.2095  0.00000
     7     -7.3670  0.00000
     8     -6.6277  0.00000
     9     -6.3853  0.00000
    10     -2.5421  0.00000
    11     -2.1326  0.00000
    12     -0.3622  0.00000
    13      0.5756  0.00000
    14      8.7194  0.00000
    15     13.2634  0.00000
    16     14.5489  0.00000
    17     15.0266  0.00000

 KPT          257  SPIN            1  KWEIGHT    3.3222591362126247E-003
     1    -18.6679  0.00000
     2    -18.0115  0.00000
     3    -10.1180  0.00000
     4     -9.3339  0.00000
     5     -8.5450  0.00000
     6     -8.1640  0.00000
     7     -7.3640  0.00000
     8     -6.6092  0.00000
     9     -6.3691  0.00000
    10     -2.5335  0.00000
    11     -2.1367  0.00000
    12     -0.3854  0.00000
    13      0.5154  0.00000
    14      8.7289  0.00000
    15     13.3650  0.00000
    16     14.5883  0.00000
    17     15.0788  0.00000

 KPT          258  SPIN            1  KWEIGHT    3.3222591362126247E-003
     1    -18.6989  0.00000
     2    -18.0335  0.00000
     3    -10.1337  0.00000
     4     -9.3047  0.00000
     5     -8.4988  0.00000
     6     -8.1164  0.00000
     7     -7.3643  0.00000
     8     -6.5913  0.00000
     9     -6.3504  0.00000
    10     -2.5239  0.00000
    11     -2.1404  0.00000
    12     -0.4086  0.00000
    13      0.4555  0.00000
    14      8.7355  0.00000
    15     13.4677  0.00000
    16     14.6267  0.00000
    17     15.1315  0.00000

 KPT          259  SPIN            1  KWEIGHT    3.3222591362126247E-003
     1    -18.7296  0.00000
     2    -18.0552  0.00000
     3    -10.1520  0.00000
     4     -9.2725  0.00000
     5     -8.4539  0.00000
     6     -8.0667  0.00000
     7     -7.3678  0.00000
     8     -6.5739  0.00000
     9     -6.3294  0.00000
    10     -2.5131  0.00000
    11     -2.1437  0.00000
    12     -0.4319  0.00000
    13      0.3958  0.00000
    14      8.7391  0.00000
    15     13.5715  0.00000
    16     14.6639  0.00000
    17     15.1847  0.00000

 KPT          260  SPIN            1  KWEIGHT    3.3222591362126247E-003
     1    -18.7598  0.00000
     2    -18.0766  0.00000
     3    -10.1726  0.00000
     4     -9.2378  0.00000
     5     -8.4102  0.00000
     6     -8.0154  0.00000
     7     -7.3743  0.00000
     8     -6.5572  0.00000
     9     -6.3062  0.00000
    10     -2.5013  0.00000
    11     -2.1465  0.00000
    12     -0.4552  0.00000
    13      0.3364  0.00000
    14      8.7401  0.00000
    15     13.6761  0.00000
    16     14.7000  0.00000
    17     15.2381  0.00000

 KPT          261  SPIN            1  KWEIGHT    3.3222591362126247E-003
     1    -18.7896  0.00000
     2    -18.0977  0.00000
     3    -10.1949  0.00000
     4     -9.2010  0.00000
     5     -8.3675  0.00000
     6     -7.9628  0.00000
     7     -7.3834  0.00000
     8     -6.5412  0.00000
     9     -6.2812  0.00000
    10     -2.4886  0.00000
    11     -2.1489  0.00000
    12     -0.4785  0.00000
    13      0.2775  0.00000
    14      8.7384  0.00000
    15     13.7813  0.00000
    16     14.7349  0.00000
    17     15.2916  0.00000

 KPT          262  SPIN            1  KWEIGHT    3.3222591362126247E-003
     1    -18.8189  0.00000
     2    -18.1185  0.00000
     3    -10.2188  0.00000
     4     -9.1625  0.00000
     5     -8.3255  0.00000
     6     -7.9090  0.00000
     7     -7.3949  0.00000
     8     -6.5258  0.00000
     9     -6.2545  0.00000
    10     -2.4750  0.00000
    11     -2.1507  0.00000
    12     -0.5018  0.00000
    13      0.2190  0.00000
    14      8.7342  0.00000
    15     13.8869  0.00000
    16     14.7684  0.00000
    17     15.3450  0.00000

 KPT          263  SPIN            1  KWEIGHT    3.3222591362126247E-003
     1    -18.8478  0.00000
     2    -18.1390  0.00000
     3    -10.2437  0.00000
     4     -9.1225  0.00000
     5     -8.2841  0.00000
     6     -7.8545  0.00000
     7     -7.4086  0.00000
     8     -6.5110  0.00000
     9     -6.2265  0.00000
    10     -2.4605  0.00000
    11     -2.1521  0.00000
    12     -0.5249  0.00000
    13      0.1612  0.00000
    14      8.7277  0.00000
    15     13.9927  0.00000
    16     14.8006  0.00000
    17     15.3983  0.00000

 KPT          264  SPIN            1  KWEIGHT    3.3222591362126247E-003
     1    -18.8762  0.00000
     2    -18.1591  0.00000
     3    -10.2696  0.00000
     4     -9.0814  0.00000
     5     -8.2431  0.00000
     6     -7.7995  0.00000
     7     -7.4241  0.00000
     8     -6.4970  0.00000
     9     -6.1975  0.00000
    10     -2.4454  0.00000
    11     -2.1529  0.00000
    12     -0.5479  0.00000
    13      0.1039  0.00000
    14      8.7191  0.00000
    15     14.0984  0.00000
    16     14.8314  0.00000
    17     15.4512  0.00000

 KPT          265  SPIN            1  KWEIGHT    3.3222591362126247E-003
     1    -18.9040  0.00000
     2    -18.1788  0.00000
     3    -10.2962  0.00000
     4     -9.0393  0.00000
     5     -8.2024  0.00000
     6     -7.7443  0.00000
     7     -7.4412  0.00000
     8     -6.4837  0.00000
     9     -6.1675  0.00000
    10     -2.4295  0.00000
    11     -2.1531  0.00000
    12     -0.5708  0.00000
    13      0.0473  0.00000
    14      8.7084  0.00000
    15     14.2039  0.00000
    16     14.8607  0.00000
    17     15.5037  0.00000

 KPT          266  SPIN            1  KWEIGHT    3.3222591362126247E-003
     1    -18.9313  0.00000
     2    -18.1982  0.00000
     3    -10.3232  0.00000
     4     -8.9967  0.00000
     5     -8.1618  0.00000
     6     -7.6891  0.00000
     7     -7.4596  0.00000
     8     -6.4711  0.00000
     9     -6.1370  0.00000
    10     -2.4131  0.00000
    11     -2.1528  0.00000
    12     -0.5935  0.00000
    13     -0.0085  0.00000
    14      8.6959  0.00000
    15     14.3089  0.00000
    16     14.8886  0.00000
    17     15.5556  0.00000

 KPT          267  SPIN            1  KWEIGHT    3.3222591362126247E-003
     1    -18.9580  0.00000
     2    -18.2172  0.00000
     3    -10.3505  0.00000
     4     -8.9535  0.00000
     5     -8.1213  0.00000
     6     -7.6341  0.00000
     7     -7.4792  0.00000
     8     -6.4592  0.00000
     9     -6.1061  0.00000
    10     -2.3961  0.00000
    11     -2.1519  0.00000
    12     -0.6159  0.00000
    13     -0.0634  0.00000
    14      8.6816  0.00000
    15     14.4133  0.00000
    16     14.9150  0.00000
    17     15.6067  0.00000

 KPT          268  SPIN            1  KWEIGHT    3.3222591362126247E-003
     1    -18.9842  0.00000
     2    -18.2357  0.00000
     3    -10.3779  0.00000
     4     -8.9100  0.00000
     5     -8.0807  0.00000
     6     -7.5796  0.00000
     7     -7.4996  0.00000
     8     -6.4482  0.00000
     9     -6.0751  0.00000
    10     -2.3788  0.00000
    11     -2.1504  0.00000
    12     -0.6381  0.00000
    13     -0.1174  0.00000
    14      8.6658  0.00000
    15     14.5168  0.00000
    16     14.9399  0.00000
    17     15.6570  0.00000

 KPT          269  SPIN            1  KWEIGHT    3.3222591362126247E-003
     1    -19.0097  0.00000
     2    -18.2539  0.00000
     3    -10.4054  0.00000
     4     -8.8664  0.00000
     5     -8.0401  0.00000
     6     -7.5257  0.00000
     7     -7.5208  0.00000
     8     -6.4380  0.00000
     9     -6.0440  0.00000
    10     -2.3611  0.00000
    11     -2.1483  0.00000
    12     -0.6600  0.00000
    13     -0.1704  0.00000
    14      8.6486  0.00000
    15     14.6193  0.00000
    16     14.9633  0.00000
    17     15.7063  0.00000

 KPT          270  SPIN            1  KWEIGHT    3.3222591362126247E-003
     1    -19.0346  0.00000
     2    -18.2716  0.00000
     3    -10.4329  0.00000
     4     -8.8228  0.00000
     5     -7.9993  0.00000
     6     -7.5424  0.00000
     7     -7.4726  0.00000
     8     -6.4285  0.00000
     9     -6.0131  0.00000
    10     -2.3432  0.00000
    11     -2.1455  0.00000
    12     -0.6815  0.00000
    13     -0.2224  0.00000
    14      8.6301  0.00000
    15     14.7205  0.00000
    16     14.9851  0.00000
    17     15.7546  0.00000

 KPT          271  SPIN            1  KWEIGHT    3.3222591362126247E-003
     1    -19.0589  0.00000
     2    -18.2888  0.00000
     3    -10.4601  0.00000
     4     -8.7793  0.00000
     5     -7.9583  0.00000
     6     -7.5645  0.00000
     7     -7.4204  0.00000
     8     -6.4200  0.00000
     9     -5.9825  0.00000
    10     -2.3250  0.00000
    11     -2.1422  0.00000
    12     -0.7027  0.00000
    13     -0.2732  0.00000
    14      8.6105  0.00000
    15     14.8204  0.00000
    16     15.0055  0.00000
    17     15.8017  0.00000

 KPT          272  SPIN            1  KWEIGHT    3.3222591362126247E-003
     1    -19.0825  0.00000
     2    -18.3056  0.00000
     3    -10.4871  0.00000
     4     -8.7360  0.00000
     5     -7.9172  0.00000
     6     -7.5868  0.00000
     7     -7.3692  0.00000
     8     -6.4124  0.00000
     9     -5.9524  0.00000
    10     -2.3068  0.00000
    11     -2.1382  0.00000
    12     -0.7235  0.00000
    13     -0.3228  0.00000
    14      8.5900  0.00000
    15     14.9186  0.00000
    16     15.0244  0.00000
    17     15.8476  0.00000

 KPT          273  SPIN            1  KWEIGHT    3.3222591362126247E-003
     1    -19.1055  0.00000
     2    -18.3220  0.00000
     3    -10.5137  0.00000
     4     -8.6931  0.00000
     5     -7.8759  0.00000
     6     -7.6091  0.00000
     7     -7.3192  0.00000
     8     -6.4056  0.00000
     9     -5.9228  0.00000
    10     -2.2885  0.00000
    11     -2.1336  0.00000
    12     -0.7439  0.00000
    13     -0.3712  0.00000
    14      8.5686  0.00000
    15     15.0151  0.00000
    16     15.0418  0.00000
    17     15.8921  0.00000

 KPT          274  SPIN            1  KWEIGHT    3.3222591362126247E-003
     1    -19.1277  0.00000
     2    -18.3378  0.00000
     3    -10.5398  0.00000
     4     -8.6507  0.00000
     5     -7.8345  0.00000
     6     -7.6314  0.00000
     7     -7.2705  0.00000
     8     -6.3998  0.00000
     9     -5.8939  0.00000
    10     -2.2702  0.00000
    11     -2.1284  0.00000
    12     -0.7639  0.00000
    13     -0.4182  0.00000
    14      8.5466  0.00000
    15     15.0578  0.00000
    16     15.1097  0.00000
    17     15.9353  0.00000

 KPT          275  SPIN            1  KWEIGHT    3.3222591362126247E-003
     1    -19.1493  0.00000
     2    -18.3532  0.00000
     3    -10.5655  0.00000
     4     -8.6088  0.00000
     5     -7.7928  0.00000
     6     -7.6536  0.00000
     7     -7.2232  0.00000
     8     -6.3950  0.00000
     9     -5.8657  0.00000
    10     -2.2520  0.00000
    11     -2.1227  0.00000
    12     -0.7834  0.00000
    13     -0.4638  0.00000
    14      8.5240  0.00000
    15     15.0723  0.00000
    16     15.2021  0.00000
    17     15.9770  0.00000

 KPT          276  SPIN            1  KWEIGHT    3.3222591362126247E-003
     1    -19.1701  0.00000
     2    -18.3680  0.00000
     3    -10.5907  0.00000
     4     -8.5676  0.00000
     5     -7.7510  0.00000
     6     -7.6756  0.00000
     7     -7.1774  0.00000
     8     -6.3913  0.00000
     9     -5.8384  0.00000
    10     -2.2340  0.00000
    11     -2.1165  0.00000
    12     -0.8024  0.00000
    13     -0.5080  0.00000
    14      8.5010  0.00000
    15     15.0856  0.00000
    16     15.2923  0.00000
    17     16.0171  0.00000

 KPT          277  SPIN            1  KWEIGHT    3.3222591362126247E-003
     1    -19.1903  0.00000
     2    -18.3823  0.00000
     3    -10.6152  0.00000
     4     -8.5272  0.00000
     5     -7.7091  0.00000
     6     -7.6972  0.00000
     7     -7.1331  0.00000
     8     -6.3885  0.00000
     9     -5.8121  0.00000
    10     -2.2161  0.00000
    11     -2.1097  0.00000
    12     -0.8209  0.00000
    13     -0.5507  0.00000
    14      8.4777  0.00000
    15     15.0975  0.00000
    16     15.3801  0.00000
    17     16.0557  0.00000

 KPT          278  SPIN            1  KWEIGHT    3.3222591362126247E-003
     1    -19.2097  0.00000
     2    -18.3962  0.00000
     3    -10.6390  0.00000
     4     -8.4876  0.00000
     5     -7.7184  0.00000
     6     -7.6671  0.00000
     7     -7.0904  0.00000
     8     -6.3869  0.00000
     9     -5.7867  0.00000
    10     -2.1985  0.00000
    11     -2.1026  0.00000
    12     -0.8388  0.00000
    13     -0.5918  0.00000
    14      8.4543  0.00000
    15     15.1081  0.00000
    16     15.4654  0.00000
    17     16.0927  0.00000

 KPT          279  SPIN            1  KWEIGHT    3.3222591362126247E-003
     1    -19.2283  0.00000
     2    -18.4094  0.00000
     3    -10.6622  0.00000
     4     -8.4490  0.00000
     5     -7.7392  0.00000
     6     -7.6250  0.00000
     7     -7.0494  0.00000
     8     -6.3863  0.00000
     9     -5.7623  0.00000
    10     -2.1813  0.00000
    11     -2.0950  0.00000
    12     -0.8562  0.00000
    13     -0.6313  0.00000
    14      8.4309  0.00000
    15     15.1176  0.00000
    16     15.5480  0.00000
    17     16.1281  0.00000

 KPT          280  SPIN            1  KWEIGHT    3.3222591362126247E-003
     1    -19.2462  0.00000
     2    -18.4222  0.00000
     3    -10.6846  0.00000
     4     -8.4115  0.00000
     5     -7.7594  0.00000
     6     -7.5829  0.00000
     7     -7.0102  0.00000
     8     -6.3869  0.00000
     9     -5.7390  0.00000
    10     -2.1644  0.00000
    11     -2.0871  0.00000
    12     -0.8729  0.00000
    13     -0.6692  0.00000
    14      8.4076  0.00000
    15     15.1259  0.00000
    16     15.6278  0.00000
    17     16.1617  0.00000

 KPT          281  SPIN            1  KWEIGHT    3.3222591362126247E-003
     1    -19.2633  0.00000
     2    -18.4344  0.00000
     3    -10.7062  0.00000
     4     -8.3750  0.00000
     5     -7.7790  0.00000
     6     -7.5409  0.00000
     7     -6.9727  0.00000
     8     -6.3887  0.00000
     9     -5.7168  0.00000
    10     -2.1479  0.00000
    11     -2.0790  0.00000
    12     -0.8891  0.00000
    13     -0.7054  0.00000
    14      8.3845  0.00000
    15     15.1332  0.00000
    16     15.7047  0.00000
    17     16.1938  0.00000

 KPT          282  SPIN            1  KWEIGHT    3.3222591362126247E-003
     1    -19.2796  0.00000
     2    -18.4461  0.00000
     3    -10.7270  0.00000
     4     -8.3398  0.00000
     5     -7.7979  0.00000
     6     -7.4989  0.00000
     7     -6.9371  0.00000
     8     -6.3917  0.00000
     9     -5.6957  0.00000
    10     -2.1318  0.00000
    11     -2.0706  0.00000
    12     -0.9046  0.00000
    13     -0.7399  0.00000
    14      8.3618  0.00000
    15     15.1394  0.00000
    16     15.7785  0.00000
    17     16.2241  0.00000

 KPT          283  SPIN            1  KWEIGHT    3.3222591362126247E-003
     1    -19.2952  0.00000
     2    -18.4572  0.00000
     3    -10.7469  0.00000
     4     -8.3058  0.00000
     5     -7.8161  0.00000
     6     -7.4571  0.00000
     7     -6.9033  0.00000
     8     -6.3959  0.00000
     9     -5.6757  0.00000
    10     -2.1162  0.00000
    11     -2.0621  0.00000
    12     -0.9194  0.00000
    13     -0.7726  0.00000
    14      8.3395  0.00000
    15     15.1448  0.00000
    16     15.8492  0.00000
    17     16.2527  0.00000

 KPT          284  SPIN            1  KWEIGHT    3.3222591362126247E-003
     1    -19.3099  0.00000
     2    -18.4677  0.00000
     3    -10.7659  0.00000
     4     -8.2732  0.00000
     5     -7.8335  0.00000
     6     -7.4154  0.00000
     7     -6.8714  0.00000
     8     -6.4014  0.00000
     9     -5.6569  0.00000
    10     -2.1012  0.00000
    11     -2.0536  0.00000
    12     -0.9336  0.00000
    13     -0.8035  0.00000
    14      8.3178  0.00000
    15     15.1493  0.00000
    16     15.9166  0.00000
    17     16.2797  0.00000

 KPT          285  SPIN            1  KWEIGHT    3.3222591362126247E-003
     1    -19.3239  0.00000
     2    -18.4777  0.00000
     3    -10.7839  0.00000
     4     -8.2420  0.00000
     5     -7.8501  0.00000
     6     -7.3740  0.00000
     7     -6.8414  0.00000
     8     -6.4081  0.00000
     9     -5.6393  0.00000
    10     -2.0867  0.00000
    11     -2.0450  0.00000
    12     -0.9471  0.00000
    13     -0.8327  0.00000
    14      8.2967  0.00000
    15     15.1530  0.00000
    16     15.9807  0.00000
    17     16.3049  0.00000

 KPT          286  SPIN            1  KWEIGHT    3.3222591362126247E-003
     1    -19.3370  0.00000
     2    -18.4870  0.00000
     3    -10.8010  0.00000
     4     -8.2123  0.00000
     5     -7.8659  0.00000
     6     -7.3329  0.00000
     7     -6.8133  0.00000
     8     -6.4162  0.00000
     9     -5.6228  0.00000
    10     -2.0729  0.00000
    11     -2.0366  0.00000
    12     -0.9599  0.00000
    13     -0.8600  0.00000
    14      8.2764  0.00000
    15     15.1560  0.00000
    16     16.0414  0.00000
    17     16.3285  0.00000

 KPT          287  SPIN            1  KWEIGHT    3.3222591362126247E-003
     1    -19.3493  0.00000
     2    -18.4958  0.00000
     3    -10.8172  0.00000
     4     -8.1842  0.00000
     5     -7.8808  0.00000
     6     -7.2923  0.00000
     7     -6.7871  0.00000
     8     -6.4255  0.00000
     9     -5.6075  0.00000
    10     -2.0597  0.00000
    11     -2.0283  0.00000
    12     -0.9719  0.00000
    13     -0.8856  0.00000
    14      8.2569  0.00000
    15     15.1584  0.00000
    16     16.0985  0.00000
    17     16.3504  0.00000

 KPT          288  SPIN            1  KWEIGHT    3.3222591362126247E-003
     1    -19.3608  0.00000
     2    -18.5041  0.00000
     3    -10.8323  0.00000
     4     -8.1577  0.00000
     5     -7.8949  0.00000
     6     -7.2521  0.00000
     7     -6.7628  0.00000
     8     -6.4361  0.00000
     9     -5.5933  0.00000
    10     -2.0471  0.00000
    11     -2.0203  0.00000
    12     -0.9832  0.00000
    13     -0.9093  0.00000
    14      8.2384  0.00000
    15     15.1603  0.00000
    16     16.1520  0.00000
    17     16.3707  0.00000

 KPT          289  SPIN            1  KWEIGHT    3.3222591362126247E-003
     1    -19.3715  0.00000
     2    -18.5117  0.00000
     3    -10.8463  0.00000
     4     -8.1329  0.00000
     5     -7.9079  0.00000
     6     -7.2126  0.00000
     7     -6.7404  0.00000
     8     -6.4479  0.00000
     9     -5.5802  0.00000
    10     -2.0353  0.00000
    11     -2.0126  0.00000
    12     -0.9937  0.00000
    13     -0.9312  0.00000
    14      8.2209  0.00000
    15     15.1616  0.00000
    16     16.2018  0.00000
    17     16.3893  0.00000

 KPT          290  SPIN            1  KWEIGHT    3.3222591362126247E-003
     1    -19.3814  0.00000
     2    -18.5187  0.00000
     3    -10.8594  0.00000
     4     -8.1099  0.00000
     5     -7.9200  0.00000
     6     -7.1737  0.00000
     7     -6.7198  0.00000
     8     -6.4609  0.00000
     9     -5.5683  0.00000
    10     -2.0243  0.00000
    11     -2.0053  0.00000
    12     -1.0034  0.00000
    13     -0.9513  0.00000
    14      8.2045  0.00000
    15     15.1626  0.00000
    16     16.2478  0.00000
    17     16.4063  0.00000

 KPT          291  SPIN            1  KWEIGHT    3.3222591362126247E-003
     1    -19.3903  0.00000
     2    -18.5251  0.00000
     3    -10.8713  0.00000
     4     -8.0887  0.00000
     5     -7.9312  0.00000
     6     -7.1357  0.00000
     7     -6.7011  0.00000
     8     -6.4751  0.00000
     9     -5.5575  0.00000
    10     -2.0141  0.00000
    11     -1.9984  0.00000
    12     -1.0124  0.00000
    13     -0.9696  0.00000
    14      8.1893  0.00000
    15     15.1633  0.00000
    16     16.2901  0.00000
    17     16.4218  0.00000

 KPT          292  SPIN            1  KWEIGHT    3.3222591362126247E-003
     1    -19.3985  0.00000
     2    -18.5310  0.00000
     3    -10.8822  0.00000
     4     -8.0693  0.00000
     5     -7.9413  0.00000
     6     -7.0988  0.00000
     7     -6.6843  0.00000
     8     -6.4903  0.00000
     9     -5.5478  0.00000
    10     -2.0046  0.00000
    11     -1.9920  0.00000
    12     -1.0205  0.00000
    13     -0.9861  0.00000
    14      8.1753  0.00000
    15     15.1636  0.00000
    16     16.3285  0.00000
    17     16.4357  0.00000

 KPT          293  SPIN            1  KWEIGHT    3.3222591362126247E-003
     1    -19.4058  0.00000
     2    -18.5362  0.00000
     3    -10.8919  0.00000
     4     -8.0519  0.00000
     5     -7.9504  0.00000
     6     -7.0630  0.00000
     7     -6.6693  0.00000
     8     -6.5065  0.00000
     9     -5.5392  0.00000
    10     -1.9961  0.00000
    11     -1.9861  0.00000
    12     -1.0278  0.00000
    13     -1.0008  0.00000
    14      8.1626  0.00000
    15     15.1638  0.00000
    16     16.3630  0.00000
    17     16.4481  0.00000

 KPT          294  SPIN            1  KWEIGHT    3.3222591362126247E-003
     1    -19.4123  0.00000
     2    -18.5408  0.00000
     3    -10.9006  0.00000
     4     -8.0364  0.00000
     5     -7.9585  0.00000
     6     -7.0287  0.00000
     7     -6.6561  0.00000
     8     -6.5233  0.00000
     9     -5.5316  0.00000
    10     -1.9885  0.00000
    11     -1.9808  0.00000
    12     -1.0343  0.00000
    13     -1.0138  0.00000
    14      8.1513  0.00000
    15     15.1638  0.00000
    16     16.3935  0.00000
    17     16.4589  0.00000

 KPT          295  SPIN            1  KWEIGHT    3.3222591362126247E-003
     1    -19.4179  0.00000
     2    -18.5448  0.00000
     3    -10.9081  0.00000
     4     -8.0229  0.00000
     5     -7.9655  0.00000
     6     -6.9962  0.00000
     7     -6.6447  0.00000
     8     -6.5406  0.00000
     9     -5.5250  0.00000
    10     -1.9818  0.00000
    11     -1.9761  0.00000
    12     -1.0400  0.00000
    13     -1.0249  0.00000
    14      8.1414  0.00000
    15     15.1637  0.00000
    16     16.4201  0.00000
    17     16.4683  0.00000

 KPT          296  SPIN            1  KWEIGHT    3.3222591362126247E-003
     1    -19.4226  0.00000
     2    -18.5482  0.00000
     3    -10.9145  0.00000
     4     -8.0114  0.00000
     5     -7.9714  0.00000
     6     -6.9660  0.00000
     7     -6.6351  0.00000
     8     -6.5578  0.00000
     9     -5.5195  0.00000
    10     -1.9761  0.00000
    11     -1.9721  0.00000
    12     -1.0448  0.00000
    13     -1.0344  0.00000
    14      8.1329  0.00000
    15     15.1635  0.00000
    16     16.4426  0.00000
    17     16.4761  0.00000

 KPT          297  SPIN            1  KWEIGHT    3.3222591362126247E-003
     1    -19.4265  0.00000
     2    -18.5510  0.00000
     3    -10.9197  0.00000
     4     -8.0019  0.00000
     5     -7.9763  0.00000
     6     -6.9387  0.00000
     7     -6.6273  0.00000
     8     -6.5745  0.00000
     9     -5.5151  0.00000
    10     -1.9714  0.00000
    11     -1.9688  0.00000
    12     -1.0487  0.00000
    13     -1.0421  0.00000
    14      8.1259  0.00000
    15     15.1633  0.00000
    16     16.4610  0.00000
    17     16.4826  0.00000

 KPT          298  SPIN            1  KWEIGHT    3.3222591362126247E-003
     1    -19.4295  0.00000
     2    -18.5532  0.00000
     3    -10.9238  0.00000
     4     -7.9945  0.00000
     5     -7.9801  0.00000
     6     -6.9153  0.00000
     7     -6.6212  0.00000
     8     -6.5896  0.00000
     9     -5.5116  0.00000
    10     -1.9677  0.00000
    11     -1.9662  0.00000
    12     -1.0517  0.00000
    13     -1.0480  0.00000
    14      8.1205  0.00000
    15     15.1631  0.00000
    16     16.4754  0.00000
    17     16.4875  0.00000

 KPT          299  SPIN            1  KWEIGHT    3.3222591362126247E-003
     1    -19.4317  0.00000
     2    -18.5547  0.00000
     3    -10.9267  0.00000
     4     -7.9893  0.00000
     5     -7.9829  0.00000
     6     -6.8968  0.00000
     7     -6.6169  0.00000
     8     -6.6021  0.00000
     9     -5.5091  0.00000
    10     -1.9650  0.00000
    11     -1.9644  0.00000
    12     -1.0539  0.00000
    13     -1.0523  0.00000
    14      8.1166  0.00000
    15     15.1630  0.00000
    16     16.4857  0.00000
    17     16.4911  0.00000

 KPT          300  SPIN            1  KWEIGHT    3.3222591362126247E-003
     1    -19.4330  0.00000
     2    -18.5556  0.00000
     3    -10.9285  0.00000
     4     -7.9861  0.00000
     5     -7.9845  0.00000
     6     -6.8849  0.00000
     7     -6.6143  0.00000
     8     -6.6105  0.00000
     9     -5.5076  0.00000
    10     -1.9634  0.00000
    11     -1.9633  0.00000
    12     -1.0553  0.00000
    13     -1.0548  0.00000
    14      8.1142  0.00000
    15     15.1629  0.00000
    16     16.4919  0.00000
    17     16.4932  0.00000

 KPT          301  SPIN            1  KWEIGHT    3.3222591362126247E-003
     1    -19.4334  0.00000
     2    -18.5559  0.00000
     3    -10.9290  0.00000
     4     -7.9850  0.00000
     5     -7.9850  0.00000
     6     -6.8808  0.00000
     7     -6.6134  0.00000
     8     -6.6134  0.00000
     9     -5.5071  0.00000
    10     -1.9629  0.00000
    11     -1.9629  0.00000
    12     -1.0557  0.00000
    13     -1.0557  0.00000
    14      8.1134  0.00000
    15     15.1628  0.00000
    16     16.4939  0.00000
    17     16.4939  0.00000

